{
  "passages": [
    {
      "text": "<i>Встреча родительского клуба проходила в пятницу вечером. Занятий в субботу у вас не было и чувствовали вы себя свободно.</i>\n---\n[[Место проведения находилось в трёхэтажном здании бывшего завода Буревестник, производившего запчасти для комбайнов по уборке риса. Коридоры пережили частичный ремонт и стали отдалённо напоминать современные офисные.]]",
      "links": [
        {
          "name": "Место проведения находилось в трёхэтажном здании бывшего завода Буревестник, производившего запчасти для комбайнов по уборке риса. Коридоры пережили частичный ремонт и стали отдалённо напоминать современные офисные.",
          "link": "Место проведения находилось в трёхэтажном здании бывшего завода Буревестник, производившего запчасти для комбайнов по уборке риса. Коридоры пережили частичный ремонт и стали отдалённо напоминать современные офисные.",
          "pid": "2"
        }
      ],
      "name": "Принимающий родитель 1",
      "pid": "1",
      "position": {
        "x": "50",
        "y": "300"
      },
      "tags": [
        "t:sp"
      ]
    },
    {
      "text": "<i>Место проведения находилось в трёхэтажном здании бывшего завода Буревестник, производившего запчасти для комбайнов по уборке риса. Коридоры пережили частичный ремонт и стали отдалённо напоминать современные офисные.</i>\n---\n[[На мероприятии были одни женщины средних лет. Похоже, большинство давно знало друг друга. Было видно, что вам рады и они, как и вы, немного стесняются и ждут начала мероприятия, чтобы представиться.]]",
      "links": [
        {
          "name": "На мероприятии были одни женщины средних лет. Похоже, большинство давно знало друг друга. Было видно, что вам рады и они, как и вы, немного стесняются и ждут начала мероприятия, чтобы представиться.",
          "link": "На мероприятии были одни женщины средних лет. Похоже, большинство давно знало друг друга. Было видно, что вам рады и они, как и вы, немного стесняются и ждут начала мероприятия, чтобы представиться.",
          "pid": "3"
        }
      ],
      "name": "Место проведения находилось в трёхэтажном здании бывшего завода Буревестник, производившего запчасти для комбайнов по уборке риса. Коридоры пережили частичный ремонт и стали отдалённо напоминать современные офисные.",
      "pid": "2",
      "position": {
        "x": "225",
        "y": "300"
      },
      "tags": [
        "t:p"
      ]
    },
    {
      "text": "<i>На мероприятии были одни женщины средних лет. Похоже, большинство давно знало друг друга. Было видно, что вам рады и они, как и вы, немного стесняются и ждут начала мероприятия, чтобы представиться.</i>\n---\n[[К сожалению, на встрече группы вы не задержались. Пришла новая мама в слезах. Остальные члены группы принялись её утешать. И вы решили потихоньку уйти, чтобы не мешать человеку выплакаться и прийти в себя.]]",
      "links": [
        {
          "name": "К сожалению, на встрече группы вы не задержались. Пришла новая мама в слезах. Остальные члены группы принялись её утешать. И вы решили потихоньку уйти, чтобы не мешать человеку выплакаться и прийти в себя.",
          "link": "К сожалению, на встрече группы вы не задержались. Пришла новая мама в слезах. Остальные члены группы принялись её утешать. И вы решили потихоньку уйти, чтобы не мешать человеку выплакаться и прийти в себя.",
          "pid": "4"
        }
      ],
      "name": "На мероприятии были одни женщины средних лет. Похоже, большинство давно знало друг друга. Было видно, что вам рады и они, как и вы, немного стесняются и ждут начала мероприятия, чтобы представиться.",
      "pid": "3",
      "position": {
        "x": "400",
        "y": "300"
      },
      "tags": [
        "t:p"
      ]
    },
    {
      "text": "<i>К сожалению, на встрече группы вы не задержались. Пришла новая мама в слезах. Остальные члены группы принялись её утешать. И вы решили потихоньку уйти, чтобы не мешать человеку выплакаться и прийти в себя.</i>\n---\n[[Перед уходом женщина, представившаяся Людмилой, одной из организаторок, подошла к вам.]]",
      "links": [
        {
          "name": "Перед уходом женщина, представившаяся Людмилой, одной из организаторок, подошла к вам.",
          "link": "Перед уходом женщина, представившаяся Людмилой, одной из организаторок, подошла к вам.",
          "pid": "5"
        }
      ],
      "name": "К сожалению, на встрече группы вы не задержались. Пришла новая мама в слезах. Остальные члены группы принялись её утешать. И вы решили потихоньку уйти, чтобы не мешать человеку выплакаться и прийти в себя.",
      "pid": "4",
      "position": {
        "x": "575",
        "y": "300"
      },
      "tags": [
        "t:p"
      ]
    },
    {
      "text": "<i>Перед уходом женщина, представившаяся Людмилой, одной из организаторок, подошла к вам.</i>\n---\n[[— Извини, что так получилось. Мы должны прежде позаботиться о Светлане. Она только узнала про сына. Она крепилась, но нервы взяли своё.]]",
      "links": [
        {
          "name": "— Извини, что так получилось. Мы должны прежде позаботиться о Светлане. Она только узнала про сына. Она крепилась, но нервы взяли своё.",
          "link": "— Извини, что так получилось. Мы должны прежде позаботиться о Светлане. Она только узнала про сына. Она крепилась, но нервы взяли своё.",
          "pid": "6"
        }
      ],
      "name": "Перед уходом женщина, представившаяся Людмилой, одной из организаторок, подошла к вам.",
      "pid": "5",
      "position": {
        "x": "750",
        "y": "300"
      },
      "tags": [
        "t:p"
      ]
    },
    {
      "text": "— Извини, что так получилось. Мы должны прежде позаботиться о Светлане. Она только узнала про сына. Она крепилась, но нервы взяли своё.\n---\n[[— Скажи, могу ли я тебе помочь?]]",
      "links": [
        {
          "name": "— Скажи, могу ли я тебе помочь?",
          "link": "— Скажи, могу ли я тебе помочь?",
          "pid": "7"
        }
      ],
      "name": "— Извини, что так получилось. Мы должны прежде позаботиться о Светлане. Она только узнала про сына. Она крепилась, но нервы взяли своё.",
      "pid": "6",
      "position": {
        "x": "921",
        "y": "300"
      },
      "tags": [
        "t:p",
        "setReaction:accepting-parent-sympathy"
      ]
    },
    {
      "text": "— Скажи, могу ли я тебе помочь?\n---\n[[— Я бы хотел поговорить с родителем, который принял своего ЛГБТК+ ребёнка.]]",
      "links": [
        {
          "name": "— Я бы хотел поговорить с родителем, который принял своего ЛГБТК+ ребёнка.",
          "link": "— Я бы хотел поговорить с родителем, который принял своего ЛГБТК+ ребёнка.",
          "pid": "8"
        }
      ],
      "name": "— Скажи, могу ли я тебе помочь?",
      "pid": "7",
      "position": {
        "x": "1100",
        "y": "300"
      },
      "tags": [
        "t:p"
      ]
    },
    {
      "text": "— Я бы хотел поговорить с родителем, который принял своего ЛГБТК+ ребёнка.\n---\n[[— Если не против, то приходи ко мне домой завтра. Попьём чай. Попробую ответить на твои вопросы.]]",
      "links": [
        {
          "name": "— Если не против, то приходи ко мне домой завтра. Попьём чай. Попробую ответить на твои вопросы.",
          "link": "— Если не против, то приходи ко мне домой завтра. Попьём чай. Попробую ответить на твои вопросы.",
          "pid": "9"
        }
      ],
      "name": "— Я бы хотел поговорить с родителем, который принял своего ЛГБТК+ ребёнка.",
      "pid": "8",
      "position": {
        "x": "1275",
        "y": "300"
      },
      "tags": [
        "t:h"
      ]
    },
    {
      "text": "— Если не против, то приходи ко мне домой завтра. Попьём чай. Попробую ответить на твои вопросы.\n---\n[[— Буду рад. А так можно?]]",
      "links": [
        {
          "name": "— Буду рад. А так можно?",
          "link": "— Буду рад. А так можно?",
          "pid": "10"
        }
      ],
      "name": "— Если не против, то приходи ко мне домой завтра. Попьём чай. Попробую ответить на твои вопросы.",
      "pid": "9",
      "position": {
        "x": "1450",
        "y": "300"
      },
      "tags": [
        "t:p"
      ]
    },
    {
      "text": "— Буду рад. А так можно?\n---\n[[— Не переживай. Мне не помешала бы компания в ближайшие дни. И новый рецепт пирога на ком-то надо проверить.]]",
      "links": [
        {
          "name": "— Не переживай. Мне не помешала бы компания в ближайшие дни. И новый рецепт пирога на ком-то надо проверить.",
          "link": "— Не переживай. Мне не помешала бы компания в ближайшие дни. И новый рецепт пирога на ком-то надо проверить.",
          "pid": "11"
        }
      ],
      "name": "— Буду рад. А так можно?",
      "pid": "10",
      "position": {
        "x": "1625",
        "y": "300"
      },
      "tags": [
        "t:h"
      ]
    },
    {
      "text": "— Не переживай. Мне не помешала бы компания в ближайшие дни. И новый рецепт пирога на ком-то надо проверить.\n---\n[[Вы обменялись контактами. Оказалось, мамочка жила недалеко от общаги. Вы за десять минут добрались до её дома. Уже на этаже вы почувствовали запах выпечки.]]",
      "links": [
        {
          "name": "Вы обменялись контактами. Оказалось, мамочка жила недалеко от общаги. Вы за десять минут добрались до её дома. Уже на этаже вы почувствовали запах выпечки.",
          "link": "Вы обменялись контактами. Оказалось, мамочка жила недалеко от общаги. Вы за десять минут добрались до её дома. Уже на этаже вы почувствовали запах выпечки.",
          "pid": "12"
        }
      ],
      "name": "— Не переживай. Мне не помешала бы компания в ближайшие дни. И новый рецепт пирога на ком-то надо проверить.",
      "pid": "11",
      "position": {
        "x": "1800",
        "y": "300"
      },
      "tags": [
        "t:p",
        "setReaction:accepting-parent-main"
      ]
    },
    {
      "text": "<i>Вы обменялись контактами. Оказалось, мамочка жила недалеко от общаги. Вы за десять минут добрались до её дома. Уже на этаже вы почувствовали запах выпечки.</i>\n---\n[[Вас встретил мохнатый пёс с невинной физиономией, ткнулся вам в ноги, чихнул и ретировался в зал. Хозяйка позвала с кухни.]]",
      "links": [
        {
          "name": "Вас встретил мохнатый пёс с невинной физиономией, ткнулся вам в ноги, чихнул и ретировался в зал. Хозяйка позвала с кухни.",
          "link": "Вас встретил мохнатый пёс с невинной физиономией, ткнулся вам в ноги, чихнул и ретировался в зал. Хозяйка позвала с кухни.",
          "pid": "13"
        }
      ],
      "name": "Вы обменялись контактами. Оказалось, мамочка жила недалеко от общаги. Вы за десять минут добрались до её дома. Уже на этаже вы почувствовали запах выпечки.",
      "pid": "12",
      "position": {
        "x": "1975",
        "y": "300"
      },
      "tags": [
        "t:p"
      ]
    },
    {
      "text": "<i>Вас встретил мохнатый пёс с невинной физиономией, ткнулся вам в ноги, чихнул и ретировался в зал. Хозяйка позвала с кухни.</i>\n---\n[[— Стол накрыт!]]",
      "links": [
        {
          "name": "— Стол накрыт!",
          "link": "— Стол накрыт!",
          "pid": "14"
        }
      ],
      "name": "Вас встретил мохнатый пёс с невинной физиономией, ткнулся вам в ноги, чихнул и ретировался в зал. Хозяйка позвала с кухни.",
      "pid": "13",
      "position": {
        "x": "2150",
        "y": "300"
      },
      "tags": [
        "t:p"
      ]
    },
    {
      "text": "— Стол накрыт!\n---\n[[Полчаса вы вели светскую беседу с набитым ртом.]]",
      "links": [
        {
          "name": "Полчаса вы вели светскую беседу с набитым ртом.",
          "link": "Полчаса вы вели светскую беседу с набитым ртом.",
          "pid": "15"
        }
      ],
      "name": "— Стол накрыт!",
      "pid": "14",
      "position": {
        "x": "2325",
        "y": "300"
      },
      "tags": [
        "t:p"
      ]
    },
    {
      "text": "<i>Полчаса вы вели светскую беседу с набитым ртом.</i>\n---\n[[— Как пирог?]]",
      "links": [
        {
          "name": "— Как пирог?",
          "link": "— Как пирог?",
          "pid": "16"
        }
      ],
      "name": "Полчаса вы вели светскую беседу с набитым ртом.",
      "pid": "15",
      "position": {
        "x": "2500",
        "y": "300"
      },
      "tags": [
        "t:p"
      ]
    },
    {
      "text": "— Как пирог?\n---\n[[— Лучше, чем в моём любимом кафе!]]",
      "links": [
        {
          "name": "— Лучше, чем в моём любимом кафе!",
          "link": "— Лучше, чем в моём любимом кафе!",
          "pid": "17"
        }
      ],
      "name": "— Как пирог?",
      "pid": "16",
      "position": {
        "x": "2675",
        "y": "300"
      },
      "tags": [
        "t:p"
      ]
    },
    {
      "text": "— Лучше, чем в моём любимом кафе!\n---\n[[— Любимый пирог Кирилла. И рецепт его. Надеюсь, перекусил? Спрашивай теперь.]]",
      "links": [
        {
          "name": "— Любимый пирог Кирилла. И рецепт его. Надеюсь, перекусил? Спрашивай теперь.",
          "link": "— Любимый пирог Кирилла. И рецепт его. Надеюсь, перекусил? Спрашивай теперь.",
          "pid": "18"
        }
      ],
      "name": "— Лучше, чем в моём любимом кафе!",
      "pid": "17",
      "position": {
        "x": "2850",
        "y": "300"
      },
      "tags": [
        "t:h"
      ]
    },
    {
      "text": "— Любимый пирог Кирилла. И рецепт его. Надеюсь, перекусил? Спрашивай теперь.\n---\n[[— Я хочу признаться родителям, но у меня нет примера положительной истории камин-аута среди знакомых, поэтому сложно поверить в положительный результат.]]\n[[— Хочу понять, что чувствуют родители, когда их дети признаются.]]",
      "links": [
        {
          "name": "— Я хочу признаться родителям, но у меня нет примера положительной истории камин-аута среди знакомых, поэтому сложно поверить в положительный результат.",
          "link": "— Я хочу признаться родителям, но у меня нет примера положительной истории камин-аута среди знакомых, поэтому сложно поверить в положительный результат.",
          "pid": "19"
        },
        {
          "name": "— Хочу понять, что чувствуют родители, когда их дети признаются.",
          "link": "— Хочу понять, что чувствуют родители, когда их дети признаются.",
          "pid": "20"
        }
      ],
      "name": "— Любимый пирог Кирилла. И рецепт его. Надеюсь, перекусил? Спрашивай теперь.",
      "pid": "18",
      "position": {
        "x": "3025",
        "y": "300"
      },
      "tags": [
        "t:p"
      ]
    },
    {
      "text": "— Я хочу признаться родителям, но у меня нет примера положительной истории камин-аута среди знакомых, поэтому сложно поверить в положительный результат.\n---\n[[— Умно, молодой человек, с твоей стороны обратиться к нам. И приятно.]]",
      "links": [
        {
          "name": "— Умно, молодой человек, с твоей стороны обратиться к нам. И приятно.",
          "link": "— Умно, молодой человек, с твоей стороны обратиться к нам. И приятно.",
          "pid": "21"
        }
      ],
      "name": "— Я хочу признаться родителям, но у меня нет примера положительной истории камин-аута среди знакомых, поэтому сложно поверить в положительный результат.",
      "pid": "19",
      "position": {
        "x": "3200",
        "y": "200"
      },
      "tags": [
        "t:h"
      ]
    },
    {
      "text": "— Хочу понять, что чувствуют родители, когда их дети признаются.\n---\n[[— Умно, молодой человек, с твоей стороны обратиться к нам. И приятно.]]",
      "links": [
        {
          "name": "— Умно, молодой человек, с твоей стороны обратиться к нам. И приятно.",
          "link": "— Умно, молодой человек, с твоей стороны обратиться к нам. И приятно.",
          "pid": "21"
        }
      ],
      "name": "— Хочу понять, что чувствуют родители, когда их дети признаются.",
      "pid": "20",
      "position": {
        "x": "3200",
        "y": "400"
      },
      "tags": [
        "t:h"
      ]
    },
    {
      "text": "— Умно, молодой человек, с твоей стороны обратиться к нам. И приятно.\n---\n[[— Как произошло у вас с Кириллом?]]",
      "links": [
        {
          "name": "— Как произошло у вас с Кириллом?",
          "link": "— Как произошло у вас с Кириллом?",
          "pid": "22"
        }
      ],
      "name": "— Умно, молодой человек, с твоей стороны обратиться к нам. И приятно.",
      "pid": "21",
      "position": {
        "x": "3375",
        "y": "300"
      },
      "tags": [
        "t:p"
      ]
    },
    {
      "text": "— Как произошло у вас с Кириллом?\n---\n[[— Моего Ваня зовут. Сейчас объясню.]]",
      "links": [
        {
          "name": "— Моего Ваня зовут. Сейчас объясню.",
          "link": "— Моего Ваня зовут. Сейчас объясню.",
          "pid": "23"
        }
      ],
      "name": "— Как произошло у вас с Кириллом?",
      "pid": "22",
      "position": {
        "x": "3550",
        "y": "300"
      },
      "tags": [
        "t:h"
      ]
    },
    {
      "text": "— Моего Ваня зовут. Сейчас объясню.\n---\n[[— Моему сыну было двадцать, когда он признался. Он, как помню, начал с «Мама, я могу тебя очень расстроить, но не хочу больше врать и скрываться».]]",
      "links": [
        {
          "name": "— Моему сыну было двадцать, когда он признался. Он, как помню, начал с «Мама, я могу тебя очень расстроить, но не хочу больше врать и скрываться».",
          "link": "— Моему сыну было двадцать, когда он признался. Он, как помню, начал с «Мама, я могу тебя очень расстроить, но не хочу больше врать и скрываться».",
          "pid": "24"
        }
      ],
      "name": "— Моего Ваня зовут. Сейчас объясню.",
      "pid": "23",
      "position": {
        "x": "3725",
        "y": "300"
      },
      "tags": [
        "t:p"
      ]
    },
    {
      "text": "— Моему сыну было двадцать, когда он признался. Он, как помню, начал с «Мама, я могу тебя очень расстроить, но не хочу больше врать и скрываться».\n---\n[[— У меня много мыслей промелькнуло в голове. И то, что он болеет или совершил непоправимое, или у него девушка забеременела.]]",
      "links": [
        {
          "name": "— У меня много мыслей промелькнуло в голове. И то, что он болеет или совершил непоправимое, или у него девушка забеременела.",
          "link": "— У меня много мыслей промелькнуло в голове. И то, что он болеет или совершил непоправимое, или у него девушка забеременела.",
          "pid": "25"
        }
      ],
      "name": "— Моему сыну было двадцать, когда он признался. Он, как помню, начал с «Мама, я могу тебя очень расстроить, но не хочу больше врать и скрываться».",
      "pid": "24",
      "position": {
        "x": "3900",
        "y": "300"
      },
      "tags": [
        "t:p"
      ]
    },
    {
      "text": "— У меня много мыслей промелькнуло в голове. И то, что он болеет или совершил непоправимое, или у него девушка забеременела.\n---\n[[— Вот как? Интересно.]]",
      "links": [
        {
          "name": "— Вот как? Интересно.",
          "link": "— Вот как? Интересно.",
          "pid": "26"
        }
      ],
      "name": "— У меня много мыслей промелькнуло в голове. И то, что он болеет или совершил непоправимое, или у него девушка забеременела.",
      "pid": "25",
      "position": {
        "x": "4075",
        "y": "300"
      },
      "tags": [
        "t:p"
      ]
    },
    {
      "text": "— Вот как? Интересно.\n---\n[[— Парень он был обычный, компанейский, легко делился со мной проблемами и радостями, но к 15 годам стал замкнутым. И со мной и с его отцом. Я подозревала, что он гей. Правда, сбивали с толку его романтические отношения с девушками.]]",
      "links": [
        {
          "name": "— Парень он был обычный, компанейский, легко делился со мной проблемами и радостями, но к 15 годам стал замкнутым. И со мной и с его отцом. Я подозревала, что он гей. Правда, сбивали с толку его романтические отношения с девушками.",
          "link": "— Парень он был обычный, компанейский, легко делился со мной проблемами и радостями, но к 15 годам стал замкнутым. И со мной и с его отцом. Я подозревала, что он гей. Правда, сбивали с толку его романтические отношения с девушками.",
          "pid": "27"
        }
      ],
      "name": "— Вот как? Интересно.",
      "pid": "26",
      "position": {
        "x": "4250",
        "y": "300"
      },
      "tags": [
        "t:h"
      ]
    },
    {
      "text": "— Парень он был обычный, компанейский, легко делился со мной проблемами и радостями, но к 15 годам стал замкнутым. И со мной и с его отцом. Я подозревала, что он гей. Правда, сбивали с толку его романтические отношения с девушками.\n---\n[[— А почему были подозрения?]]",
      "links": [
        {
          "name": "— А почему были подозрения?",
          "link": "— А почему были подозрения?",
          "pid": "28"
        }
      ],
      "name": "— Парень он был обычный, компанейский, легко делился со мной проблемами и радостями, но к 15 годам стал замкнутым. И со мной и с его отцом. Я подозревала, что он гей. Правда, сбивали с толку его романтические отношения с девушками.",
      "pid": "27",
      "position": {
        "x": "4425",
        "y": "300"
      },
      "tags": [
        "t:p"
      ]
    },
    {
      "text": "— А почему были подозрения?\n---\n[[— Тогда в СМИ как раз интенсивно обсуждали «угрозу западной гомопропаганды» нашему подрастающему поколению. И мой мальчик был особенно нежен со своими приятелями, словно ухаживал. Пару раз я почти заставала его за поцелуями с парнями.]]",
      "links": [
        {
          "name": "— Тогда в СМИ как раз интенсивно обсуждали «угрозу западной гомопропаганды» нашему подрастающему поколению. И мой мальчик был особенно нежен со своими приятелями, словно ухаживал. Пару раз я почти заставала его за поцелуями с парнями.",
          "link": "— Тогда в СМИ как раз интенсивно обсуждали «угрозу западной гомопропаганды» нашему подрастающему поколению. И мой мальчик был особенно нежен со своими приятелями, словно ухаживал. Пару раз я почти заставала его за поцелуями с парнями.",
          "pid": "29"
        }
      ],
      "name": "— А почему были подозрения?",
      "pid": "28",
      "position": {
        "x": "4600",
        "y": "300"
      },
      "tags": [
        "t:h"
      ]
    },
    {
      "text": "— Тогда в СМИ как раз интенсивно обсуждали «угрозу западной гомопропаганды» нашему подрастающему поколению. И мой мальчик был особенно нежен со своими приятелями, словно ухаживал. Пару раз я почти заставала его за поцелуями с парнями.\n---\n[[— А как вы представляли геев?]]",
      "links": [
        {
          "name": "— А как вы представляли геев?",
          "link": "— А как вы представляли геев?",
          "pid": "30"
        }
      ],
      "name": "— Тогда в СМИ как раз интенсивно обсуждали «угрозу западной гомопропаганды» нашему подрастающему поколению. И мой мальчик был особенно нежен со своими приятелями, словно ухаживал. Пару раз я почти заставала его за поцелуями с парнями.",
      "pid": "29",
      "position": {
        "x": "4775",
        "y": "300"
      },
      "tags": [
        "t:p"
      ]
    },
    {
      "text": "— А как вы представляли геев?\n---\n[[— Очень женственными и жеманными (ничего не имею против). Это теперь я знаю, что вы бываете разными, а тогда картинка расфуфыренного полуголого павлина стояла перед глазами. Гей в моём представлении был Сердючкой или Шурой-Моисеевым. Про молодых певцов, актеров и активистов не знала.]]",
      "links": [
        {
          "name": "— Очень женственными и жеманными (ничего не имею против). Это теперь я знаю, что вы бываете разными, а тогда картинка расфуфыренного полуголого павлина стояла перед глазами. Гей в моём представлении был Сердючкой или Шурой-Моисеевым. Про молодых певцов, актеров и активистов не знала.",
          "link": "— Очень женственными и жеманными (ничего не имею против). Это теперь я знаю, что вы бываете разными, а тогда картинка расфуфыренного полуголого павлина стояла перед глазами. Гей в моём представлении был Сердючкой или Шурой-Моисеевым. Про молодых певцов, актеров и активистов не знала.",
          "pid": "31"
        }
      ],
      "name": "— А как вы представляли геев?",
      "pid": "30",
      "position": {
        "x": "4950",
        "y": "300"
      },
      "tags": [
        "t:h"
      ]
    },
    {
      "text": "— Очень женственными и жеманными (ничего не имею против). Это теперь я знаю, что вы бываете разными, а тогда картинка расфуфыренного полуголого павлина стояла перед глазами. Гей в моём представлении был Сердючкой или Шурой-Моисеевым. Про молодых певцов, актеров и активистов не знала.\n---\n[[— Примеры звёзд из зарубежья ограничивались Меркьюри, умершим от СПИДа, Джордж Майклом с туалетным скандалом. Эксцентричным Элтоном Джоном. И это богатые и знаменитые люди, которые жили в другой реальности и могли, как я думала, себе позволить любые «привычки». А тут дома случилось. Младшенький сын. Горе.]]",
      "links": [
        {
          "name": "— Примеры звёзд из зарубежья ограничивались Меркьюри, умершим от СПИДа, Джордж Майклом с туалетным скандалом. Эксцентричным Элтоном Джоном. И это богатые и знаменитые люди, которые жили в другой реальности и могли, как я думала, себе позволить любые «привычки». А тут дома случилось. Младшенький сын. Горе.",
          "link": "— Примеры звёзд из зарубежья ограничивались Меркьюри, умершим от СПИДа, Джордж Майклом с туалетным скандалом. Эксцентричным Элтоном Джоном. И это богатые и знаменитые люди, которые жили в другой реальности и могли, как я думала, себе позволить любые «привычки». А тут дома случилось. Младшенький сын. Горе.",
          "pid": "32"
        }
      ],
      "name": "— Очень женственными и жеманными (ничего не имею против). Это теперь я знаю, что вы бываете разными, а тогда картинка расфуфыренного полуголого павлина стояла перед глазами. Гей в моём представлении был Сердючкой или Шурой-Моисеевым. Про молодых певцов, актеров и активистов не знала.",
      "pid": "31",
      "position": {
        "x": "5125",
        "y": "300"
      },
      "tags": [
        "t:p"
      ]
    },
    {
      "text": "— Примеры звёзд из зарубежья ограничивались Меркьюри, умершим от СПИДа, Джордж Майклом с туалетным скандалом. Эксцентричным Элтоном Джоном. И это богатые и знаменитые люди, которые жили в другой реальности и могли, как я думала, себе позволить любые «привычки». А тут дома случилось. Младшенький сын. Горе.\n---\n[[— Что он вам сказал? Почему решил признаться?]]",
      "links": [
        {
          "name": "— Что он вам сказал? Почему решил признаться?",
          "link": "— Что он вам сказал? Почему решил признаться?",
          "pid": "33"
        }
      ],
      "name": "— Примеры звёзд из зарубежья ограничивались Меркьюри, умершим от СПИДа, Джордж Майклом с туалетным скандалом. Эксцентричным Элтоном Джоном. И это богатые и знаменитые люди, которые жили в другой реальности и могли, как я думала, себе позволить любые «привычки». А тут дома случилось. Младшенький сын. Горе.",
      "pid": "32",
      "position": {
        "x": "5300",
        "y": "300"
      },
      "tags": [
        "t:p"
      ]
    },
    {
      "text": "— Что он вам сказал? Почему решил признаться?\n---\n[[— Он сказал, что бисексуален, но уже год в отношениях с одним парнем и это для него серьёзно. Хотел его представить мне и отцу.]]",
      "links": [
        {
          "name": "— Он сказал, что бисексуален, но уже год в отношениях с одним парнем и это для него серьёзно. Хотел его представить мне и отцу.",
          "link": "— Он сказал, что бисексуален, но уже год в отношениях с одним парнем и это для него серьёзно. Хотел его представить мне и отцу.",
          "pid": "34"
        }
      ],
      "name": "— Что он вам сказал? Почему решил признаться?",
      "pid": "33",
      "position": {
        "x": "5475",
        "y": "300"
      },
      "tags": [
        "t:h"
      ]
    },
    {
      "text": "— Он сказал, что бисексуален, но уже год в отношениях с одним парнем и это для него серьёзно. Хотел его представить мне и отцу.\n---\n[[— Что вы почувствовали? Cказали?]]",
      "links": [
        {
          "name": "— Что вы почувствовали? Cказали?",
          "link": "— Что вы почувствовали? Cказали?",
          "pid": "35"
        }
      ],
      "name": "— Он сказал, что бисексуален, но уже год в отношениях с одним парнем и это для него серьёзно. Хотел его представить мне и отцу.",
      "pid": "34",
      "position": {
        "x": "5650",
        "y": "300"
      },
      "tags": [
        "t:p"
      ]
    },
    {
      "text": "— Что вы почувствовали? Cказали?\n---\n[[— Моё сердце ухнуло в пятки. Хотелось плакать, кричать и пытаться переубедить Ваньку. Он продолжал говорить. Сказал «Я понимаю, у тебя шок. Я тебя люблю и уважаю. Это не блажь. Задавай любые вопросы. Я рядом. Не изменился. Только теперь ты будешь знать меня чуть лучше.» Я попросила сына побыть одной. Ночь не спала. Вместе по его предложению на завтра мы сходили к психотерапевтке, я после посещала её в течение месяца раз в неделю, а потом я пришла в группу родителей ЛГБТК+ детей.]]",
      "links": [
        {
          "name": "— Моё сердце ухнуло в пятки. Хотелось плакать, кричать и пытаться переубедить Ваньку. Он продолжал говорить. Сказал «Я понимаю, у тебя шок. Я тебя люблю и уважаю. Это не блажь. Задавай любые вопросы. Я рядом. Не изменился. Только теперь ты будешь знать меня чуть лучше.» Я попросила сына побыть одной. Ночь не спала. Вместе по его предложению на завтра мы сходили к психотерапевтке, я после посещала её в течение месяца раз в неделю, а потом я пришла в группу родителей ЛГБТК+ детей.",
          "link": "— Моё сердце ухнуло в пятки. Хотелось плакать, кричать и пытаться переубедить Ваньку. Он продолжал говорить. Сказал «Я понимаю, у тебя шок. Я тебя люблю и уважаю. Это не блажь. Задавай любые вопросы. Я рядом. Не изменился. Только теперь ты будешь знать меня чуть лучше.» Я попросила сына побыть одной. Ночь не спала. Вместе по его предложению на завтра мы сходили к психотерапевтке, я после посещала её в течение месяца раз в неделю, а потом я пришла в группу родителей ЛГБТК+ детей.",
          "pid": "36"
        }
      ],
      "name": "— Что вы почувствовали? Cказали?",
      "pid": "35",
      "position": {
        "x": "5825",
        "y": "300"
      },
      "tags": [
        "t:h"
      ]
    },
    {
      "text": "— Моё сердце ухнуло в пятки. Хотелось плакать, кричать и пытаться переубедить Ваньку. Он продолжал говорить. Сказал «Я понимаю, у тебя шок. Я тебя люблю и уважаю. Это не блажь. Задавай любые вопросы. Я рядом. Не изменился. Только теперь ты будешь знать меня чуть лучше.»\n---\n[[— Я попросила сына побыть одной. Ночь не спала. Вместе по его предложению на завтра мы сходили к психотерапевтке, я после посещала её в течение месяца раз в неделю, а потом я пришла в группу родителей ЛГБТК+ детей.]]",
      "links": [
        {
          "name": "— Я попросила сына побыть одной. Ночь не спала. Вместе по его предложению на завтра мы сходили к психотерапевтке, я после посещала её в течение месяца раз в неделю, а потом я пришла в группу родителей ЛГБТК+ детей.",
          "link": "— Я попросила сына побыть одной. Ночь не спала. Вместе по его предложению на завтра мы сходили к психотерапевтке, я после посещала её в течение месяца раз в неделю, а потом я пришла в группу родителей ЛГБТК+ детей.",
          "pid": "39"
        }
      ],
      "name": "— Моё сердце ухнуло в пятки. Хотелось плакать, кричать и пытаться переубедить Ваньку. Он продолжал говорить. Сказал «Я понимаю, у тебя шок. Я тебя люблю и уважаю. Это не блажь. Задавай любые вопросы. Я рядом. Не изменился. Только теперь ты будешь знать меня чуть лучше.» Я попросила сына побыть одной. Ночь не спала. Вместе по его предложению на завтра мы сходили к психотерапевтке, я после посещала её в течение месяца раз в неделю, а потом я пришла в группу родителей ЛГБТК+ детей.",
      "pid": "36",
      "position": {
        "x": "6000",
        "y": "300"
      },
      "tags": [
        "t:p",
        "setReaction:accepting-parent-sad"
      ]
    },
    {
      "text": "— Что вас беспокоило?\n---\n[[— Я не ждала от Вани внуков, как мне казалось. При этом в голове с удивлением обнаружила конкретные представления, как должна сложится его жизнь и осознала, что они рухнули. Ни свадьбы, ни жены, ни обедов с родственниками. Ведь у него любимый парень и он верил, что это навсегда. Потихоньку я приходила в себя. Начала понимать главное: я боюсь за его безопасность, здоровье, эмоциональное состояние, карьеру. Как ему будет житься в нашей стране? Впервые почувствовала, как здесь должно быть нелегко отличающимся.]]",
      "links": [
        {
          "name": "— Я не ждала от Вани внуков, как мне казалось. При этом в голове с удивлением обнаружила конкретные представления, как должна сложится его жизнь и осознала, что они рухнули. Ни свадьбы, ни жены, ни обедов с родственниками. Ведь у него любимый парень и он верил, что это навсегда. Потихоньку я приходила в себя. Начала понимать главное: я боюсь за его безопасность, здоровье, эмоциональное состояние, карьеру. Как ему будет житься в нашей стране? Впервые почувствовала, как здесь должно быть нелегко отличающимся.",
          "link": "— Я не ждала от Вани внуков, как мне казалось. При этом в голове с удивлением обнаружила конкретные представления, как должна сложится его жизнь и осознала, что они рухнули. Ни свадьбы, ни жены, ни обедов с родственниками. Ведь у него любимый парень и он верил, что это навсегда. Потихоньку я приходила в себя. Начала понимать главное: я боюсь за его безопасность, здоровье, эмоциональное состояние, карьеру. Как ему будет житься в нашей стране? Впервые почувствовала, как здесь должно быть нелегко отличающимся.",
          "pid": "38"
        }
      ],
      "name": "— Что вас беспокоило?",
      "pid": "37",
      "position": {
        "x": "6350",
        "y": "300"
      },
      "tags": [
        "t:h"
      ]
    },
    {
      "text": "— Я не ждала от Вани внуков, как мне казалось. При этом в голове с удивлением обнаружила конкретные представления, как должна сложится его жизнь и осознала, что они рухнули. Ни свадьбы, ни жены, ни обедов с родственниками. Ведь у него любимый парень и он верил, что это навсегда.\n---\n[[— Потихоньку я приходила в себя. Начала понимать главное: я боюсь за его безопасность, здоровье, эмоциональное состояние, карьеру. Как ему будет житься в нашей стране? Впервые почувствовала, как здесь должно быть нелегко отличающимся.]]",
      "links": [
        {
          "name": "— Потихоньку я приходила в себя. Начала понимать главное: я боюсь за его безопасность, здоровье, эмоциональное состояние, карьеру. Как ему будет житься в нашей стране? Впервые почувствовала, как здесь должно быть нелегко отличающимся.",
          "link": "— Потихоньку я приходила в себя. Начала понимать главное: я боюсь за его безопасность, здоровье, эмоциональное состояние, карьеру. Как ему будет житься в нашей стране? Впервые почувствовала, как здесь должно быть нелегко отличающимся.",
          "pid": "40"
        }
      ],
      "name": "— Я не ждала от Вани внуков, как мне казалось. При этом в голове с удивлением обнаружила конкретные представления, как должна сложится его жизнь и осознала, что они рухнули. Ни свадьбы, ни жены, ни обедов с родственниками. Ведь у него любимый парень и он верил, что это навсегда. Потихоньку я приходила в себя. Начала понимать главное: я боюсь за его безопасность, здоровье, эмоциональное состояние, карьеру. Как ему будет житься в нашей стране? Впервые почувствовала, как здесь должно быть нелегко отличающимся.",
      "pid": "38",
      "position": {
        "x": "6525",
        "y": "300"
      },
      "tags": [
        "t:p"
      ]
    },
    {
      "text": "— Я попросила сына побыть одной. Ночь не спала. Вместе по его предложению на завтра мы сходили к психотерапевтке, я после посещала её в течение месяца раз в неделю, а потом я пришла в группу родителей ЛГБТК+ детей.\n---\n[[— Что вас беспокоило?]]",
      "links": [
        {
          "name": "— Что вас беспокоило?",
          "link": "— Что вас беспокоило?",
          "pid": "37"
        }
      ],
      "name": "— Я попросила сына побыть одной. Ночь не спала. Вместе по его предложению на завтра мы сходили к психотерапевтке, я после посещала её в течение месяца раз в неделю, а потом я пришла в группу родителей ЛГБТК+ детей.",
      "pid": "39",
      "position": {
        "x": "6175",
        "y": "300"
      },
      "tags": [
        "t:p"
      ]
    },
    {
      "text": "— Потихоньку я приходила в себя. Начала понимать главное: я боюсь за его безопасность, здоровье, эмоциональное состояние, карьеру. Как ему будет житься в нашей стране? Впервые почувствовала, как здесь должно быть нелегко отличающимся.\n---\n[[— Как у них с парнем складывалось?]]",
      "links": [
        {
          "name": "— Как у них с парнем складывалось?",
          "link": "— Как у них с парнем складывалось?",
          "pid": "41"
        }
      ],
      "name": "— Потихоньку я приходила в себя. Начала понимать главное: я боюсь за его безопасность, здоровье, эмоциональное состояние, карьеру. Как ему будет житься в нашей стране? Впервые почувствовала, как здесь должно быть нелегко отличающимся.",
      "pid": "40",
      "position": {
        "x": "6700",
        "y": "300"
      },
      "tags": [
        "t:p"
      ]
    },
    {
      "text": "— Как у них с парнем складывалось?\n---\n[[— Они встречались два года. Кирилл стал вхож к нам. Мне как сын стал.]]",
      "links": [
        {
          "name": "— Они встречались два года. Кирилл стал вхож к нам. Мне как сын стал.",
          "link": "— Они встречались два года. Кирилл стал вхож к нам. Мне как сын стал.",
          "pid": "42"
        }
      ],
      "name": "— Как у них с парнем складывалось?",
      "pid": "41",
      "position": {
        "x": "6875",
        "y": "300"
      },
      "tags": [
        "t:h"
      ]
    },
    {
      "text": "— Они встречались два года. Кирилл стал вхож к нам. Мне как сын стал.\n---\n[[— Вы плачете?]]",
      "links": [
        {
          "name": "— Вы плачете?",
          "link": "— Вы плачете?",
          "pid": "43"
        }
      ],
      "name": "— Они встречались два года. Кирилл стал вхож к нам. Мне как сын стал.",
      "pid": "42",
      "position": {
        "x": "7050",
        "y": "300"
      },
      "tags": [
        "t:p"
      ]
    },
    {
      "text": "— Вы плачете?\n---\n[[— Они расстались. Три года как.]]",
      "links": [
        {
          "name": "— Они расстались. Три года как.",
          "link": "— Они расстались. Три года как.",
          "pid": "44"
        }
      ],
      "name": "— Вы плачете?",
      "pid": "43",
      "position": {
        "x": "7225",
        "y": "300"
      },
      "tags": [
        "t:h"
      ]
    },
    {
      "text": "— Они расстались. Три года как.\n---\n[[— Кирилл до сих пор вспоминает Ваню. Никак не может найти ему замену.]]",
      "links": [
        {
          "name": "— Кирилл до сих пор вспоминает Ваню. Никак не может найти ему замену.",
          "link": "— Кирилл до сих пор вспоминает Ваню. Никак не может найти ему замену.",
          "pid": "45"
        }
      ],
      "name": "— Они расстались. Три года как.",
      "pid": "44",
      "position": {
        "x": "7400",
        "y": "300"
      },
      "tags": [
        "t:p"
      ]
    },
    {
      "text": "— Кирилл до сих пор вспоминает Ваню. Никак не может найти ему замену.\n---\n[[— Мой всегда был деловой колбасой. Умный и способный. Он хотел найти себя за рубежом, говорил, что перерос \"местный пруд\", и я ему не мешала. Понимала, у него одна жизнь. И вот Ваня решил уезжать навсегда, а Кирилл здесь остался.]]",
      "links": [
        {
          "name": "— Мой всегда был деловой колбасой. Умный и способный. Он хотел найти себя за рубежом, говорил, что перерос \"местный пруд\", и я ему не мешала. Понимала, у него одна жизнь. И вот Ваня решил уезжать навсегда, а Кирилл здесь остался.",
          "link": "— Мой всегда был деловой колбасой. Умный и способный. Он хотел найти себя за рубежом, говорил, что перерос \"местный пруд\", и я ему не мешала. Понимала, у него одна жизнь. И вот Ваня решил уезжать навсегда, а Кирилл здесь остался.",
          "pid": "46"
        }
      ],
      "name": "— Кирилл до сих пор вспоминает Ваню. Никак не может найти ему замену.",
      "pid": "45",
      "position": {
        "x": "7575",
        "y": "300"
      },
      "tags": [
        "t:p"
      ]
    },
    {
      "text": "— Мой всегда был деловой колбасой. Умный и способный. Он хотел найти себя за рубежом, говорил, что перерос «местный пруд», и я ему не мешала. Понимала, у него одна жизнь. И вот Ваня решил уезжать навсегда, а Кирилл здесь остался.\n---\n[[— Сын сейчас в США. Женился. Счастлив. Ребёнок родился. Внучка у меня.]]",
      "links": [
        {
          "name": "— Сын сейчас в США. Женился. Счастлив. Ребёнок родился. Внучка у меня.",
          "link": "— Сын сейчас в США. Женился. Счастлив. Ребёнок родился. Внучка у меня.",
          "pid": "47"
        }
      ],
      "name": "— Мой всегда был деловой колбасой. Умный и способный. Он хотел найти себя за рубежом, говорил, что перерос \"местный пруд\", и я ему не мешала. Понимала, у него одна жизнь. И вот Ваня решил уезжать навсегда, а Кирилл здесь остался.",
      "pid": "46",
      "position": {
        "x": "7750",
        "y": "300"
      },
      "tags": [
        "t:p",
        "setReaction:accepting-parent-main"
      ]
    },
    {
      "text": "— Сын сейчас в США. Женился. Счастлив. Ребёнок родился. Внучка у меня.\n---\n[[— А Кирилл?]]",
      "links": [
        {
          "name": "— А Кирилл?",
          "link": "— А Кирилл?",
          "pid": "48"
        }
      ],
      "name": "— Сын сейчас в США. Женился. Счастлив. Ребёнок родился. Внучка у меня.",
      "pid": "47",
      "position": {
        "x": "7925",
        "y": "300"
      },
      "tags": [
        "t:p"
      ]
    },
    {
      "text": "— А Кирилл?\n---\n[[— До сих пор общаемся. Грустный такой, как лебедь потерянный. Стараюсь его занять и утешить. Хороший он человечек. Родной.]]",
      "links": [
        {
          "name": "— До сих пор общаемся. Грустный такой, как лебедь потерянный. Стараюсь его занять и утешить. Хороший он человечек. Родной.",
          "link": "— До сих пор общаемся. Грустный такой, как лебедь потерянный. Стараюсь его занять и утешить. Хороший он человечек. Родной.",
          "pid": "49"
        }
      ],
      "name": "— А Кирилл?",
      "pid": "48",
      "position": {
        "x": "8100",
        "y": "300"
      },
      "tags": [
        "t:h"
      ]
    },
    {
      "text": "— До сих пор общаемся. Грустный такой, как лебедь потерянный. Стараюсь его занять и утешить. Хороший он человечек. Родной.\n---\n[[— Печальная история.]]",
      "links": [
        {
          "name": "— Печальная история.",
          "link": "— Печальная история.",
          "pid": "50"
        }
      ],
      "name": "— До сих пор общаемся. Грустный такой, как лебедь потерянный. Стараюсь его занять и утешить. Хороший он человечек. Родной.",
      "pid": "49",
      "position": {
        "x": "8275",
        "y": "300"
      },
      "tags": [
        "t:p"
      ]
    },
    {
      "text": "— Печальная история.\n---\n[[— Одна из многих. Отношения для всех сложны.]]",
      "links": [
        {
          "name": "— Одна из многих. Отношения для всех сложны.",
          "link": "— Одна из многих. Отношения для всех сложны.",
          "pid": "51"
        }
      ],
      "name": "— Печальная история.",
      "pid": "50",
      "position": {
        "x": "8450",
        "y": "300"
      },
      "tags": [
        "t:h"
      ]
    },
    {
      "text": "— Одна из многих. Отношения для всех сложны.\n---\n[[— Что бы вы мне посоветовали?]]",
      "links": [
        {
          "name": "— Что бы вы мне посоветовали?",
          "link": "— Что бы вы мне посоветовали?",
          "pid": "52"
        }
      ],
      "name": "— Одна из многих. Отношения для всех сложны.",
      "pid": "51",
      "position": {
        "x": "8625",
        "y": "300"
      },
      "tags": [
        "t:p"
      ]
    },
    {
      "text": "— Что бы вы мне посоветовали?\n---\n[[— Знай, не тебе одному тяжело, но и близким. Старайся прежде наладить отношения с семьёй, а потом признаваться. Дай им погоревать, если им понадобится.]]",
      "links": [
        {
          "name": "— Знай, не тебе одному тяжело, но и близким. Старайся прежде наладить отношения с семьёй, а потом признаваться. Дай им погоревать, если им понадобится.",
          "link": "— Знай, не тебе одному тяжело, но и близким. Старайся прежде наладить отношения с семьёй, а потом признаваться. Дай им погоревать, если им понадобится.",
          "pid": "53"
        }
      ],
      "name": "— Что бы вы мне посоветовали?",
      "pid": "52",
      "position": {
        "x": "8800",
        "y": "300"
      },
      "tags": [
        "t:h"
      ]
    },
    {
      "text": "— Знай, не тебе одному тяжело, но и близким. Старайся прежде наладить отношения с семьёй, а потом признаваться. Дай им погоревать, если им понадобится.\n---\n[[— Каков шанс, что они меня сразу примут?]]",
      "links": [
        {
          "name": "— Каков шанс, что они меня сразу примут?",
          "link": "— Каков шанс, что они меня сразу примут?",
          "pid": "54"
        }
      ],
      "name": "— Знай, не тебе одному тяжело, но и близким. Старайся прежде наладить отношения с семьёй, а потом признаваться. Дай им погоревать, если им понадобится.",
      "pid": "53",
      "position": {
        "x": "8975",
        "y": "300"
      },
      "tags": [
        "t:p",
        "setReaction:accepting-parent-sympathy"
      ]
    },
    {
      "text": "— Каков шанс, что они меня сразу примут?\n---\n[[— Я не могу сказать точных цифр. Не могу ни обнадёжить, ни разочаровать. Часть родителей учатся принимать детей очень долго. Кто-то в тайне хотел бы видеть их «нормальными» даже после принятия и после знакомства с их партнёрами.]]",
      "links": [
        {
          "name": "— Я не могу сказать точных цифр. Не могу ни обнадёжить, ни разочаровать. Часть родителей учатся принимать детей очень долго. Кто-то в тайне хотел бы видеть их «нормальными» даже после принятия и после знакомства с их партнёрами.",
          "link": "— Я не могу сказать точных цифр. Не могу ни обнадёжить, ни разочаровать. Часть родителей учатся принимать детей очень долго. Кто-то в тайне хотел бы видеть их «нормальными» даже после принятия и после знакомства с их партнёрами.",
          "pid": "55"
        }
      ],
      "name": "— Каков шанс, что они меня сразу примут?",
      "pid": "54",
      "position": {
        "x": "9150",
        "y": "300"
      },
      "tags": [
        "t:h"
      ]
    },
    {
      "text": "— Я не могу сказать точных цифр. Не могу ни обнадёжить, ни разочаровать. Часть родителей учатся принимать детей очень долго. Кто-то в тайне хотел бы видеть их «нормальными» даже после принятия и после знакомства с их партнёрами.\n---\n[[— А есть общее у принимающих родителей?]]",
      "links": [
        {
          "name": "— А есть общее у принимающих родителей?",
          "link": "— А есть общее у принимающих родителей?",
          "pid": "56"
        }
      ],
      "name": "— Я не могу сказать точных цифр. Не могу ни обнадёжить, ни разочаровать. Часть родителей учатся принимать детей очень долго. Кто-то в тайне хотел бы видеть их «нормальными» даже после принятия и после знакомства с их партнёрами.",
      "pid": "55",
      "position": {
        "x": "9325",
        "y": "300"
      },
      "tags": [
        "t:p",
        "setReaction:accepting-parent-main"
      ]
    },
    {
      "text": "— А есть общее у принимающих родителей?\n---\n[[— Трудно сказать. Точно все они любят своих детей и не видят в них свою собственность. А вот вещи вроде образования, религиозности мало что значат по моему опыту.]]",
      "links": [
        {
          "name": "— Трудно сказать. Точно все они любят своих детей и не видят в них свою собственность. А вот вещи вроде образования, религиозности мало что значат по моему опыту.",
          "link": "— Трудно сказать. Точно все они любят своих детей и не видят в них свою собственность. А вот вещи вроде образования, религиозности мало что значат по моему опыту.",
          "pid": "57"
        }
      ],
      "name": "— А есть общее у принимающих родителей?",
      "pid": "56",
      "position": {
        "x": "9500",
        "y": "300"
      },
      "tags": [
        "t:h"
      ]
    },
    {
      "text": "— Трудно сказать. Точно все они любят своих детей и не видят в них свою собственность. А вот вещи вроде образования, религиозности мало что значат по моему опыту.\n---\n[[— Спасибо за науку.]]",
      "links": [
        {
          "name": "— Спасибо за науку.",
          "link": "— Спасибо за науку.",
          "pid": "58"
        }
      ],
      "name": "— Трудно сказать. Точно все они любят своих детей и не видят в них свою собственность. А вот вещи вроде образования, религиозности мало что значат по моему опыту.",
      "pid": "57",
      "position": {
        "x": "9675",
        "y": "300"
      },
      "tags": [
        "t:p"
      ]
    },
    {
      "text": "— Спасибо за науку.\n---\n[[— Пожалуйста. Пиши и приходи на группу, или звони мне. Мамочкам приятно общаться с ровесниками их детей. У многих свои уехали за границу.]]",
      "links": [
        {
          "name": "— Пожалуйста. Пиши и приходи на группу, или звони мне. Мамочкам приятно общаться с ровесниками их детей. У многих свои уехали за границу.",
          "link": "— Пожалуйста. Пиши и приходи на группу, или звони мне. Мамочкам приятно общаться с ровесниками их детей. У многих свои уехали за границу.",
          "pid": "59"
        }
      ],
      "name": "— Спасибо за науку.",
      "pid": "58",
      "position": {
        "x": "9850",
        "y": "300"
      },
      "tags": [
        "t:h"
      ]
    },
    {
      "text": "— Пожалуйста. Пиши и приходи на группу, или звони мне. Мамочкам приятно общаться с ровесниками их детей. У многих свои уехали за границу.\n---\n[[— А папы у вас бывают?]]",
      "links": [
        {
          "name": "— А папы у вас бывают?",
          "link": "— А папы у вас бывают?",
          "pid": "60"
        }
      ],
      "name": "— Пожалуйста. Пиши и приходи на группу, или звони мне. Мамочкам приятно общаться с ровесниками их детей. У многих свои уехали за границу.",
      "pid": "59",
      "position": {
        "x": "10025",
        "y": "300"
      },
      "tags": [
        "t:p"
      ]
    },
    {
      "text": "— А папы у вас бывают?\n---\n[[— Редко. Не складывается с папами. То ли местное, то ли повсеместное явление.]]",
      "links": [
        {
          "name": "— Редко. Не складывается с папами. То ли местное, то ли повсеместное явление.",
          "link": "— Редко. Не складывается с папами. То ли местное, то ли повсеместное явление.",
          "pid": "61"
        }
      ],
      "name": "— А папы у вас бывают?",
      "pid": "60",
      "position": {
        "x": "10200",
        "y": "300"
      },
      "tags": [
        "t:h"
      ]
    },
    {
      "text": "— Редко. Не складывается с папами. То ли местное, то ли повсеместное явление.\n---\n[[Вы посмотрели на время и поняли, что вам уже пора.]]",
      "links": [
        {
          "name": "Вы посмотрели на время и поняли, что вам уже пора.",
          "link": "Вы посмотрели на время и поняли, что вам уже пора.",
          "pid": "68"
        }
      ],
      "name": "— Редко. Не складывается с папами. То ли местное, то ли повсеместное явление.",
      "pid": "61",
      "position": {
        "x": "10375",
        "y": "300"
      },
      "tags": [
        "t:p"
      ]
    },
    {
      "text": "— Благодарю за угощение и за то, что поделились своей историей.\n---\n[[— И мне было приятно. Я тебя провожу. Надо Жука выгулять.]]",
      "links": [
        {
          "name": "— И мне было приятно. Я тебя провожу. Надо Жука выгулять.",
          "link": "— И мне было приятно. Я тебя провожу. Надо Жука выгулять.",
          "pid": "63"
        }
      ],
      "name": "— Благодарю за угощение и за то, что поделились своей историей. Unlock",
      "pid": "62",
      "position": {
        "x": "10725",
        "y": "200"
      },
      "tags": [
        "t:h",
        "unlockPerson:25",
        "hide:unicornUnlocked:=:1",
        "set:unicornUnlocked:1"
      ]
    },
    {
      "text": "— И мне было приятно. Я тебя провожу. Надо Жука выгулять.\n---\n[[Как будто услышав, в кухню прогарцевал пёс с ошейником в зубах.]]",
      "links": [
        {
          "name": "Как будто услышав, в кухню прогарцевал пёс с ошейником в зубах.",
          "link": "Как будто услышав, в кухню прогарцевал пёс с ошейником в зубах.",
          "pid": "64"
        }
      ],
      "name": "— И мне было приятно. Я тебя провожу. Надо Жука выгулять.",
      "pid": "63",
      "position": {
        "x": "10900",
        "y": "300"
      },
      "tags": [
        "t:p"
      ]
    },
    {
      "text": "<i>Как будто услышав, в кухню прогарцевал пёс с ошейником в зубах.</i>\n---\n[[— Ещё раз спасибо.]]",
      "links": [
        {
          "name": "— Ещё раз спасибо.",
          "link": "— Ещё раз спасибо.",
          "pid": "67"
        }
      ],
      "name": "Как будто услышав, в кухню прогарцевал пёс с ошейником в зубах.",
      "pid": "64",
      "position": {
        "x": "11075",
        "y": "300"
      },
      "tags": [
        "t:p"
      ]
    },
    {
      "text": "<i>Вы вышли. Жук потянул хозяйку к парку. Вы же, попрощавшись, отправились прямиком в общагу.</i>\n---\n[[Диалог окончен. Вы можете вернуться на главный экран.]]",
      "links": [
        {
          "name": "Диалог окончен. Вы можете вернуться на главный экран.",
          "link": "Диалог окончен. Вы можете вернуться на главный экран.",
          "pid": "66"
        }
      ],
      "name": "Вы вышли. Жук потянул хозяйку к парку. Вы же, попрощавшись, отправились прямиком в общагу.",
      "pid": "65",
      "position": {
        "x": "11425",
        "y": "300"
      },
      "tags": [
        "t:p",
        "showThing:ball-of-yarn",
        "set:accepting-parent-item:1"
      ]
    },
    {
      "text": "<i>Диалог окончен. Вы можете вернуться на главный экран.</i>",
      "name": "Диалог окончен. Вы можете вернуться на главный экран.",
      "pid": "66",
      "position": {
        "x": "11600",
        "y": "300"
      },
      "tags": [
        "t:p"
      ]
    },
    {
      "text": "— Ещё раз спасибо.\n---\n[[Вы вышли. Жук потянул хозяйку к парку. Вы же, попрощавшись, отправились прямиком в общагу.]]",
      "links": [
        {
          "name": "Вы вышли. Жук потянул хозяйку к парку. Вы же, попрощавшись, отправились прямиком в общагу.",
          "link": "Вы вышли. Жук потянул хозяйку к парку. Вы же, попрощавшись, отправились прямиком в общагу.",
          "pid": "65"
        }
      ],
      "name": "— Ещё раз спасибо.",
      "pid": "67",
      "position": {
        "x": "11250",
        "y": "300"
      },
      "tags": [
        "t:h"
      ]
    },
    {
      "text": "<i>Вы посмотрели на время и поняли, что вам уже пора.</i>\n---\n[[— Благодарю за угощение и за то, что поделились своей историей.]]\n[[— Благодарю за угощение и за то, что поделились своей историей. Unlock]]",
      "links": [
        {
          "name": "— Благодарю за угощение и за то, что поделились своей историей.",
          "link": "— Благодарю за угощение и за то, что поделились своей историей.",
          "pid": "69"
        },
        {
          "name": "— Благодарю за угощение и за то, что поделились своей историей. Unlock",
          "link": "— Благодарю за угощение и за то, что поделились своей историей. Unlock",
          "pid": "62"
        }
      ],
      "name": "Вы посмотрели на время и поняли, что вам уже пора.",
      "pid": "68",
      "position": {
        "x": "10550",
        "y": "300"
      },
      "tags": [
        "t:p"
      ]
    },
    {
      "text": "— Благодарю за угощение и за то, что поделились своей историей.\n---\n[[— И мне было приятно. Я тебя провожу. Надо Жука выгулять.]]",
      "links": [
        {
          "name": "— И мне было приятно. Я тебя провожу. Надо Жука выгулять.",
          "link": "— И мне было приятно. Я тебя провожу. Надо Жука выгулять.",
          "pid": "63"
        }
      ],
      "name": "— Благодарю за угощение и за то, что поделились своей историей.",
      "pid": "69",
      "position": {
        "x": "10725",
        "y": "425"
      },
      "tags": [
        "t:h",
        "hide:unicornUnlocked:=:0"
      ]
    }
  ],
  "name": "Принимающий родитель",
  "startnode": "1",
  "creator": "Twine",
  "creator-version": "2.3.14",
  "ifid": "BC115E24-0DB6-4337-8CDF-84E98AD4091C"
}