{
  "passages": [
    {
      "text": "<i>После событий на вечеринке прошло уже порядочно времени. Вы обратились в фирму к ребятам, про которых вам говорил Никита. Его хороший друг переходил в другую фирму и спрашивал Никиту, есть ли кандидаты на примете на его место, т.к. компания хорошая. А Никита просто передал инфу вам. Сначала вам казалось, что вас возьмут по знакомству, но сосебедование сняло с вас розовые очки. Туда вас не взяли, но после этого вы решили сами поискать работу.</i>\n---\n[[Если до этого вам казалось, что вы что-то знаете, то после нескольких недуачных собеседований вы почувствовали себя полным идиотом и решили, что вам стоит сосредоточиться на чём-то одном, изучить и затем начать подаваться на вакансии. Тем не менее через короткое время с вами связались из одной из компаний, где вы были и предложили стажировку за минимальную оплату, с возможностью вырасти до молодого разработчика. Вас это полностью устраивало.]]",
      "links": [
        {
          "name": "Если до этого вам казалось, что вы что-то знаете, то после нескольких недуачных собеседований вы почувствовали себя полным идиотом и решили, что вам стоит сосредоточиться на чём-то одном, изучить и затем начать подаваться на вакансии. Тем не менее через короткое время с вами связались из одной из компаний, где вы были и предложили стажировку за минимальную оплату, с возможностью вырасти до молодого разработчика. Вас это полностью устраивало.",
          "link": "Если до этого вам казалось, что вы что-то знаете, то после нескольких недуачных собеседований вы почувствовали себя полным идиотом и решили, что вам стоит сосредоточиться на чём-то одном, изучить и затем начать подаваться на вакансии. Тем не менее через короткое время с вами связались из одной из компаний, где вы были и предложили стажировку за минимальную оплату, с возможностью вырасти до молодого разработчика. Вас это полностью устраивало.",
          "pid": "34"
        }
      ],
      "name": "Активист 4",
      "pid": "1",
      "position": {
        "x": "1450",
        "y": "25"
      },
      "tags": [
        "t:sp",
        "set:hasJob:1"
      ]
    },
    {
      "text": "— Привет, Никита.\n---\n[[— Привет-привет, дорогой! Как дела? Хотел сказать, у меня всё хорошо. Я уже устроился. Доволен, как слон.]]",
      "links": [
        {
          "name": "— Привет-привет, дорогой! Как дела? Хотел сказать, у меня всё хорошо. Я уже устроился. Доволен, как слон.",
          "link": "— Привет-привет, дорогой! Как дела? Хотел сказать, у меня всё хорошо. Я уже устроился. Доволен, как слон.",
          "pid": "3"
        }
      ],
      "name": "— Привет, Никита.",
      "pid": "2",
      "position": {
        "x": "1450",
        "y": "550"
      },
      "tags": [
        "t:h"
      ]
    },
    {
      "text": "— Привет-привет, дорогой. Как дела? Хотел сказать, у меня всё хорошо. Я уже устроился. Доволен, как слон.\n---\n[[— О чём ты? Ты исчез без объяснений. Где и что с тобой никто не в курсе был.]] ",
      "links": [
        {
          "name": "— О чём ты? Ты исчез без объяснений. Где и что с тобой никто не в курсе был.",
          "link": "— О чём ты? Ты исчез без объяснений. Где и что с тобой никто не в курсе был.",
          "pid": "4"
        }
      ],
      "name": "— Привет-привет, дорогой! Как дела? Хотел сказать, у меня всё хорошо. Я уже устроился. Доволен, как слон.",
      "pid": "3",
      "position": {
        "x": "1450",
        "y": "721"
      },
      "tags": [
        "t:p",
        "setReaction:activist-man-smirk"
      ]
    },
    {
      "text": "— О чём ты? Ты исчез без объяснений. Где и что с тобой никто не в курсе был.\n---\n[[— А теперь ситуация изменилась. Жизнь наладилась. Делюсь.]]",
      "links": [
        {
          "name": "— А теперь ситуация изменилась. Жизнь наладилась. Делюсь.",
          "link": "— А теперь ситуация изменилась. Жизнь наладилась. Делюсь.",
          "pid": "5"
        }
      ],
      "name": "— О чём ты? Ты исчез без объяснений. Где и что с тобой никто не в курсе был.",
      "pid": "4",
      "position": {
        "x": "1450",
        "y": "900"
      },
      "tags": [
        "t:h"
      ]
    },
    {
      "text": "— А теперь ситуация изменилась. Жизнь наладилась. Делюсь.\n---\n[[— Где ты? И какого чёрта ты исчез?]]\n[[— Благодарю за информацию.]]\n[[— Спасибо за то, что подкинул идею с работой. Я нашёл другую компанию, но мне кажется тот твой совет стал для меня как пинок под зад, который мне тогда и был нужен.]]",
      "links": [
        {
          "name": "— Где ты? И какого чёрта ты исчез?",
          "link": "— Где ты? И какого чёрта ты исчез?",
          "pid": "6"
        },
        {
          "name": "— Благодарю за информацию.",
          "link": "— Благодарю за информацию.",
          "pid": "7"
        },
        {
          "name": "— Спасибо за то, что подкинул идею с работой. Я нашёл другую компанию, но мне кажется тот твой совет стал для меня как пинок под зад, который мне тогда и был нужен.",
          "link": "— Спасибо за то, что подкинул идею с работой. Я нашёл другую компанию, но мне кажется тот твой совет стал для меня как пинок под зад, который мне тогда и был нужен.",
          "pid": "8"
        }
      ],
      "name": "— А теперь ситуация изменилась. Жизнь наладилась. Делюсь.",
      "pid": "5",
      "position": {
        "x": "1450",
        "y": "1075"
      },
      "tags": [
        "t:p"
      ]
    },
    {
      "text": "— Где ты? И какого чёрта ты исчез?\n---\n[[— Ха-ха-ха. Укатила я далеко в Европу от вас и уже не вернусь. Упаси Господи.]]",
      "links": [
        {
          "name": "— Ха-ха-ха. Укатила я далеко в Европу от вас и уже не вернусь. Упаси Господи.",
          "link": "— Ха-ха-ха. Укатила я далеко в Европу от вас и уже не вернусь. Упаси Господи.",
          "pid": "19"
        }
      ],
      "name": "— Где ты? И какого чёрта ты исчез?",
      "pid": "6",
      "position": {
        "x": "1275",
        "y": "1275"
      },
      "tags": [
        "t:h"
      ]
    },
    {
      "text": "— Благодарю за информацию.\n---\n[[— Да, я теперь в Европе. Далеко от вас. И надеюсь не вернусь. Упаси Господи.]]",
      "links": [
        {
          "name": "— Да, я теперь в Европе. Далеко от вас. И надеюсь не вернусь. Упаси Господи.",
          "link": "— Да, я теперь в Европе. Далеко от вас. И надеюсь не вернусь. Упаси Господи.",
          "pid": "20"
        }
      ],
      "name": "— Благодарю за информацию.",
      "pid": "7",
      "position": {
        "x": "1450",
        "y": "1275"
      },
      "tags": [
        "t:h"
      ]
    },
    {
      "text": "— Спасибо за то, что подкинул идею с работой. Я нашёл другую компанию, но тот твой совет стал для меня пинком под зад, который мне тогда и был нужен.\n---\n[[— Хорошо, что моё предложение было для тебя полезно. Это мелочи. Рад был помочь.]]",
      "links": [
        {
          "name": "— Хорошо, что моё предложение было для тебя полезно. Это мелочи. Рад был помочь.",
          "link": "— Хорошо, что моё предложение было для тебя полезно. Это мелочи. Рад был помочь.",
          "pid": "10"
        }
      ],
      "name": "— Спасибо за то, что подкинул идею с работой. Я нашёл другую компанию, но мне кажется тот твой совет стал для меня как пинок под зад, который мне тогда и был нужен.",
      "pid": "8",
      "position": {
        "x": "1625",
        "y": "1275"
      },
      "tags": [
        "t:h"
      ]
    },
    {
      "text": "— Как вы там? Что происходит? Про меня говорят? Статьи видел. Не так много, как стоило бы. В конце концов, исчез один из лидеров движения.\n---\n[[— Твоё самомнение не знает границ.]]\n[[— Да. Говорят. Разное. Твоя организация в кризисе. Люди поразбегались.]]\n[[— Прости, много работы. Как потом поговорим?]]",
      "links": [
        {
          "name": "— Твоё самомнение не знает границ.",
          "link": "— Твоё самомнение не знает границ.",
          "pid": "11"
        },
        {
          "name": "— Да. Говорят. Разное. Твоя организация в кризисе. Люди поразбегались.",
          "link": "— Да. Говорят. Разное. Твоя организация в кризисе. Люди поразбегались.",
          "pid": "12"
        },
        {
          "name": "— Прости, много работы. Как потом поговорим?",
          "link": "— Прости, много работы. Как потом поговорим?",
          "pid": "13"
        }
      ],
      "name": "— Как вы там? Что происходит? Про меня говорят? Статьи видел. Не так много, как стоило бы. В конце концов, исчез один из лидеров движения.",
      "pid": "9",
      "position": {
        "x": "1421",
        "y": "3125"
      },
      "tags": [
        "t:p",
        "setReaction:activist-man-smart"
      ]
    },
    {
      "text": "— Хорошо, что моё предложение было для тебя полезно. Это мелочи. Рад был помочь.\n---\n[[— Я теперь в Европе. Далеко от вас. И надеюсь не вернусь. Упаси Господи.]]",
      "links": [
        {
          "name": "— Я теперь в Европе. Далеко от вас. И надеюсь не вернусь. Упаси Господи.",
          "link": "— Я теперь в Европе. Далеко от вас. И надеюсь не вернусь. Упаси Господи.",
          "pid": "30"
        }
      ],
      "name": "— Хорошо, что моё предложение было для тебя полезно. Это мелочи. Рад был помочь.",
      "pid": "10",
      "position": {
        "x": "1625",
        "y": "1450"
      },
      "tags": [
        "t:p",
        "setReaction:activist-man-main"
      ]
    },
    {
      "text": "— Твоё самомнение не знает границ.\n---\n[[— Оно подкреплено большой проделанной работой! Ладно, давай, мне пора. Ты всё такой же занудный. Не скучай. Устраивай свою личную жизнь. Пиши как, что у вас там происходит. Чао-какао.]]",
      "links": [
        {
          "name": "— Оно подкреплено большой проделанной работой! Ладно, давай, мне пора. Ты всё такой же занудный. Не скучай. Устраивай свою личную жизнь. Пиши как, что у вас там происходит. Чао-какао.",
          "link": "— Оно подкреплено большой проделанной работой! Ладно, давай, мне пора. Ты всё такой же занудный. Не скучай. Устраивай свою личную жизнь. Пиши как, что у вас там происходит. Чао-какао.",
          "pid": "14"
        }
      ],
      "name": "— Твоё самомнение не знает границ.",
      "pid": "11",
      "position": {
        "x": "1250",
        "y": "3325"
      },
      "tags": [
        "t:h"
      ]
    },
    {
      "text": "— Да. Говорят. Разное. Твоя организация в кризисе. Люди поразбегались.\n---\n[[— Хм, да? Слышал-слышал. Так и думал, что без нормального руководства они долго не продержатся. Ладно, давай, мне пора. Не скучай. Устраивай свою личную жизнь. Пиши как, что у вас там происходит. Чао!]]",
      "links": [
        {
          "name": "— Хм, да? Слышал-слышал. Так и думал, что без нормального руководства они долго не продержатся. Ладно, давай, мне пора. Не скучай. Устраивай свою личную жизнь. Пиши как, что у вас там происходит. Чао!",
          "link": "— Хм, да? Слышал-слышал. Так и думал, что без нормального руководства они долго не продержатся. Ладно, давай, мне пора. Не скучай. Устраивай свою личную жизнь. Пиши как, что у вас там происходит. Чао!",
          "pid": "15"
        }
      ],
      "name": "— Да. Говорят. Разное. Твоя организация в кризисе. Люди поразбегались.",
      "pid": "12",
      "position": {
        "x": "1425",
        "y": "3325"
      },
      "tags": [
        "t:h"
      ]
    },
    {
      "text": "— Прости, много работы. Как потом поговорим?\n---\n[[— Ты прав. Мне тоже пора. Не скучай. Устраивай свою личную жизнь. Пиши как, что у вас там происходит. Счастливо!]]",
      "links": [
        {
          "name": "— Ты прав. Мне тоже пора. Не скучай. Устраивай свою личную жизнь. Пиши как, что у вас там происходит. Счастливо!",
          "link": "— Ты прав. Мне тоже пора. Не скучай. Устраивай свою личную жизнь. Пиши как, что у вас там происходит. Счастливо!",
          "pid": "16"
        }
      ],
      "name": "— Прости, много работы. Как потом поговорим?",
      "pid": "13",
      "position": {
        "x": "1600",
        "y": "3325"
      },
      "tags": [
        "t:h"
      ]
    },
    {
      "text": "— Оно подкреплено большой проделанной работой! Ладно, давай, мне пора. Ты всё такой же занудный. Не скучай. Устраивай свою личную жизнь. Пиши как, что у вас там происходит. Чао.\n---\n[[Совет]]",
      "links": [
        {
          "name": "Совет",
          "link": "Совет",
          "pid": "17"
        }
      ],
      "name": "— Оно подкреплено большой проделанной работой! Ладно, давай, мне пора. Ты всё такой же занудный. Не скучай. Устраивай свою личную жизнь. Пиши как, что у вас там происходит. Чао-какао.",
      "pid": "14",
      "position": {
        "x": "1250",
        "y": "3525"
      },
      "tags": [
        "t:p",
        "setReaction:activist-man-irritated"
      ]
    },
    {
      "text": "— Хм, да? Слышал-слышал. Так и думал, что без нормального руководства они долго не продержатся. Ладно, давай, мне пора. Не скучай. Устраивай свою личную жизнь. Пиши как, что у вас там происходит. Чао!\n---\n[[Совет]]",
      "links": [
        {
          "name": "Совет",
          "link": "Совет",
          "pid": "17"
        }
      ],
      "name": "— Хм, да? Слышал-слышал. Так и думал, что без нормального руководства они долго не продержатся. Ладно, давай, мне пора. Не скучай. Устраивай свою личную жизнь. Пиши как, что у вас там происходит. Чао!",
      "pid": "15",
      "position": {
        "x": "1425",
        "y": "3525"
      },
      "tags": [
        "t:p",
        "setReaction:activist-man-main"
      ]
    },
    {
      "text": "— Ты прав. Мне тоже пора. Не скучай. Устраивай свою личную жизнь. Пиши как, что у вас там происходит. Счастливо!\n---\n[[Совет]]",
      "links": [
        {
          "name": "Совет",
          "link": "Совет",
          "pid": "17"
        }
      ],
      "name": "— Ты прав. Мне тоже пора. Не скучай. Устраивай свою личную жизнь. Пиши как, что у вас там происходит. Счастливо!",
      "pid": "16",
      "position": {
        "x": "1600",
        "y": "3525"
      },
      "tags": [
        "t:p",
        "setReaction:activist-man-irritated",
        "delay:3500"
      ]
    },
    {
      "text": "{adviceId=40}\nКаждый имеет право на счастье, уход от борьбы, смену места жительства. К тем, кто громко заявляет о том, как изменит страну в пару лет и никогда не уедет, возникают логичные вопросы. Но человек способен передумать или не выдержать. Можно ли критиковать таких людей? Да. Можно ли требовать от них продолжать жить активизмом, когда они потеряли к нему интерес и исчерпали ресурс на него? Нет.\n---\n[[Диалог окончен. Вы можете вернуться на главный экран.]]",
      "links": [
        {
          "name": "Диалог окончен. Вы можете вернуться на главный экран.",
          "link": "Диалог окончен. Вы можете вернуться на главный экран.",
          "pid": "18"
        }
      ],
      "name": "Совет",
      "pid": "17",
      "position": {
        "x": "1425",
        "y": "3725"
      },
      "tags": [
        "t:f"
      ]
    },
    {
      "text": "<i>Диалог окончен. Вы можете вернуться на главный экран.</i>",
      "name": "Диалог окончен. Вы можете вернуться на главный экран.",
      "pid": "18",
      "position": {
        "x": "1425",
        "y": "3900"
      },
      "tags": [
        "t:p",
        "setReaction:activist-man-main"
      ]
    },
    {
      "text": "— Ха-ха-ха. Укатила я далеко в Европу от вас и уже не вернусь. Упаси Господи.\n---\n[[— Почему ты исчез?]]",
      "links": [
        {
          "name": "— Почему ты исчез?",
          "link": "— Почему ты исчез?",
          "pid": "21"
        }
      ],
      "name": "— Ха-ха-ха. Укатила я далеко в Европу от вас и уже не вернусь. Упаси Господи.",
      "pid": "19",
      "position": {
        "x": "1275",
        "y": "1450"
      },
      "tags": [
        "t:p"
      ]
    },
    {
      "text": "— Да, я теперь в Европе. Далеко от вас. И надеюсь не вернусь. Упаси Господи.\n---\n[[— Почему ты исчез?]]",
      "links": [
        {
          "name": "— Почему ты исчез?",
          "link": "— Почему ты исчез?",
          "pid": "21"
        }
      ],
      "name": "— Да, я теперь в Европе. Далеко от вас. И надеюсь не вернусь. Упаси Господи.",
      "pid": "20",
      "position": {
        "x": "1450",
        "y": "1450"
      },
      "tags": [
        "t:p",
        "setReaction:activist-man-main"
      ]
    },
    {
      "text": "— Почему ты исчез?\n---\n[[— Не могу рассказать. Даже сейчас. Да и знать тебе это не нужно и вообще опасно. Если в кратце властям не понравилась наша деятельность. Подробности читай в моих мемуарах. Ха-ха.]]",
      "links": [
        {
          "name": "— Не могу рассказать. Даже сейчас. Да и знать тебе это не нужно и вообще опасно. Если в кратце властям не понравилась наша деятельность. Подробности читай в моих мемуарах. Ха-ха.",
          "link": "— Не могу рассказать. Даже сейчас. Да и знать тебе это не нужно и вообще опасно. Если в кратце властям не понравилась наша деятельность. Подробности читай в моих мемуарах. Ха-ха.",
          "pid": "22"
        }
      ],
      "name": "— Почему ты исчез?",
      "pid": "21",
      "position": {
        "x": "1450",
        "y": "1775"
      },
      "tags": [
        "t:h"
      ]
    },
    {
      "text": "— Не могу рассказать. Даже сейчас. Да и знать тебе это не нужно и опасно.\n---\n[[— Если вкратце властям не понравилась наша деятельность. Подробности читай в моих мемуарах. Ха-ха.]]",
      "links": [
        {
          "name": "— Если вкратце властям не понравилась наша деятельность. Подробности читай в моих мемуарах. Ха-ха.",
          "link": "— Если вкратце властям не понравилась наша деятельность. Подробности читай в моих мемуарах. Ха-ха.",
          "pid": "31"
        }
      ],
      "name": "— Не могу рассказать. Даже сейчас. Да и знать тебе это не нужно и вообще опасно. Если в кратце властям не понравилась наша деятельность. Подробности читай в моих мемуарах. Ха-ха.",
      "pid": "22",
      "position": {
        "x": "1450",
        "y": "1975"
      },
      "tags": [
        "t:p",
        "setReaction:activist-man-scared",
        "delay:3000"
      ]
    },
    {
      "text": "— Как же ты смог оставить Родину и деятельность, которой ты жил и болел?\n---\n[[— Ах, это?.. Я подумал: \"Никита, мы не молодеем, живём один раз\", и решил, что не хочу быть мучеником ради идеи. А Ричард давно к себе звал. Да и тогда уже всё было подготовлено для политического убежища: проси - не хочу. Так оно и сложилось. Так что я будущий европеец, а может потом и американец. Как карта ляжет.]]",
      "links": [
        {
          "name": "— Ах, это?.. Я подумал: \"Никита, мы не молодеем, живём один раз\", и решил, что не хочу быть мучеником ради идеи. А Ричард давно к себе звал. Да и тогда уже всё было подготовлено для политического убежища: проси - не хочу. Так оно и сложилось. Так что я будущий европеец, а может потом и американец. Как карта ляжет.",
          "link": "— Ах, это?.. Я подумал: \"Никита, мы не молодеем, живём один раз\", и решил, что не хочу быть мучеником ради идеи. А Ричард давно к себе звал. Да и тогда уже всё было подготовлено для политического убежища: проси - не хочу. Так оно и сложилось. Так что я будущий европеец, а может потом и американец. Как карта ляжет.",
          "pid": "24"
        }
      ],
      "name": "— Как же ты смог оставить родину и деятельность которой ты жил и болел?",
      "pid": "23",
      "position": {
        "x": "1600",
        "y": "2550"
      },
      "tags": [
        "t:h"
      ]
    },
    {
      "text": "— Ах, это? Я подумал: «Никита, ты не молодеешь, живём один раз», и решил, что не хочу быть мучеником ради идеи. А Ричард давно к себе звал. Так оно и сложилось. Теперь я будущий европеец, а потом и американец, вероятно. Как карта ляжет.\n---\n[[— Как вы там? Что происходит? Про меня говорят? Статьи видел. Не так много, как стоило бы. В конце концов, исчез один из лидеров движения.]]",
      "links": [
        {
          "name": "— Как вы там? Что происходит? Про меня говорят? Статьи видел. Не так много, как стоило бы. В конце концов, исчез один из лидеров движения.",
          "link": "— Как вы там? Что происходит? Про меня говорят? Статьи видел. Не так много, как стоило бы. В конце концов, исчез один из лидеров движения.",
          "pid": "9"
        }
      ],
      "name": "— Ах, это?.. Я подумал: \"Никита, мы не молодеем, живём один раз\", и решил, что не хочу быть мучеником ради идеи. А Ричард давно к себе звал. Да и тогда уже всё было подготовлено для политического убежища: проси - не хочу. Так оно и сложилось. Так что я будущий европеец, а может потом и американец. Как карта ляжет.",
      "pid": "24",
      "position": {
        "x": "1600",
        "y": "2925"
      },
      "tags": [
        "t:p"
      ]
    },
    {
      "text": "— Как же ты смог оставить родных и друзей?\n---\n[[— Я легко завожу контакты. Но, видишь, я о тебе не забыл. Я же тебе звоню. Значит мне не всё равно, а?]]",
      "links": [
        {
          "name": "— Я легко завожу контакты. Но, видишь, я о тебе не забыл. Я же тебе звоню. Значит мне не всё равно, а?",
          "link": "— Я легко завожу контакты. Но, видишь, я о тебе не забыл. Я же тебе звоню. Значит мне не всё равно, а?",
          "pid": "27"
        }
      ],
      "name": "— Как же ты смог оставить родных и друзей?",
      "pid": "25",
      "position": {
        "x": "1250",
        "y": "2550"
      },
      "tags": [
        "t:h"
      ]
    },
    {
      "text": "— И тебе не было страшно? Ты уехал насовсем в другую страну?\n---\n[[— Ох. Мне никогда не было так страшно... Когда дома тебя уже... кх-кхм совсем не ждут и ты едешь в никуда, где у тебя ещё ничего нет. Это такой стресс - тебе не передать. У меня около месяца постоянно потели руки. Никогда не потели руки до этого. Заболели почки, проблемы с желудочно-кишечным трактом. Всё это нервы.]]",
      "links": [
        {
          "name": "— Ох. Мне никогда не было так страшно... Когда дома тебя уже... кх-кхм совсем не ждут и ты едешь в никуда, где у тебя ещё ничего нет. Это такой стресс - тебе не передать. У меня около месяца постоянно потели руки. Никогда не потели руки до этого. Заболели почки, проблемы с желудочно-кишечным трактом. Всё это нервы.",
          "link": "— Ох. Мне никогда не было так страшно... Когда дома тебя уже... кх-кхм совсем не ждут и ты едешь в никуда, где у тебя ещё ничего нет. Это такой стресс - тебе не передать. У меня около месяца постоянно потели руки. Никогда не потели руки до этого. Заболели почки, проблемы с желудочно-кишечным трактом. Всё это нервы.",
          "pid": "29"
        }
      ],
      "name": "— И тебе не было страшно? Ты уехал насовсем в другую страну?",
      "pid": "26",
      "position": {
        "x": "1425",
        "y": "2550"
      },
      "tags": [
        "t:h"
      ]
    },
    {
      "text": "— Я легко завожу контакты, а семья и без меня справится. Но, видишь, я о тебе не забыл. Звоню. Значит, мне не всё равно, а?\n---\n[[— А тогда мысль была такая: \"Никита, мы не молодеем, живём один раз\". И я решил, что не хочу быть мучеником в своей стране. А Ричард давно к себе звал. Да и тогда уже всё было подготовлено для политического убежища: проси - не хочу. Так оно и сложилось. Так что я будущий европеец, а может потом и американец. Как карта ляжет.]]",
      "links": [
        {
          "name": "— А тогда мысль была такая: \"Никита, мы не молодеем, живём один раз\". И я решил, что не хочу быть мучеником в своей стране. А Ричард давно к себе звал. Да и тогда уже всё было подготовлено для политического убежища: проси - не хочу. Так оно и сложилось. Так что я будущий европеец, а может потом и американец. Как карта ляжет.",
          "link": "— А тогда мысль была такая: \"Никита, мы не молодеем, живём один раз\". И я решил, что не хочу быть мучеником в своей стране. А Ричард давно к себе звал. Да и тогда уже всё было подготовлено для политического убежища: проси - не хочу. Так оно и сложилось. Так что я будущий европеец, а может потом и американец. Как карта ляжет.",
          "pid": "28"
        }
      ],
      "name": "— Я легко завожу контакты. Но, видишь, я о тебе не забыл. Я же тебе звоню. Значит мне не всё равно, а?",
      "pid": "27",
      "position": {
        "x": "1250",
        "y": "2725"
      },
      "tags": [
        "t:p"
      ]
    },
    {
      "text": "— А тогда мысль была такая: «Никита, ты не молодеешь, живём один раз». И я решил, что не хочу быть мучеником в своей стране. А Ричард давно к себе звал.  Так оно и сложилось. Так что я будущий европеец, а потом и американец, может быть. Как карта ляжет.\n---\n[[— Как вы там? Что происходит? Про меня говорят? Статьи видел. Не так много, как стоило бы. В конце концов, исчез один из лидеров движения.]]",
      "links": [
        {
          "name": "— Как вы там? Что происходит? Про меня говорят? Статьи видел. Не так много, как стоило бы. В конце концов, исчез один из лидеров движения.",
          "link": "— Как вы там? Что происходит? Про меня говорят? Статьи видел. Не так много, как стоило бы. В конце концов, исчез один из лидеров движения.",
          "pid": "9"
        }
      ],
      "name": "— А тогда мысль была такая: \"Никита, мы не молодеем, живём один раз\". И я решил, что не хочу быть мучеником в своей стране. А Ричард давно к себе звал. Да и тогда уже всё было подготовлено для политического убежища: проси - не хочу. Так оно и сложилось. Так что я будущий европеец, а может потом и американец. Как карта ляжет.",
      "pid": "28",
      "position": {
        "x": "1425",
        "y": "2925"
      },
      "tags": [
        "t:p",
        "setReaction:activist-man-main"
      ]
    },
    {
      "text": "— Ох. Мне никогда не было так страшно. Когда дома тебя уже совсем не ждут и ты едешь в никуда, где у тебя ещё ничего нет. Это стресс — тебе не передать. У меня около месяца постоянно потели руки. Никогда не потели руки до этого. Заболели почки, проблемы с желудочно-кишечным трактом. Нервы.\n---\n[[— А тогда мысль была такая: \"Никита, мы не молодеем, живём один раз\". И я решил, что не хочу быть мучеником в своей стране. А Ричард давно к себе звал. Да и тогда уже всё было подготовлено для политического убежища: проси - не хочу. Так оно и сложилось. Так что я будущий европеец, а может потом и американец. Как карта ляжет.]]",
      "links": [
        {
          "name": "— А тогда мысль была такая: \"Никита, мы не молодеем, живём один раз\". И я решил, что не хочу быть мучеником в своей стране. А Ричард давно к себе звал. Да и тогда уже всё было подготовлено для политического убежища: проси - не хочу. Так оно и сложилось. Так что я будущий европеец, а может потом и американец. Как карта ляжет.",
          "link": "— А тогда мысль была такая: \"Никита, мы не молодеем, живём один раз\". И я решил, что не хочу быть мучеником в своей стране. А Ричард давно к себе звал. Да и тогда уже всё было подготовлено для политического убежища: проси - не хочу. Так оно и сложилось. Так что я будущий европеец, а может потом и американец. Как карта ляжет.",
          "pid": "28"
        }
      ],
      "name": "— Ох. Мне никогда не было так страшно... Когда дома тебя уже... кх-кхм совсем не ждут и ты едешь в никуда, где у тебя ещё ничего нет. Это такой стресс - тебе не передать. У меня около месяца постоянно потели руки. Никогда не потели руки до этого. Заболели почки, проблемы с желудочно-кишечным трактом. Всё это нервы.",
      "pid": "29",
      "position": {
        "x": "1425",
        "y": "2725"
      },
      "tags": [
        "t:p",
        "setReaction:activist-man-scared",
        "delay:8000"
      ]
    },
    {
      "text": "— Я теперь в Европе. Далеко от вас. И надеюсь, что не вернусь. Упаси Господи.\n---\n[[— Почему ты исчез?]]",
      "links": [
        {
          "name": "— Почему ты исчез?",
          "link": "— Почему ты исчез?",
          "pid": "21"
        }
      ],
      "name": "— Я теперь в Европе. Далеко от вас. И надеюсь не вернусь. Упаси Господи.",
      "pid": "30",
      "position": {
        "x": "1625",
        "y": "1625"
      },
      "tags": [
        "t:p"
      ]
    },
    {
      "text": "— Если вкратце, то властям не понравилась наша деятельность.\n---\n[[— Подробности читай в моих мемуарах. Ха-ха.]]",
      "links": [
        {
          "name": "— Подробности читай в моих мемуарах. Ха-ха.",
          "link": "— Подробности читай в моих мемуарах. Ха-ха.",
          "pid": "32"
        }
      ],
      "name": "— Если вкратце властям не понравилась наша деятельность. Подробности читай в моих мемуарах. Ха-ха.",
      "pid": "31",
      "position": {
        "x": "1450",
        "y": "2175"
      },
      "tags": [
        "t:p",
        "setReaction:activist-man-irritated",
        "delay:3000"
      ]
    },
    {
      "text": "— Подробности читай в моих мемуарах. Ха-ха.\n---\n[[— Как же ты смог оставить родину и деятельность которой ты жил и болел?]]\n[[— Как же ты смог оставить родных и друзей?]]\n[[— И тебе не было страшно? Ты уехал насовсем в другую страну?]]",
      "links": [
        {
          "name": "— Как же ты смог оставить родину и деятельность которой ты жил и болел?",
          "link": "— Как же ты смог оставить родину и деятельность которой ты жил и болел?",
          "pid": "23"
        },
        {
          "name": "— Как же ты смог оставить родных и друзей?",
          "link": "— Как же ты смог оставить родных и друзей?",
          "pid": "25"
        },
        {
          "name": "— И тебе не было страшно? Ты уехал насовсем в другую страну?",
          "link": "— И тебе не было страшно? Ты уехал насовсем в другую страну?",
          "pid": "26"
        }
      ],
      "name": "— Подробности читай в моих мемуарах. Ха-ха.",
      "pid": "32",
      "position": {
        "x": "1450",
        "y": "2375"
      },
      "tags": [
        "t:p",
        "setReaction:activist-man-main"
      ]
    },
    {
      "text": "<i>Был обычный вечер за компом, вы изучали, как работает основная технология, используемая на работе. Звонков вы не ждали. Особенно от Никиты. Он набрал вам в Телеграме. Пару первых звонков вы специально пропустили, а на третий решили ответить.</i>\n---\n[[— Привет, Никита.]] ",
      "links": [
        {
          "name": "— Привет, Никита.",
          "link": "— Привет, Никита.",
          "pid": "2"
        }
      ],
      "name": "Был обычный вечер за компом, вы изучали, как работает основная технология используемая на работе. Звонков вы не ждали. Особенно от Никиты. Он набрал вам в Телеграме. Пару первых звоноков вы специально пропустили, а на третий решили ответить.",
      "pid": "33",
      "position": {
        "x": "1450",
        "y": "375"
      },
      "tags": [
        "t:p"
      ]
    },
    {
      "text": "<i>Если до этого вам казалось, что вы что-то знаете, то после нескольких недуачных собеседований вы почувствовали себя полным идиотом и решили сосредоточиться на чём-то одном, изучить и затем начать подаваться на вакансии. Тем не менее через короткое время с вами связались из одной из компаний, где вы были и предложили стажировку за минимальную оплату с возможностью вырасти до молодого разработчика. Вас это полностью устраивало.</i>\n---\n[[Был обычный вечер за компом, вы изучали, как работает основная технология используемая на работе. Звонков вы не ждали. Особенно от Никиты. Он набрал вам в Телеграме. Пару первых звоноков вы специально пропустили, а на третий решили ответить.]]",
      "links": [
        {
          "name": "Был обычный вечер за компом, вы изучали, как работает основная технология используемая на работе. Звонков вы не ждали. Особенно от Никиты. Он набрал вам в Телеграме. Пару первых звоноков вы специально пропустили, а на третий решили ответить.",
          "link": "Был обычный вечер за компом, вы изучали, как работает основная технология используемая на работе. Звонков вы не ждали. Особенно от Никиты. Он набрал вам в Телеграме. Пару первых звоноков вы специально пропустили, а на третий решили ответить.",
          "pid": "33"
        }
      ],
      "name": "Если до этого вам казалось, что вы что-то знаете, то после нескольких недуачных собеседований вы почувствовали себя полным идиотом и решили, что вам стоит сосредоточиться на чём-то одном, изучить и затем начать подаваться на вакансии. Тем не менее через короткое время с вами связались из одной из компаний, где вы были и предложили стажировку за минимальную оплату, с возможностью вырасти до молодого разработчика. Вас это полностью устраивало.",
      "pid": "34",
      "position": {
        "x": "1450",
        "y": "200"
      },
      "tags": [
        "t:p"
      ]
    }
  ],
  "name": "Активист 4",
  "startnode": "1",
  "creator": "Twine",
  "creator-version": "2.3.13",
  "ifid": "1FEBAACC-F398-409D-8CED-BBD31F7E8437"
}