{
  "passages": [
    {
      "text": "— Доброе утро. Извиняюсь за ранний звонок. На визитке сказано «в случае экстренной ситуации звонить в любое время»\n---\n[[— Да-да. Я всё помню.]]",
      "links": [
        {
          "name": "— Да-да. Я всё помню.",
          "link": "— Да-да. Я всё помню.",
          "pid": "2"
        }
      ],
      "name": "Активистка 1",
      "pid": "1",
      "position": {
        "x": "100",
        "y": "400"
      },
      "tags": [
        "t:sh"
      ]
    },
    {
      "text": "— Да-да. Я всё помню.\n---\n[[— Простите. Мы с вами говорим впервые. ]]",
      "links": [
        {
          "name": "— Простите. Мы с вами говорим впервые. ",
          "link": "— Простите. Мы с вами говорим впервые. ",
          "pid": "3"
        }
      ],
      "name": "— Да-да. Я всё помню.",
      "pid": "2",
      "position": {
        "x": "275",
        "y": "400"
      },
      "tags": [
        "t:p"
      ]
    },
    {
      "text": "— Простите. Мы с вами говорим впервые. \n---\n[[— Правда? Отлично! Как вас зовут и в чем вопрос?]]",
      "links": [
        {
          "name": "— Правда? Отлично! Как вас зовут и в чем вопрос?",
          "link": "— Правда? Отлично! Как вас зовут и в чем вопрос?",
          "pid": "4"
        }
      ],
      "name": "— Простите. Мы с вами говорим впервые. ",
      "pid": "3",
      "position": {
        "x": "450",
        "y": "400"
      },
      "tags": [
        "t:h"
      ]
    },
    {
      "text": "— Правда? Отлично! Как вас зовут и в чем вопрос?\n---\n[[— Name. Моего друга задержали люди в форме на вечеринке в клубе, а мои паспортные данные записали. Я не могу до него дозвониться. Друзья тоже его не видели со вчера. Дома не появлялся. Очень переживаю. Возможно ли узнать, где он и что с ним?]]",
      "links": [
        {
          "name": "— Name. Моего друга задержали люди в форме на вечеринке в клубе, а мои паспортные данные записали. Я не могу до него дозвониться. Друзья тоже его не видели со вчера. Дома не появлялся. Очень переживаю. Возможно ли узнать, где он и что с ним?",
          "link": "— Name. Моего друга задержали люди в форме на вечеринке в клубе, а мои паспортные данные записали. Я не могу до него дозвониться. Друзья тоже его не видели со вчера. Дома не появлялся. Очень переживаю. Возможно ли узнать, где он и что с ним?",
          "pid": "5"
        }
      ],
      "name": "— Правда? Отлично! Как вас зовут и в чем вопрос?",
      "pid": "4",
      "position": {
        "x": "625",
        "y": "400"
      },
      "tags": [
        "t:p"
      ]
    },
    {
      "text": "— <Name>. Моего друга задержали люди в форме на вечеринке в клубе, а мои паспортные данные записали. Я не могу до него дозвониться. Друзья тоже его не видели со вчера. Дома не появлялся. Очень переживаю. Возможно ли узнать, где он и что с ним?\n---\n[[— Это же дело по ЛГБТК+ вечеринке? Организация Никиты устраивала? Я, конечно, могу помочь, но вам удобнее звонить ему прямо. Они оказывают юридическую помощь, как и мы, но лучше понимают случившееся и могут уже знать, куда людей увезли.]]",
      "links": [
        {
          "name": "— Это же дело по ЛГБТК+ вечеринке? Организация Никиты устраивала? Я, конечно, могу помочь, но вам удобнее звонить ему прямо. Они оказывают юридическую помощь, как и мы, но лучше понимают случившееся и могут уже знать, куда людей увезли.",
          "link": "— Это же дело по ЛГБТК+ вечеринке? Организация Никиты устраивала? Я, конечно, могу помочь, но вам удобнее звонить ему прямо. Они оказывают юридическую помощь, как и мы, но лучше понимают случившееся и могут уже знать, куда людей увезли.",
          "pid": "6"
        }
      ],
      "name": "— Name. Моего друга задержали люди в форме на вечеринке в клубе, а мои паспортные данные записали. Я не могу до него дозвониться. Друзья тоже его не видели со вчера. Дома не появлялся. Очень переживаю. Возможно ли узнать, где он и что с ним?",
      "pid": "5",
      "position": {
        "x": "800",
        "y": "400"
      },
      "tags": [
        "t:h"
      ]
    },
    {
      "text": "— Это же дело по ЛГБТК+ вечеринке? Freedom Equality устраивала, организация Никиты? Я, конечно, могу помочь, но вам удобнее звонить прямо им. Они оказывают юридическую помощь, как и мы, но лучше понимают случившееся и могут уже знать, куда людей увезли.\n---\n[[— Я звонил напрямую Никите. Он не помог. Сказал, что ему не до того сейчас.]]",
      "links": [
        {
          "name": "— Я звонил напрямую Никите. Он не помог. Сказал, что ему не до того сейчас.",
          "link": "— Я звонил напрямую Никите. Он не помог. Сказал, что ему не до того сейчас.",
          "pid": "7"
        }
      ],
      "name": "— Это же дело по ЛГБТК+ вечеринке? Организация Никиты устраивала? Я, конечно, могу помочь, но вам удобнее звонить ему прямо. Они оказывают юридическую помощь, как и мы, но лучше понимают случившееся и могут уже знать, куда людей увезли.",
      "pid": "6",
      "position": {
        "x": "975",
        "y": "396"
      },
      "tags": [
        "t:p"
      ]
    },
    {
      "text": "— Я звонил напрямую Никите. Он не помог. Сказал, что ему не до того сейчас.\n---\n[[— Ой, вот как? Можешь очень подробно, но коротко изложить проблему.]]",
      "links": [
        {
          "name": "— Ой, вот как? Можешь очень подробно, но коротко изложить проблему.",
          "link": "— Ой, вот как? Можешь очень подробно, но коротко изложить проблему.",
          "pid": "8"
        }
      ],
      "name": "— Я звонил напрямую Никите. Он не помог. Сказал, что ему не до того сейчас.",
      "pid": "7",
      "position": {
        "x": "1154",
        "y": "400"
      },
      "tags": [
        "t:h"
      ]
    },
    {
      "text": "— Ой, вот как? Можешь очень подробно, но коротко изложить проблему.\n---\n[[Изложить проблему.]]",
      "links": [
        {
          "name": "Изложить проблему.",
          "link": "Изложить проблему.",
          "pid": "9"
        }
      ],
      "name": "— Ой, вот как? Можешь очень подробно, но коротко изложить проблему.",
      "pid": "8",
      "position": {
        "x": "1325",
        "y": "400"
      },
      "tags": [
        "t:p"
      ]
    },
    {
      "text": "<i>Изложить проблему.</i>\n---\n[[— Я поняла. Вы хотите узнать, что с вашим другом Сашей. Да уж... Нина попробует пробить информацию по нашим канала и свяжет тебя с юристом.]]",
      "links": [
        {
          "name": "— Я поняла. Вы хотите узнать, что с вашим другом Сашей. Да уж... Нина попробует пробить информацию по нашим канала и свяжет тебя с юристом.",
          "link": "— Я поняла. Вы хотите узнать, что с вашим другом Сашей. Да уж... Нина попробует пробить информацию по нашим канала и свяжет тебя с юристом.",
          "pid": "10"
        }
      ],
      "name": "Изложить проблему.",
      "pid": "9",
      "position": {
        "x": "1500",
        "y": "400"
      },
      "tags": [
        "t:h"
      ]
    },
    {
      "text": "— Я поняла. Вы хотите узнать, что с вашим другом Сашей. Да уж... Нина попробует пробить информацию по нашим канала и свяжет тебя с юристом.\n---\n[[— Хотя нет... Она слишком занята по завтрашнему суду... Сама тогда.]]",
      "links": [
        {
          "name": "— Хотя нет... Она слишком занята по завтрашнему суду... Сама тогда.",
          "link": "— Хотя нет... Она слишком занята по завтрашнему суду... Сама тогда.",
          "pid": "11"
        }
      ],
      "name": "— Я поняла. Вы хотите узнать, что с вашим другом Сашей. Да уж... Нина попробует пробить информацию по нашим канала и свяжет тебя с юристом.",
      "pid": "10",
      "position": {
        "x": "1679",
        "y": "396"
      },
      "tags": [
        "t:p"
      ]
    },
    {
      "text": "— Хотя нет... Она слишком занята по завтрашнему суду... Сама тогда.\n---\n[[— Подождите полчаса: узнаю, кто тебя может принять сегодня и перезвоню.]]",
      "links": [
        {
          "name": "— Подождите полчаса: узнаю, кто тебя может принять сегодня и перезвоню.",
          "link": "— Подождите полчаса: узнаю, кто тебя может принять сегодня и перезвоню.",
          "pid": "12"
        }
      ],
      "name": "— Хотя нет... Она слишком занята по завтрашнему суду... Сама тогда.",
      "pid": "11",
      "position": {
        "x": "1850",
        "y": "400"
      },
      "tags": [
        "t:p",
        "setReaction:activist-woman-tired"
      ]
    },
    {
      "text": "— Подождите полчаса: узнаю, кто тебя может принять сегодня и перезвоню.\n---\n[[— Спасибо, буду ждать звонка.]]",
      "links": [
        {
          "name": "— Спасибо, буду ждать звонка.",
          "link": "— Спасибо, буду ждать звонка.",
          "pid": "14"
        }
      ],
      "name": "— Подождите полчаса: узнаю, кто тебя может принять сегодня и перезвоню.",
      "pid": "12",
      "position": {
        "x": "2025",
        "y": "400"
      },
      "tags": [
        "t:p"
      ]
    },
    {
      "text": "<i>Диалог окончен. Вы можете вернуться на главный экран.</i>",
      "name": "Диалог окончен. Вы можете вернуться на главный экран.",
      "pid": "13",
      "position": {
        "x": "3075",
        "y": "400"
      },
      "tags": [
        "t:p",
        "showThing:elixir",
        "finishBlock",
        "set:activist-woman-item:1"
      ]
    },
    {
      "text": "— Спасибо, буду ждать звонка.\n---\n[[Через полчаса девушка перезвонила и дала вам контакты дружественных к ЛГБТК+ юриста и психотерапевтки.]]\n",
      "links": [
        {
          "name": "Через полчаса девушка перезвонила и дала вам контакты дружественных к ЛГБТК+ юриста и психотерапевтки.",
          "link": "Через полчаса девушка перезвонила и дала вам контакты дружественных к ЛГБТК+ юриста и психотерапевтки.",
          "pid": "15"
        }
      ],
      "name": "— Спасибо, буду ждать звонка.",
      "pid": "14",
      "position": {
        "x": "2200",
        "y": "400"
      },
      "tags": [
        "t:h"
      ]
    },
    {
      "text": "<i>Через полчаса девушка перезвонила и дала вам контакты дружественного к ЛГБТК+ юриста и психотерапевтки.</i>\n---\n[[— Подскажите, а зачем мне контакт психотерапевтки? Мне же нужно только другу помочь.]]\n[[— Я уже был у психолога. Он мне такого наговорил...]]",
      "links": [
        {
          "name": "— Подскажите, а зачем мне контакт психотерапевтки? Мне же нужно только другу помочь.",
          "link": "— Подскажите, а зачем мне контакт психотерапевтки? Мне же нужно только другу помочь.",
          "pid": "16"
        },
        {
          "name": "— Я уже был у психолога. Он мне такого наговорил...",
          "link": "— Я уже был у психолога. Он мне такого наговорил...",
          "pid": "19"
        }
      ],
      "name": "Через полчаса девушка перезвонила и дала вам контакты дружественных к ЛГБТК+ юриста и психотерапевтки.",
      "pid": "15",
      "position": {
        "x": "2379",
        "y": "400"
      },
      "tags": [
        "t:p",
        "unlockPerson:19",
        "unlockPerson:20",
        "setReaction:activist-woman-main"
      ]
    },
    {
      "text": "— Подскажите, а зачем мне контакт психотерапевтки? Мне же нужно только другу помочь.\n---\n[[— У нас сейчас есть бесплатные консультации для ЛГБТК+ от дружественной специалистки. Это вам для информации. Может, пригодится.]]",
      "links": [
        {
          "name": "— У нас сейчас есть бесплатные консультации для ЛГБТК+ от дружественной специалистки. Это вам для информации. Может, пригодится.",
          "link": "— У нас сейчас есть бесплатные консультации для ЛГБТК+ от дружественной специалистки. Это вам для информации. Может, пригодится.",
          "pid": "17"
        }
      ],
      "name": "— Подскажите, а зачем мне контакт психотерапевтки? Мне же нужно только другу помочь.",
      "pid": "16",
      "position": {
        "x": "2550",
        "y": "300"
      },
      "tags": [
        "t:h"
      ]
    },
    {
      "text": "— У нас сейчас есть бесплатные консультации для ЛГБТК+ от дружественной специалистки. Это вам для информации. Может, пригодится.\n---\n[[— Спасибо большое.]]",
      "links": [
        {
          "name": "— Спасибо большое.",
          "link": "— Спасибо большое.",
          "pid": "18"
        }
      ],
      "name": "— У нас сейчас есть бесплатные консультации для ЛГБТК+ от дружественной специалистки. Это вам для информации. Может, пригодится.",
      "pid": "17",
      "position": {
        "x": "2725",
        "y": "300"
      },
      "tags": [
        "t:p"
      ]
    },
    {
      "text": "— Спасибо большое.\n---\n[[Диалог окончен. Вы можете вернуться на главный экран.]]",
      "links": [
        {
          "name": "Диалог окончен. Вы можете вернуться на главный экран.",
          "link": "Диалог окончен. Вы можете вернуться на главный экран.",
          "pid": "13"
        }
      ],
      "name": "— Спасибо большое.",
      "pid": "18",
      "position": {
        "x": "2900",
        "y": "300"
      },
      "tags": [
        "t:h"
      ]
    },
    {
      "text": "— Я уже один раз был у психолога. Он мне такого наговорил...\n---\n[[— Сочувствую. Человек любой профессии может оказаться гомофобом. Мы работаем только с дружественными к ЛГБТК+ специалистами.]]",
      "links": [
        {
          "name": "— Сочувствую. Человек любой профессии может оказаться гомофобом. Мы работаем только с дружественными к ЛГБТК+ специалистами.",
          "link": "— Сочувствую. Человек любой профессии может оказаться гомофобом. Мы работаем только с дружественными к ЛГБТК+ специалистами.",
          "pid": "20"
        }
      ],
      "name": "— Я уже был у психолога. Он мне такого наговорил...",
      "pid": "19",
      "position": {
        "x": "2550",
        "y": "500"
      },
      "tags": [
        "t:h",
        "hide:psychologistFinished:=:1"
      ]
    },
    {
      "text": "— Сочувствую. Человек любой профессии может оказаться гомофобом. Мы работаем только с дружественными к ЛГБТК+ специалистами.\n---\n[[— Спасибо, учту.]]",
      "links": [
        {
          "name": "— Спасибо, учту.",
          "link": "— Спасибо, учту.",
          "pid": "21"
        }
      ],
      "name": "— Сочувствую. Человек любой профессии может оказаться гомофобом. Мы работаем только с дружественными к ЛГБТК+ специалистами.",
      "pid": "20",
      "position": {
        "x": "2725",
        "y": "500"
      },
      "tags": [
        "t:p"
      ]
    },
    {
      "text": "— Спасибо, учту.\n---\n[[Диалог окончен. Вы можете вернуться на главный экран.]]",
      "links": [
        {
          "name": "Диалог окончен. Вы можете вернуться на главный экран.",
          "link": "Диалог окончен. Вы можете вернуться на главный экран.",
          "pid": "13"
        }
      ],
      "name": "— Спасибо, учту.",
      "pid": "21",
      "position": {
        "x": "2900",
        "y": "500"
      },
      "tags": [
        "t:h"
      ]
    }
  ],
  "name": "Активистка 1",
  "startnode": "1",
  "creator": "Twine",
  "creator-version": "2.3.14",
  "ifid": "E1DB1B8C-CCB2-4756-8352-D30BB74069C2"
}