{
  "passages": [
    {
      "text": "<i>Никиты не было на вечеринке в клубе. Одна из волонтёрок, которую поставили на вход, рассказала, что уже дня три о нём ничего не было слышно. На телефон он не отвечал. Вы всё-таки решили попробовать маякнуть ему в Телеграме. К вашему удивлению Никита ответил.</i>\n---\n[[— Я занят.]]",
      "links": [
        {
          "name": "— Я занят.",
          "link": "— Я занят.",
          "pid": "2"
        }
      ],
      "name": "Активист 3",
      "pid": "1",
      "position": {
        "x": "1375",
        "y": "50"
      },
      "tags": [
        "t:sp"
      ]
    },
    {
      "text": "— Я занят.\n---\n[[— Какого фига, Никита? Тут облава на тобой устроенной вечеринке! Людей задерживают! Ты где?!]]\n[[— Никита? Тут облава на тобой устроенной вечеринке. Людей задерживают! Ты где?]]",
      "links": [
        {
          "name": "— Какого фига, Никита? Тут облава на тобой устроенной вечеринке! Людей задерживают! Ты где?!",
          "link": "— Какого фига, Никита? Тут облава на тобой устроенной вечеринке! Людей задерживают! Ты где?!",
          "pid": "3"
        },
        {
          "name": "— Никита? Тут облава на тобой устроенной вечеринке. Людей задерживают! Ты где?",
          "link": "— Никита? Тут облава на тобой устроенной вечеринке. Людей задерживают! Ты где?",
          "pid": "4"
        }
      ],
      "name": "— Я занят.",
      "pid": "2",
      "position": {
        "x": "1375",
        "y": "225"
      },
      "tags": [
        "t:p",
        "setReaction:activist-man-irritated"
      ]
    },
    {
      "text": "— Какого фига, Никита? Тут облава на тобой устроенной вечеринке! Людей задерживают! Ты где?!\n---\n[[— Умерь пыл, малый. Сочувствую. Ничем не могу помочь. Сорри. У самого проблемы.]]",
      "links": [
        {
          "name": "— Умерь пыл, малый. Сочувствую. Ничем не могу помочь. Сорри. У самого проблемы.",
          "link": "— Умерь пыл, малый. Сочувствую. Ничем не могу помочь. Сорри. У самого проблемы.",
          "pid": "5"
        }
      ],
      "name": "— Какого фига, Никита? Тут облава на тобой устроенной вечеринке! Людей задерживают! Ты где?!",
      "pid": "3",
      "position": {
        "x": "1304",
        "y": "404"
      },
      "tags": [
        "t:h"
      ]
    },
    {
      "text": "— Никита? Тут облава на тобой устроенной вечеринке. Людей задерживают! Ты где?\n---\n[[— Сочувствую, понимаю каково вам и ничем не могу помочь. У самого сейчас проблем по горло.]]",
      "links": [
        {
          "name": "— Сочувствую, понимаю каково вам и ничем не могу помочь. У самого сейчас проблем по горло.",
          "link": "— Сочувствую, понимаю каково вам и ничем не могу помочь. У самого сейчас проблем по горло.",
          "pid": "6"
        }
      ],
      "name": "— Никита? Тут облава на тобой устроенной вечеринке. Людей задерживают! Ты где?",
      "pid": "4",
      "position": {
        "x": "1450",
        "y": "400"
      },
      "tags": [
        "t:h"
      ]
    },
    {
      "text": "— Умерь пыл, малый. Сочувствую. Ничем не могу помочь. Сорри. У самого проблемы.\n---\n[[— А как же?..]]\n[[— Какие проблемы?]]\n[[— Хоть подскажи, что делать? Моего друга задержали.]]",
      "links": [
        {
          "name": "— А как же?..",
          "link": "— А как же?..",
          "pid": "7"
        },
        {
          "name": "— Какие проблемы?",
          "link": "— Какие проблемы?",
          "pid": "8"
        },
        {
          "name": "— Хоть подскажи, что делать? Моего друга задержали.",
          "link": "— Хоть подскажи, что делать? Моего друга задержали.",
          "pid": "9"
        }
      ],
      "name": "— Умерь пыл, малый. Сочувствую. Ничем не могу помочь. Сорри. У самого проблемы.",
      "pid": "5",
      "position": {
        "x": "1250",
        "y": "575"
      },
      "tags": [
        "t:p"
      ]
    },
    {
      "text": "— Сочувствую, понимаю каково вам и ничем не могу помочь. У самого сейчас проблем по горло.\n---\n[[— А как же?..]]\n[[— Какие проблемы?]]\n[[— Хоть подскажи, что делать? Моего друга задержали.]]",
      "links": [
        {
          "name": "— А как же?..",
          "link": "— А как же?..",
          "pid": "7"
        },
        {
          "name": "— Какие проблемы?",
          "link": "— Какие проблемы?",
          "pid": "8"
        },
        {
          "name": "— Хоть подскажи, что делать? Моего друга задержали.",
          "link": "— Хоть подскажи, что делать? Моего друга задержали.",
          "pid": "9"
        }
      ],
      "name": "— Сочувствую, понимаю каково вам и ничем не могу помочь. У самого сейчас проблем по горло.",
      "pid": "6",
      "position": {
        "x": "1500",
        "y": "575"
      },
      "tags": [
        "t:p",
        "setReaction:activist-man-main"
      ]
    },
    {
      "text": "— А как же?..\n---\n[[— Как же что? Ответственность? Принципы? Я вынужден сделать важное решение, которое навсегда может изменить мою жизнь к лучшему. И так тяжело. Не могу тебе ничем помочь сейчас. Извиняй.]]",
      "links": [
        {
          "name": "— Как же что? Ответственность? Принципы? Я вынужден сделать важное решение, которое навсегда может изменить мою жизнь к лучшему. И так тяжело. Не могу тебе ничем помочь сейчас. Извиняй.",
          "link": "— Как же что? Ответственность? Принципы? Я вынужден сделать важное решение, которое навсегда может изменить мою жизнь к лучшему. И так тяжело. Не могу тебе ничем помочь сейчас. Извиняй.",
          "pid": "10"
        }
      ],
      "name": "— А как же?..",
      "pid": "7",
      "position": {
        "x": "1175",
        "y": "800"
      },
      "tags": [
        "t:h"
      ]
    },
    {
      "text": "— Какие проблемы?\n---\n[[— Не могу рассказать. Я тебе случайно ответил. Ждал звонка. Мне совершенно не до других сейчас. Если бы ты знал, что со мной происходит...]]",
      "links": [
        {
          "name": "— Не могу рассказать. Я тебе случайно ответил. Ждал звонка. Мне совершенно не до других сейчас. Если бы ты знал, что со мной происходит...",
          "link": "— Не могу рассказать. Я тебе случайно ответил. Ждал звонка. Мне совершенно не до других сейчас. Если бы ты знал, что со мной происходит...",
          "pid": "11"
        }
      ],
      "name": "— Какие проблемы?",
      "pid": "8",
      "position": {
        "x": "1375",
        "y": "800"
      },
      "tags": [
        "t:h"
      ]
    },
    {
      "text": "— Хоть подскажи, что делать? Моего друга задержали.\n---\n[[— Задержания на ЛГБТК+ вечеринках бывают. Справлялись всегда. Спроси совета тех активистов, что на месте сейчас. Что мало людей рядом?]]",
      "links": [
        {
          "name": "— Задержания на ЛГБТК+ вечеринках бывают. Справлялись всегда. Спроси совета тех активистов, что на месте сейчас. Что мало людей рядом?",
          "link": "— Задержания на ЛГБТК+ вечеринках бывают. Справлялись всегда. Спроси совета тех активистов, что на месте сейчас. Что мало людей рядом?",
          "pid": "12"
        }
      ],
      "name": "— Хоть подскажи, что делать? Моего друга задержали.",
      "pid": "9",
      "position": {
        "x": "1600",
        "y": "800"
      },
      "tags": [
        "t:h"
      ]
    },
    {
      "text": "— Как же что? Ответственность? Принципы? Я вынужден сделать важное решение, которое навсегда может изменить мою жизнь к лучшему. И так тяжело. Не могу тебе ничем помочь сейчас. Извиняй.\n---\n[[— Ладно. Пока.]]\n[[— Я в тебе разочарован, Никита.]]\n[[— Мы ещё увидимся?]]",
      "links": [
        {
          "name": "— Ладно. Пока.",
          "link": "— Ладно. Пока.",
          "pid": "13"
        },
        {
          "name": "— Я в тебе разочарован, Никита.",
          "link": "— Я в тебе разочарован, Никита.",
          "pid": "14"
        },
        {
          "name": "— Мы ещё увидимся?",
          "link": "— Мы ещё увидимся?",
          "pid": "15"
        }
      ],
      "name": "— Как же что? Ответственность? Принципы? Я вынужден сделать важное решение, которое навсегда может изменить мою жизнь к лучшему. И так тяжело. Не могу тебе ничем помочь сейчас. Извиняй.",
      "pid": "10",
      "position": {
        "x": "1150",
        "y": "1025"
      },
      "tags": [
        "t:p"
      ]
    },
    {
      "text": "— Не могу рассказать. Я тебе случайно ответил. Ждал звонка. Мне совершенно не до других сейчас. Если бы ты знал, что со мной происходит...\n---\n[[— Ладно. Пока.]]\n[[— Я в тебе разочарован, Никита.]]\n[[— Мы ещё увидимся?]]",
      "links": [
        {
          "name": "— Ладно. Пока.",
          "link": "— Ладно. Пока.",
          "pid": "13"
        },
        {
          "name": "— Я в тебе разочарован, Никита.",
          "link": "— Я в тебе разочарован, Никита.",
          "pid": "14"
        },
        {
          "name": "— Мы ещё увидимся?",
          "link": "— Мы ещё увидимся?",
          "pid": "15"
        }
      ],
      "name": "— Не могу рассказать. Я тебе случайно ответил. Ждал звонка. Мне совершенно не до других сейчас. Если бы ты знал, что со мной происходит...",
      "pid": "11",
      "position": {
        "x": "1375",
        "y": "1000"
      },
      "tags": [
        "t:p",
        "setReaction:activist-man-main"
      ]
    },
    {
      "text": "— Задержания на ЛГБТК+ вечеринках бывают. Справлялись всегда. Спроси совета тех активистов, что на месте сейчас. Что мало людей рядом?\n---\n[[— Ладно. Пока.]]\n[[— Я в тебе разочарован, Никита.]]\n[[— Мы ещё увидимся?]]",
      "links": [
        {
          "name": "— Ладно. Пока.",
          "link": "— Ладно. Пока.",
          "pid": "13"
        },
        {
          "name": "— Я в тебе разочарован, Никита.",
          "link": "— Я в тебе разочарован, Никита.",
          "pid": "14"
        },
        {
          "name": "— Мы ещё увидимся?",
          "link": "— Мы ещё увидимся?",
          "pid": "15"
        }
      ],
      "name": "— Задержания на ЛГБТК+ вечеринках бывают. Справлялись всегда. Спроси совета тех активистов, что на месте сейчас. Что мало людей рядом?",
      "pid": "12",
      "position": {
        "x": "1650",
        "y": "1000"
      },
      "tags": [
        "t:p",
        "setReaction:activist-man-irritated"
      ]
    },
    {
      "text": "— Ладно. Пока.\n---\n[[— Давай, не дуйся. Последнее: помнишь, я говорил тебе про подработку и встречу в понедельник? Там всё в силе. Не отказывайся от возможности. Адрес, время и контакты скину. Не дури и забудь про сегодняшние неурядицы. Это стоящая возможность: нормальная работа и доход.]] ",
      "links": [
        {
          "name": "— Давай, не дуйся. Последнее: помнишь, я говорил тебе про подработку и встречу в понедельник? Там всё в силе. Не отказывайся от возможности. Адрес, время и контакты скину. Не дури и забудь про сегодняшние неурядицы. Это стоящая возможность: нормальная работа и доход.",
          "link": "— Давай, не дуйся. Последнее: помнишь, я говорил тебе про подработку и встречу в понедельник? Там всё в силе. Не отказывайся от возможности. Адрес, время и контакты скину. Не дури и забудь про сегодняшние неурядицы. Это стоящая возможность: нормальная работа и доход.",
          "pid": "16"
        }
      ],
      "name": "— Ладно. Пока.",
      "pid": "13",
      "position": {
        "x": "1375",
        "y": "1275"
      },
      "tags": [
        "t:h"
      ]
    },
    {
      "text": "— Я в тебе разочарован, Никита.\n---\n[[— С твоими чувствами ничего не могу поделать. Последнее: помнишь, я говорил тебе про возможность подработки и встречу в понедельник? Там всё в силе. Не отказывайся от возможности. Адрес, время и контакты скину. Не дури и забудь про сегодняшние неурядицы. Это стоящая возможность: нормальная работа и доход.]]",
      "links": [
        {
          "name": "— С твоими чувствами ничего не могу поделать. Последнее: помнишь, я говорил тебе про возможность подработки и встречу в понедельник? Там всё в силе. Не отказывайся от возможности. Адрес, время и контакты скину. Не дури и забудь про сегодняшние неурядицы. Это стоящая возможность: нормальная работа и доход.",
          "link": "— С твоими чувствами ничего не могу поделать. Последнее: помнишь, я говорил тебе про возможность подработки и встречу в понедельник? Там всё в силе. Не отказывайся от возможности. Адрес, время и контакты скину. Не дури и забудь про сегодняшние неурядицы. Это стоящая возможность: нормальная работа и доход.",
          "pid": "17"
        }
      ],
      "name": "— Я в тебе разочарован, Никита.",
      "pid": "14",
      "position": {
        "x": "1175",
        "y": "1275"
      },
      "tags": [
        "t:h"
      ]
    },
    {
      "text": "— Мы ещё увидимся?\n---\n[[— Для меня лучше, чтобы не увиделись, по крайней мере в ближайшие несколько месяцев... Последнее: помнишь, я говорил тебе про возможность подработки и встречу в понедельник? Там всё в силе. Не отказывайся от возможности. Адрес, время и контакты скину. Не дури и забудь про сегодняшние неурядицы. Это стоящая возможность: нормальная работа и доход.]]",
      "links": [
        {
          "name": "— Для меня лучше, чтобы не увиделись, по крайней мере в ближайшие несколько месяцев... Последнее: помнишь, я говорил тебе про возможность подработки и встречу в понедельник? Там всё в силе. Не отказывайся от возможности. Адрес, время и контакты скину. Не дури и забудь про сегодняшние неурядицы. Это стоящая возможность: нормальная работа и доход.",
          "link": "— Для меня лучше, чтобы не увиделись, по крайней мере в ближайшие несколько месяцев... Последнее: помнишь, я говорил тебе про возможность подработки и встречу в понедельник? Там всё в силе. Не отказывайся от возможности. Адрес, время и контакты скину. Не дури и забудь про сегодняшние неурядицы. Это стоящая возможность: нормальная работа и доход.",
          "pid": "18"
        }
      ],
      "name": "— Мы ещё увидимся?",
      "pid": "15",
      "position": {
        "x": "1600",
        "y": "1250"
      },
      "tags": [
        "t:h"
      ]
    },
    {
      "text": "— Давай, не дуйся. Последнее. Помнишь, я говорил тебе про подработку и встречу в понедельник? Там всё в силе. Не отказывайся от возможности. Адрес, время и контакты скину. Не дури и забудь про сегодняшние неурядицы. Это стоящая возможность: нормальная работа и доход.\n---\n[[— Пожелай мне удачи, она мне понадобиться.]]",
      "links": [
        {
          "name": "— Пожелай мне удачи, она мне понадобиться.",
          "link": "— Пожелай мне удачи, она мне понадобиться.",
          "pid": "19"
        }
      ],
      "name": "— Давай, не дуйся. Последнее: помнишь, я говорил тебе про подработку и встречу в понедельник? Там всё в силе. Не отказывайся от возможности. Адрес, время и контакты скину. Не дури и забудь про сегодняшние неурядицы. Это стоящая возможность: нормальная работа и доход.",
      "pid": "16",
      "position": {
        "x": "1375",
        "y": "1475"
      },
      "tags": [
        "t:p",
        "setReaction:activist-man-main"
      ]
    },
    {
      "text": "— С твоими чувствами ничего не могу поделать. Последнее. Помнишь, я говорил тебе про возможность подработки и встречу в понедельник? Там всё в силе. Не отказывайся от возможности. Адрес, время и контакты скину. Не дури и забудь про сегодняшние неурядицы. Это стоящая возможность: нормальная работа и доход.\n---\n[[— Пожелай мне удачи, она мне понадобиться.]]",
      "links": [
        {
          "name": "— Пожелай мне удачи, она мне понадобиться.",
          "link": "— Пожелай мне удачи, она мне понадобиться.",
          "pid": "19"
        }
      ],
      "name": "— С твоими чувствами ничего не могу поделать. Последнее: помнишь, я говорил тебе про возможность подработки и встречу в понедельник? Там всё в силе. Не отказывайся от возможности. Адрес, время и контакты скину. Не дури и забудь про сегодняшние неурядицы. Это стоящая возможность: нормальная работа и доход.",
      "pid": "17",
      "position": {
        "x": "1175",
        "y": "1475"
      },
      "tags": [
        "t:p",
        "setReaction:activist-man-main"
      ]
    },
    {
      "text": "— Для меня лучше, чтобы не увиделись. По крайней мере в ближайшие несколько месяцев. Последнее. Помнишь, я говорил тебе про возможность подработки и встречу в понедельник? Там всё в силе. Не отказывайся от возможности. Адрес, время и контакты скину. Не дури и забудь про сегодняшние неурядицы. Это стоящая возможность: нормальная работа и доход.\n---\n[[— Пожелай мне удачи, она мне понадобиться.]]",
      "links": [
        {
          "name": "— Пожелай мне удачи, она мне понадобиться.",
          "link": "— Пожелай мне удачи, она мне понадобиться.",
          "pid": "19"
        }
      ],
      "name": "— Для меня лучше, чтобы не увиделись, по крайней мере в ближайшие несколько месяцев... Последнее: помнишь, я говорил тебе про возможность подработки и встречу в понедельник? Там всё в силе. Не отказывайся от возможности. Адрес, время и контакты скину. Не дури и забудь про сегодняшние неурядицы. Это стоящая возможность: нормальная работа и доход.",
      "pid": "18",
      "position": {
        "x": "1600",
        "y": "1475"
      },
      "tags": [
        "t:p",
        "setReaction:activist-man-main"
      ]
    },
    {
      "text": "— И пожелай мне удачи, она мне понадобиться.\n---\n[[— Удачи, Никита.]]\n[[— Не могу. Ты безответственно поступил. На тебя люди рассчитывали!]]\n[[— Прощай, Никита.]]",
      "links": [
        {
          "name": "— Удачи, Никита.",
          "link": "— Удачи, Никита.",
          "pid": "20"
        },
        {
          "name": "— Не могу. Ты безответственно поступил. На тебя люди рассчитывали!",
          "link": "— Не могу. Ты безответственно поступил. На тебя люди рассчитывали!",
          "pid": "21"
        },
        {
          "name": "— Прощай, Никита.",
          "link": "— Прощай, Никита.",
          "pid": "22"
        }
      ],
      "name": "— Пожелай мне удачи, она мне понадобиться.",
      "pid": "19",
      "position": {
        "x": "1375",
        "y": "1650"
      },
      "tags": [
        "t:p",
        "unlockPerson:17",
        "setReaction:activist-man-irritated"
      ]
    },
    {
      "text": "— Удачи, Никита.\n---\n[[Никита пропадает из сети и не уже не отвечает вам. Несколько дней его не было в сети и даже когда он появился ваше сообщение так и висело непрочитанным.]]",
      "links": [
        {
          "name": "Никита пропадает из сети и не уже не отвечает вам. Несколько дней его не было в сети и даже когда он появился ваше сообщение так и висело непрочитанным.",
          "link": "Никита пропадает из сети и не уже не отвечает вам. Несколько дней его не было в сети и даже когда он появился ваше сообщение так и висело непрочитанным.",
          "pid": "23"
        }
      ],
      "name": "— Удачи, Никита.",
      "pid": "20",
      "position": {
        "x": "1175",
        "y": "1850"
      },
      "tags": [
        "t:h"
      ]
    },
    {
      "text": "— Не могу. Ты безответственно поступил. На тебя люди рассчитывали!\n---\n[[Никита пропадает из сети и не уже не отвечает вам. Несколько дней его не было в сети и даже когда он появился ваше сообщение так и висело непрочитанным.]]",
      "links": [
        {
          "name": "Никита пропадает из сети и не уже не отвечает вам. Несколько дней его не было в сети и даже когда он появился ваше сообщение так и висело непрочитанным.",
          "link": "Никита пропадает из сети и не уже не отвечает вам. Несколько дней его не было в сети и даже когда он появился ваше сообщение так и висело непрочитанным.",
          "pid": "23"
        }
      ],
      "name": "— Не могу. Ты безответственно поступил. На тебя люди рассчитывали!",
      "pid": "21",
      "position": {
        "x": "1375",
        "y": "1850"
      },
      "tags": [
        "t:h"
      ]
    },
    {
      "text": "— Прощай, Никита.\n---\n[[Никита пропадает из сети и не уже не отвечает вам. Несколько дней его не было в сети и даже когда он появился ваше сообщение так и висело непрочитанным.]]",
      "links": [
        {
          "name": "Никита пропадает из сети и не уже не отвечает вам. Несколько дней его не было в сети и даже когда он появился ваше сообщение так и висело непрочитанным.",
          "link": "Никита пропадает из сети и не уже не отвечает вам. Несколько дней его не было в сети и даже когда он появился ваше сообщение так и висело непрочитанным.",
          "pid": "23"
        }
      ],
      "name": "— Прощай, Никита.",
      "pid": "22",
      "position": {
        "x": "1600",
        "y": "1850"
      },
      "tags": [
        "t:h"
      ]
    },
    {
      "text": "<i>Никита пропадает из сети и уже не отвечает вам. Несколько дней его не было в онлайн и, даже когда он появился, ваше сообщение так и осталось непрочитанным.</i>\n---\n[[Конец]]",
      "links": [
        {
          "name": "Конец",
          "link": "Конец",
          "pid": "24"
        }
      ],
      "name": "Никита пропадает из сети и не уже не отвечает вам. Несколько дней его не было в сети и даже когда он появился ваше сообщение так и висело непрочитанным.",
      "pid": "23",
      "position": {
        "x": "1375",
        "y": "2075"
      },
      "tags": [
        "t:p"
      ]
    },
    {
      "text": "<i>Диалог окончен. Вы можете вернуться на главный экран.</i>",
      "name": "Конец",
      "pid": "24",
      "position": {
        "x": "1375",
        "y": "2250"
      },
      "tags": [
        "t:p",
        "finishBlock"
      ]
    }
  ],
  "name": "Активист 3",
  "startnode": "1",
  "creator": "Twine",
  "creator-version": "2.3.13",
  "ifid": "BA6A8A48-0F5D-4BD0-A139-548669E9C640"
}