{
  "passages": [
    {
      "text": "— Спасибо за помощь.\n---\n[[— Пожалуйста. Всегда рада. Если, к несчастью, снова столкнётесь со случаем домашнего насилия, то обязательно обращайтесь ещё!]]",
      "links": [
        {
          "name": "— Пожалуйста. Всегда рада. Если, к несчастью, снова столкнётесь со случаем домашнего насилия, то обязательно обращайтесь ещё!",
          "link": "— Пожалуйста. Всегда рада. Если, к несчастью, снова столкнётесь со случаем домашнего насилия, то обязательно обращайтесь ещё!",
          "pid": "2"
        }
      ],
      "name": "Активистка 2",
      "pid": "1",
      "position": {
        "x": "100",
        "y": "400"
      },
      "tags": [
        "t:sh"
      ]
    },
    {
      "text": "— Пожалуйста. Всегда рада. Если, к несчастью, снова столкнётесь со случаем домашнего насилия, то обязательно обращайтесь ещё!\n---\n[[— Нет-нет! Я за помощь с ситуацией в клубе.]]",
      "links": [
        {
          "name": "— Нет-нет! Я за помощь с ситуацией в клубе.",
          "link": "— Нет-нет! Я за помощь с ситуацией в клубе.",
          "pid": "3"
        }
      ],
      "name": "— Пожалуйста. Всегда рада. Если, к несчастью, снова столкнётесь со случаем домашнего насилия, то обязательно обращайтесь ещё!",
      "pid": "2",
      "position": {
        "x": "275",
        "y": "400"
      },
      "tags": [
        "t:p",
        "setReaction:activist-woman-proud"
      ]
    },
    {
      "text": "— Нет-нет! Я за помощь с ситуацией в клубе.\n---\n[[— О боги. Прошу прощения. Я не спала два дня. Суд. Нервы шалят.]]",
      "links": [
        {
          "name": "— О боги. Прошу прощения. Я не спала два дня. Суд. Нервы шалят.",
          "link": "— О боги. Прошу прощения. Я не спала два дня. Суд. Нервы шалят.",
          "pid": "4"
        }
      ],
      "name": "— Нет-нет! Я за помощь с ситуацией в клубе.",
      "pid": "3",
      "position": {
        "x": "450",
        "y": "400"
      },
      "tags": [
        "t:h"
      ]
    },
    {
      "text": "— О боги. Прошу прощения. Я не спала два дня. Суд. Нервы шалят.\n---\n[[— Много работы?]]",
      "links": [
        {
          "name": "— Много работы?",
          "link": "— Много работы?",
          "pid": "5"
        }
      ],
      "name": "— О боги. Прошу прощения. Я не спала два дня. Суд. Нервы шалят.",
      "pid": "4",
      "position": {
        "x": "625",
        "y": "400"
      },
      "tags": [
        "t:p",
        "setReaction:activist-woman-tired"
      ]
    },
    {
      "text": "— Много работы?\n---\n[[— Да. И с Freedom Equality запросы посыпались. Они сейчас в раздрае из-за исчезновения Никиты.]]",
      "links": [
        {
          "name": "— Да. И с Freedom Equality запросы посыпались. Они сейчас в раздрае из-за исчезновения Никиты.",
          "link": "— Да. И с Freedom Equality запросы посыпались. Они сейчас в раздрае из-за исчезновения Никиты.",
          "pid": "6"
        }
      ],
      "name": "— Много работы?",
      "pid": "5",
      "position": {
        "x": "800",
        "y": "400"
      },
      "tags": [
        "t:h"
      ]
    },
    {
      "text": "— Да. И с Freedom Equality запросы посыпались. Они сейчас в раздрае из-за исчезновения Никиты.\n---\n[[— Нашел время уехать! Что случилось? Ты в курсе?]]\n[[— Вот же кидала. Фиг с ним! Только людей подвёл.]]",
      "links": [
        {
          "name": "— Нашел время уехать! Что случилось? Ты в курсе?",
          "link": "— Нашел время уехать! Что случилось? Ты в курсе?",
          "pid": "7"
        },
        {
          "name": "— Вот же кидала. Фиг с ним! Только людей подвёл.",
          "link": "— Вот же кидала. Фиг с ним! Только людей подвёл.",
          "pid": "53"
        }
      ],
      "name": "— Да. И с Freedom Equality запросы посыпались. Они сейчас в раздрае из-за исчезновения Никиты.",
      "pid": "6",
      "position": {
        "x": "975",
        "y": "400"
      },
      "tags": [
        "t:p"
      ]
    },
    {
      "text": "— Нашел время уехать! Что случилось? Ты в курсе?\n---\n[[— Не знаю точно. Он казался обеспокоенным и сам на себя был не похож.]]",
      "links": [
        {
          "name": "— Не знаю точно. Он казался обеспокоенным и сам на себя был не похож.",
          "link": "— Не знаю точно. Он казался обеспокоенным и сам на себя был не похож.",
          "pid": "8"
        }
      ],
      "name": "— Нашел время уехать! Что случилось? Ты в курсе?",
      "pid": "7",
      "position": {
        "x": "1150",
        "y": "400"
      },
      "tags": [
        "t:p",
        "setReaction:activist-woman-main"
      ]
    },
    {
      "text": "— Не знаю точно. Он казался обеспокоенным и сам на себя был не похож.\n---\n[[— Были слухи: его вызывали в органы. Предлагали сотрудничество. Обычное дело. Но ничего более я не слышала.]]",
      "links": [
        {
          "name": "— Были слухи: его вызывали в органы. Предлагали сотрудничество. Обычное дело. Но ничего более я не слышала.",
          "link": "— Были слухи: его вызывали в органы. Предлагали сотрудничество. Обычное дело. Но ничего более я не слышала.",
          "pid": "9"
        }
      ],
      "name": "— Не знаю точно. Он казался обеспокоенным и сам на себя был не похож.",
      "pid": "8",
      "position": {
        "x": "1325",
        "y": "400"
      },
      "tags": [
        "t:h"
      ]
    },
    {
      "text": "— Были слухи: его вызывали в органы. Предлагали сотрудничество. Обычное дело. Но ничего более я не слышала.\n---\n[[— Чтобы так сорваться быстро... Хоть какая причина должна быть!]]",
      "links": [
        {
          "name": "— Чтобы так сорваться быстро... Хоть какая причина должна быть!",
          "link": "— Чтобы так сорваться быстро... Хоть какая причина должна быть!",
          "pid": "10"
        }
      ],
      "name": "— Были слухи: его вызывали в органы. Предлагали сотрудничество. Обычное дело. Но ничего более я не слышала.",
      "pid": "9",
      "position": {
        "x": "1500",
        "y": "400"
      },
      "tags": [
        "t:p"
      ]
    },
    {
      "text": "— Чтобы так сорваться быстро... Хоть какая причина должна быть!\n---\n[[— А почему активисты уезжают?]]",
      "links": [
        {
          "name": "— А почему активисты уезжают?",
          "link": "— А почему активисты уезжают?",
          "pid": "11"
        }
      ],
      "name": "— Чтобы так сорваться быстро... Хоть какая причина должна быть!",
      "pid": "10",
      "position": {
        "x": "1675",
        "y": "400"
      },
      "tags": [
        "t:p"
      ]
    },
    {
      "text": "— А почему активисты уезжают?\n---\n[[— Много почему. Выгорают, например.]]",
      "links": [
        {
          "name": "— Много почему. Выгорают, например.",
          "link": "— Много почему. Выгорают, например.",
          "pid": "12"
        }
      ],
      "name": "— А почему активисты уезжают?",
      "pid": "11",
      "position": {
        "x": "1850",
        "y": "400"
      },
      "tags": [
        "t:h"
      ]
    },
    {
      "text": "— Много почему. Выгорают, например.\n---\n[[— ??]]",
      "links": [
        {
          "name": "— ??",
          "link": "— ??",
          "pid": "13"
        }
      ],
      "name": "— Много почему. Выгорают, например.",
      "pid": "12",
      "position": {
        "x": "2025",
        "y": "400"
      },
      "tags": [
        "t:p"
      ]
    },
    {
      "text": "— ??\n---\n[[— Не физически.]]",
      "links": [
        {
          "name": "— Не физически.",
          "link": "— Не физически.",
          "pid": "14"
        }
      ],
      "name": "— ??",
      "pid": "13",
      "position": {
        "x": "2200",
        "y": "400"
      },
      "tags": [
        "t:h"
      ]
    },
    {
      "text": "— Не физически.\n---\n[[— Новички приходят в активизм, обстановку, где активные ребята-девчата пытаются изменить окружающий мир. Начинают верить, что светлое будущее наступит завтра: квир-браки, антидискриминационное законодательство, мир да любовь. А когда понимают, что тут и 20 лет не хватит для изменений, а то и больше, то сдуваются. Активизм — это часто волонтёрская работа с очень разными, в том числе тяжёлыми людьми. Отсутствие источников возобновления потраченных на работу сил приводит к накапливанию отрицательных эмоций в результате попыток удовлетворить всех. Ты не можешь ни на кого злиться, показывать усталость или слабость. Ведь с одной стороны важные гуси, от которых зависит судьба организации, а с другой бедные несчастики, которым некуда вылить яд.]]",
      "links": [
        {
          "name": "— Новички приходят в активизм, обстановку, где активные ребята-девчата пытаются изменить окружающий мир. Начинают верить, что светлое будущее наступит завтра: квир-браки, антидискриминационное законодательство, мир да любовь. А когда понимают, что тут и 20 лет не хватит для изменений, а то и больше, то сдуваются. Активизм — это часто волонтёрская работа с очень разными, в том числе тяжёлыми людьми. Отсутствие источников возобновления потраченных на работу сил приводит к накапливанию отрицательных эмоций в результате попыток удовлетворить всех. Ты не можешь ни на кого злиться, показывать усталость или слабость. Ведь с одной стороны важные гуси, от которых зависит судьба организации, а с другой бедные несчастики, которым некуда вылить яд.",
          "link": "— Новички приходят в активизм, обстановку, где активные ребята-девчата пытаются изменить окружающий мир. Начинают верить, что светлое будущее наступит завтра: квир-браки, антидискриминационное законодательство, мир да любовь. А когда понимают, что тут и 20 лет не хватит для изменений, а то и больше, то сдуваются. Активизм — это часто волонтёрская работа с очень разными, в том числе тяжёлыми людьми. Отсутствие источников возобновления потраченных на работу сил приводит к накапливанию отрицательных эмоций в результате попыток удовлетворить всех. Ты не можешь ни на кого злиться, показывать усталость или слабость. Ведь с одной стороны важные гуси, от которых зависит судьба организации, а с другой бедные несчастики, которым некуда вылить яд.",
          "pid": "15"
        }
      ],
      "name": "— Не физически.",
      "pid": "14",
      "position": {
        "x": "2375",
        "y": "400"
      },
      "tags": [
        "t:p"
      ]
    },
    {
      "text": "— Новички приходят в активизм, обстановку, где активные ребята-девчата пытаются изменить окружающий мир. Начинают верить, что светлое будущее наступит завтра: квир-браки, антидискриминационное законодательство, мир да любовь. А когда понимают, что тут и 20 лет не хватит для изменений, а то и больше, то сдуваются. Активизм — это часто волонтёрская работа с очень разными, в том числе тяжёлыми людьми. Отсутствие источников возобновления потраченных на работу сил приводит к накапливанию отрицательных эмоций в результате попыток удовлетворить всех. Ты не можешь ни на кого злиться, показывать усталость или слабость. Ведь с одной стороны важные гуси, от которых зависит судьба организации, а с другой бедные несчастики, которым некуда вылить яд.\n---\n[[—  Ой! Прошу прощения! Меня понесло. Как стыдно. Не так плоха ситуация, но она так чувствуется в худшие дни. Большинство обращающихся к нам и тех, с кем мы работаем — замечательнейшие люди. Выгорание связано не только с работой с получателями наших услуг и коллегами.]]",
      "links": [
        {
          "name": "—  Ой! Прошу прощения! Меня понесло. Как стыдно. Не так плоха ситуация, но она так чувствуется в худшие дни. Большинство обращающихся к нам и тех, с кем мы работаем — замечательнейшие люди. Выгорание связано не только с работой с получателями наших услуг и коллегами.",
          "link": "—  Ой! Прошу прощения! Меня понесло. Как стыдно. Не так плоха ситуация, но она так чувствуется в худшие дни. Большинство обращающихся к нам и тех, с кем мы работаем — замечательнейшие люди. Выгорание связано не только с работой с получателями наших услуг и коллегами.",
          "pid": "16"
        }
      ],
      "name": "— Новички приходят в активизм, обстановку, где активные ребята-девчата пытаются изменить окружающий мир. Начинают верить, что светлое будущее наступит завтра: квир-браки, антидискриминационное законодательство, мир да любовь. А когда понимают, что тут и 20 лет не хватит для изменений, а то и больше, то сдуваются. Активизм — это часто волонтёрская работа с очень разными, в том числе тяжёлыми людьми. Отсутствие источников возобновления потраченных на работу сил приводит к накапливанию отрицательных эмоций в результате попыток удовлетворить всех. Ты не можешь ни на кого злиться, показывать усталость или слабость. Ведь с одной стороны важные гуси, от которых зависит судьба организации, а с другой бедные несчастики, которым некуда вылить яд.",
      "pid": "15",
      "position": {
        "x": "2550",
        "y": "400"
      },
      "tags": [
        "t:p"
      ]
    },
    {
      "text": "—  Ой! Прошу прощения! Меня понесло. Как стыдно. Не так плоха ситуация, но она так чувствуется в худшие дни. Большинство обращающихся к нам и тех, с кем мы работаем — замечательнейшие люди. Выгорание связано не только с работой с получателями наших услуг и коллегами.\n---\n[[— А с чем ещё?]]",
      "links": [
        {
          "name": "— А с чем ещё?",
          "link": "— А с чем ещё?",
          "pid": "17"
        }
      ],
      "name": "—  Ой! Прошу прощения! Меня понесло. Как стыдно. Не так плоха ситуация, но она так чувствуется в худшие дни. Большинство обращающихся к нам и тех, с кем мы работаем — замечательнейшие люди. Выгорание связано не только с работой с получателями наших услуг и коллегами.",
      "pid": "16",
      "position": {
        "x": "2725",
        "y": "400"
      },
      "tags": [
        "t:p"
      ]
    },
    {
      "text": "— А с чем ещё?\n---\n[[— С угрозами жизни и здоровью от экстремистских групп и радикально настроенных граждан, а также власти.]]",
      "links": [
        {
          "name": "— С угрозами жизни и здоровью от экстремистских групп и радикально настроенных граждан, а также власти.",
          "link": "— С угрозами жизни и здоровью от экстремистских групп и радикально настроенных граждан, а также власти.",
          "pid": "18"
        }
      ],
      "name": "— А с чем ещё?",
      "pid": "17",
      "position": {
        "x": "2900",
        "y": "400"
      },
      "tags": [
        "t:h"
      ]
    },
    {
      "text": "— С угрозами жизни и здоровью от экстремистских групп и радикально настроенных граждан, а также от власти.\n---\n[[— Иди к нам. У нас весело.]]",
      "links": [
        {
          "name": "— Иди к нам. У нас весело.",
          "link": "— Иди к нам. У нас весело.",
          "pid": "47"
        }
      ],
      "name": "— С угрозами жизни и здоровью от экстремистских групп и радикально настроенных граждан, а также власти.",
      "pid": "18",
      "position": {
        "x": "3075",
        "y": "400"
      },
      "tags": [
        "t:p"
      ]
    },
    {
      "text": "— Мы же по кругу говорим об одних и тех же проблемах, которые не решаются. Это надоедает даже нашим ярым сторонникам и сторонницам. За то, что мы открываем рот, нас прессуют. Помню, после очередного обыска и угроз в свой адрес я месяц боялась каждой тени. Буквально вздрагивала при виде любого незнакомого мужчины. Однажды меня до смерти напугал сосед по этажу, когда он попытался со мной поздороваться на лестничной площадке!\n---\n[[— Часть активисток не выдерживают и пары лет и уходят на нормальную работу или уезжают из страны. Нина, например, в эйчары собралась. Обещала иногда помогать, но я же прекрасно понимаю, как трудно совмещать работу и активизм, как большинство из нас пытается. К тому же она думала с подругой ребёнка заводить.]]",
      "links": [
        {
          "name": "— Часть активисток не выдерживают и пары лет и уходят на нормальную работу или уезжают из страны. Нина, например, в эйчары собралась. Обещала иногда помогать, но я же прекрасно понимаю, как трудно совмещать работу и активизм, как большинство из нас пытается. К тому же она думала с подругой ребёнка заводить.",
          "link": "— Часть активисток не выдерживают и пары лет и уходят на нормальную работу или уезжают из страны. Нина, например, в эйчары собралась. Обещала иногда помогать, но я же прекрасно понимаю, как трудно совмещать работу и активизм, как большинство из нас пытается. К тому же она думала с подругой ребёнка заводить.",
          "pid": "20"
        }
      ],
      "name": "— Мы же по кругу говорим об одних и тех же проблемах, которые не решаются. Это надоедает даже нашим ярым сторонникам и сторонницам. За то, что мы открываем рот, нас прессуют. Помню, после очередного обыска и угроз в свой адрес я месяц боялась каждой тени. Буквально вздрагивала при виде любого незнакомого мужчины. Однажды меня до смерти напугал сосед по этажу, когда он попытался со мной поздороваться на лестничной площадке!",
      "pid": "19",
      "position": {
        "x": "4325",
        "y": "400"
      },
      "tags": [
        "t:p"
      ]
    },
    {
      "text": "— Часть активисток не выдерживают и пары лет и уходят на нормальную работу или уезжают из страны. Нина, например, в эйчары собралась. Обещала иногда помогать, но я же прекрасно понимаю, как трудно совмещать работу и активизм, как большинство из нас пытается. К тому же она думала с подругой ребёнка заводить.\n---\n[[— Извини за путаный ответ. Знаешь, меня уже обвинили в последней облаве. На этой неделе проводила мероприятие \"Что делать, если вы пострадали от преступления на почве гомофобии?\", оно хорошо засветилось в прессе и руководство клуба решило, что власти в отместку за поднятую тему на них насели. Зачем я тебе это рассказываю? Точно крышей поехала.]]",
      "links": [
        {
          "name": "— Извини за путаный ответ. Знаешь, меня уже обвинили в последней облаве. На этой неделе проводила мероприятие \"Что делать, если вы пострадали от преступления на почве гомофобии?\", оно хорошо засветилось в прессе и руководство клуба решило, что власти в отместку за поднятую тему на них насели. Зачем я тебе это рассказываю? Точно крышей поехала.",
          "link": "— Извини за путаный ответ. Знаешь, меня уже обвинили в последней облаве. На этой неделе проводила мероприятие \"Что делать, если вы пострадали от преступления на почве гомофобии?\", оно хорошо засветилось в прессе и руководство клуба решило, что власти в отместку за поднятую тему на них насели. Зачем я тебе это рассказываю? Точно крышей поехала.",
          "pid": "21"
        }
      ],
      "name": "— Часть активисток не выдерживают и пары лет и уходят на нормальную работу или уезжают из страны. Нина, например, в эйчары собралась. Обещала иногда помогать, но я же прекрасно понимаю, как трудно совмещать работу и активизм, как большинство из нас пытается. К тому же она думала с подругой ребёнка заводить.",
      "pid": "20",
      "position": {
        "x": "4500",
        "y": "400"
      },
      "tags": [
        "t:p"
      ]
    },
    {
      "text": "— Извини за путаный ответ. Знаешь, меня уже обвинили в последней облаве. На этой неделе проводила мероприятие \"Что делать, если вы пострадали от преступления на почве гомофобии?\", оно хорошо засветилось в прессе и руководство клуба решило, что власти в отместку за поднятую тему на них насели. Зачем я тебе это рассказываю? Точно крышей поехала.\n---\n[[— Мы хотим эволюционных изменений, для чего нужна критическая масса людей или чудо.]]",
      "links": [
        {
          "name": "— Мы хотим эволюционных изменений, для чего нужна критическая масса людей или чудо.",
          "link": "— Мы хотим эволюционных изменений, для чего нужна критическая масса людей или чудо.",
          "pid": "22"
        }
      ],
      "name": "— Извини за путаный ответ. Знаешь, меня уже обвинили в последней облаве. На этой неделе проводила мероприятие \"Что делать, если вы пострадали от преступления на почве гомофобии?\", оно хорошо засветилось в прессе и руководство клуба решило, что власти в отместку за поднятую тему на них насели. Зачем я тебе это рассказываю? Точно крышей поехала.",
      "pid": "21",
      "position": {
        "x": "4675",
        "y": "400"
      },
      "tags": [
        "t:p"
      ]
    },
    {
      "text": "— Мы хотим эволюционных изменений, для чего нужна критическая масса людей или чудо.\n---\n[[— И у нас нет ничего, что бы противопоставить произволу власти.]]",
      "links": [
        {
          "name": "— И у нас нет ничего, что бы противопоставить произволу власти.",
          "link": "— И у нас нет ничего, что бы противопоставить произволу власти.",
          "pid": "23"
        }
      ],
      "name": "— Мы хотим эволюционных изменений, для чего нужна критическая масса людей или чудо.",
      "pid": "22",
      "position": {
        "x": "4850",
        "y": "400"
      },
      "tags": [
        "t:p",
        "setReaction:activist-woman-main"
      ]
    },
    {
      "text": "— И у нас нет ничего, что бы противопоставить произволу власти.\n---\n[[— Зачем тогда что-то делать? Звучит так, что победить почти невозможно.]]\n[[— Вы молодцы. Спасибо вам за работу!]]",
      "links": [
        {
          "name": "— Зачем тогда что-то делать? Звучит так, что победить почти невозможно.",
          "link": "— Зачем тогда что-то делать? Звучит так, что победить почти невозможно.",
          "pid": "24"
        },
        {
          "name": "— Вы молодцы. Спасибо вам за работу!",
          "link": "— Вы молодцы. Спасибо вам за работу!",
          "pid": "55"
        }
      ],
      "name": "— И у нас нет ничего, что бы противопоставить произволу власти.",
      "pid": "23",
      "position": {
        "x": "5025",
        "y": "400"
      },
      "tags": [
        "t:p"
      ]
    },
    {
      "text": "— Зачем тогда что-либо делать? Звучит так, что победить почти невозможно.\n---\n[[— Не совсем так. Изменения идут, но очень медленно. Организации работают часто на один или несколько фронтов: на сплочение сообщества, продвижение изменений и на помощь тем членам сообщества, кто наиболее уязвим и нуждается в помощи.]]",
      "links": [
        {
          "name": "— Не совсем так. Изменения идут, но очень медленно. Организации работают часто на один или несколько фронтов: на сплочение сообщества, продвижение изменений и на помощь тем членам сообщества, кто наиболее уязвим и нуждается в помощи.",
          "link": "— Не совсем так. Изменения идут, но очень медленно. Организации работают часто на один или несколько фронтов: на сплочение сообщества, продвижение изменений и на помощь тем членам сообщества, кто наиболее уязвим и нуждается в помощи.",
          "pid": "25"
        }
      ],
      "name": "— Зачем тогда что-то делать? Звучит так, что победить почти невозможно.",
      "pid": "24",
      "position": {
        "x": "5200",
        "y": "400"
      },
      "tags": [
        "t:h"
      ]
    },
    {
      "text": "— Не совсем так. Изменения идут, но очень медленно. Организации работают часто на один или несколько фронтов: на сплочение сообщества, продвижение изменений и на помощь тем членам сообщества, кто наиболее уязвим и нуждается в помощи.\n---\n[[— Лечим раны, наносимые близкими, обществом и властью.]]",
      "links": [
        {
          "name": "— Лечим раны, наносимые близкими, обществом и властью.",
          "link": "— Лечим раны, наносимые близкими, обществом и властью.",
          "pid": "26"
        }
      ],
      "name": "— Не совсем так. Изменения идут, но очень медленно. Организации работают часто на один или несколько фронтов: на сплочение сообщества, продвижение изменений и на помощь тем членам сообщества, кто наиболее уязвим и нуждается в помощи.",
      "pid": "25",
      "position": {
        "x": "5375",
        "y": "400"
      },
      "tags": [
        "t:p"
      ]
    },
    {
      "text": "— Лечим раны, наносимые близкими, обществом и властью. Создаем связи между людьми. Делаем много и мало одновременно. Сейчас думаю, что изменить ситуацию в стране мы способны только объединившись с бизнесом, популярными людьми, разделяющими наши ценности, и другими небезразличными, которые часто действуют эффективнее нас и имеют больше ресурсов.\n---\n[[— В последний год нередко ловлю себя на грустных мыслях.]]",
      "links": [
        {
          "name": "— В последний год нередко ловлю себя на грустных мыслях.",
          "link": "— В последний год нередко ловлю себя на грустных мыслях.",
          "pid": "27"
        }
      ],
      "name": "— Лечим раны, наносимые близкими, обществом и властью.",
      "pid": "26",
      "position": {
        "x": "5550",
        "y": "400"
      },
      "tags": [
        "t:p"
      ]
    },
    {
      "text": "— В последний год нередко ловлю себя на грустных мыслях.\n---\n[[— Есть мнение, что время, когда мы были способны на общие эффективные действия, прошло. Кажется, люди в нашей стране думают о своей личной экономической безопасности и не испытывают потребности в совместной борьбе за мифическое равенство, не верят в возможность изменить порядок вещей. Есть деньги – нет проблем: тебя уважают и любят, со скрипом, но и детей можно завести. Для части ЛГБТК+ встретить кого-то для отношений кажется бо́льшей проблемой, чем системная дискриминация сообщества. Избили кого за \"неправильную\" причёску, приняв за гея? Никого не касается. Да и узнают об одном случае из двадцати в лучшем случае. Я пытаюсь объяснить, что дискриминация бьёт по всем, в том числе по гетеросексуальным цисгендерным людям, но это мало кто готов слушать.]]",
      "links": [
        {
          "name": "— Есть мнение, что время, когда мы были способны на общие эффективные действия, прошло. Кажется, люди в нашей стране думают о своей личной экономической безопасности и не испытывают потребности в совместной борьбе за мифическое равенство, не верят в возможность изменить порядок вещей. Есть деньги – нет проблем: тебя уважают и любят, со скрипом, но и детей можно завести. Для части ЛГБТК+ встретить кого-то для отношений кажется бо́льшей проблемой, чем системная дискриминация сообщества. Избили кого за \"неправильную\" причёску, приняв за гея? Никого не касается. Да и узнают об одном случае из двадцати в лучшем случае. Я пытаюсь объяснить, что дискриминация бьёт по всем, в том числе по гетеросексуальным цисгендерным людям, но это мало кто готов слушать.",
          "link": "— Есть мнение, что время, когда мы были способны на общие эффективные действия, прошло. Кажется, люди в нашей стране думают о своей личной экономической безопасности и не испытывают потребности в совместной борьбе за мифическое равенство, не верят в возможность изменить порядок вещей. Есть деньги – нет проблем: тебя уважают и любят, со скрипом, но и детей можно завести. Для части ЛГБТК+ встретить кого-то для отношений кажется бо́льшей проблемой, чем системная дискриминация сообщества. Избили кого за \"неправильную\" причёску, приняв за гея? Никого не касается. Да и узнают об одном случае из двадцати в лучшем случае. Я пытаюсь объяснить, что дискриминация бьёт по всем, в том числе по гетеросексуальным цисгендерным людям, но это мало кто готов слушать.",
          "pid": "28"
        }
      ],
      "name": "— В последний год нередко ловлю себя на грустных мыслях.",
      "pid": "27",
      "position": {
        "x": "5725",
        "y": "400"
      },
      "tags": [
        "t:p"
      ]
    },
    {
      "text": "— Есть мнение, что время, когда мы были способны на общие эффективные действия, прошло. Кажется, люди в нашей стране думают о своей личной экономической безопасности и не испытывают потребности в совместной борьбе за мифическое равенство, не верят в возможность изменить порядок вещей. Есть деньги – нет проблем: тебя уважают и любят, со скрипом, но и детей можно завести. Для части ЛГБТК+ встретить кого-то для отношений кажется бо́льшей проблемой, чем системная дискриминация сообщества. Избили кого за «неправильную» причёску, приняв за гея? Никого не касается. Да и узнают об одном случае из двадцати в лучшем случае. Я пытаюсь объяснить, что дискриминация бьёт по всем, в том числе по гетеросексуальным цисгендерным людям, но это мало кто готов слушать.\n---\n[[— Когда люди в безопасности, другие не близкие их не волнуют? Нет чувства плеча в обществе?]]\n[[— А я вижу изменения к лучшему. Больше принимающих людей кругом. Мне кажется, активистам  часто приходится иметь дело с худшей стороной реальности и людьми в беде, поэтому такой мрачной видится ситуация.]]\n[[— Тебе, похоже, с таким настроением пора из активизма уходить.]]",
      "links": [
        {
          "name": "— Когда люди в безопасности, другие не близкие их не волнуют? Нет чувства плеча в обществе?",
          "link": "— Когда люди в безопасности, другие не близкие их не волнуют? Нет чувства плеча в обществе?",
          "pid": "29"
        },
        {
          "name": "— А я вижу изменения к лучшему. Больше принимающих людей кругом. Мне кажется, активистам  часто приходится иметь дело с худшей стороной реальности и людьми в беде, поэтому такой мрачной видится ситуация.",
          "link": "— А я вижу изменения к лучшему. Больше принимающих людей кругом. Мне кажется, активистам  часто приходится иметь дело с худшей стороной реальности и людьми в беде, поэтому такой мрачной видится ситуация.",
          "pid": "57"
        },
        {
          "name": "— Тебе, похоже, с таким настроением пора из активизма уходить.",
          "link": "— Тебе, похоже, с таким настроением пора из активизма уходить.",
          "pid": "58"
        }
      ],
      "name": "— Есть мнение, что время, когда мы были способны на общие эффективные действия, прошло. Кажется, люди в нашей стране думают о своей личной экономической безопасности и не испытывают потребности в совместной борьбе за мифическое равенство, не верят в возможность изменить порядок вещей. Есть деньги – нет проблем: тебя уважают и любят, со скрипом, но и детей можно завести. Для части ЛГБТК+ встретить кого-то для отношений кажется бо́льшей проблемой, чем системная дискриминация сообщества. Избили кого за \"неправильную\" причёску, приняв за гея? Никого не касается. Да и узнают об одном случае из двадцати в лучшем случае. Я пытаюсь объяснить, что дискриминация бьёт по всем, в том числе по гетеросексуальным цисгендерным людям, но это мало кто готов слушать.",
      "pid": "28",
      "position": {
        "x": "5900",
        "y": "400"
      },
      "tags": [
        "t:p"
      ]
    },
    {
      "text": "— Когда люди в безопасности, другие не близкие их не волнуют? Нет чувства плеча в обществе?\n---\n[[— Не знаю... Можно предполагать, что членам сообщества и так тяжело и нам трудно думать о ком-то другом. Многим права и их защита скучны. Кто-то не дорос, для кого-то это пройденный этап. Люди часто не говорят, чего они хотят. А когда говорят, то оказывается, что главная потребность — развлечения в безопасном месте.]]",
      "links": [
        {
          "name": "— Не знаю... Можно предполагать, что членам сообщества и так тяжело и нам трудно думать о ком-то другом. Многим права и их защита скучны. Кто-то не дорос, для кого-то это пройденный этап. Люди часто не говорят, чего они хотят. А когда говорят, то оказывается, что главная потребность — развлечения в безопасном месте.",
          "link": "— Не знаю... Можно предполагать, что членам сообщества и так тяжело и нам трудно думать о ком-то другом. Многим права и их защита скучны. Кто-то не дорос, для кого-то это пройденный этап. Люди часто не говорят, чего они хотят. А когда говорят, то оказывается, что главная потребность — развлечения в безопасном месте.",
          "pid": "30"
        }
      ],
      "name": "— Когда люди в безопасности, другие не близкие их не волнуют? Нет чувства плеча в обществе?",
      "pid": "29",
      "position": {
        "x": "6075",
        "y": "400"
      },
      "tags": [
        "t:h"
      ]
    },
    {
      "text": "— Не знаю... Можно предполагать, что членам сообщества и так тяжело и нам трудно думать о ком-то другом. Многим права и их защита скучны. Кто-то не дорос, для кого-то это пройденный этап. Люди часто не говорят, чего они хотят. А когда говорят, то оказывается, что главная потребность — развлечения в безопасном месте.\n---\n[[— Если говорить про помощь от сообщества, то она есть: приходят новые люди, вливаются в деятельность. Это хорошо. Жаль, не так массово, как хотелось бы. Силы на деятельность находить трудно. Это эмоциональные и материальные затраты, о которых никто не говорит. Мы постоянно думаем, как сделать так, чтобы найти средства на самое необходимое.]]",
      "links": [
        {
          "name": "— Если говорить про помощь от сообщества, то она есть: приходят новые люди, вливаются в деятельность. Это хорошо. Жаль, не так массово, как хотелось бы. Силы на деятельность находить трудно. Это эмоциональные и материальные затраты, о которых никто не говорит. Мы постоянно думаем, как сделать так, чтобы найти средства на самое необходимое.",
          "link": "— Если говорить про помощь от сообщества, то она есть: приходят новые люди, вливаются в деятельность. Это хорошо. Жаль, не так массово, как хотелось бы. Силы на деятельность находить трудно. Это эмоциональные и материальные затраты, о которых никто не говорит. Мы постоянно думаем, как сделать так, чтобы найти средства на самое необходимое.",
          "pid": "31"
        }
      ],
      "name": "— Не знаю... Можно предполагать, что членам сообщества и так тяжело и нам трудно думать о ком-то другом. Многим права и их защита скучны. Кто-то не дорос, для кого-то это пройденный этап. Люди часто не говорят, чего они хотят. А когда говорят, то оказывается, что главная потребность — развлечения в безопасном месте.",
      "pid": "30",
      "position": {
        "x": "6250",
        "y": "400"
      },
      "tags": [
        "t:p"
      ]
    },
    {
      "text": "— Если говорить про помощь от сообщества, то она есть: приходят новые люди, вливаются в деятельность. Это хорошо. Жаль, не так массово, как хотелось бы. Силы на деятельность находить трудно. Это эмоциональные и материальные затраты, о которых никто не говорит. Мы постоянно думаем, как сделать так, чтобы найти средства на самое необходимое.\n---\n[[— И это мы ещё не помогаем самым уязвимым, как бы меня это не бесило. ЛГБТК+ подростки — главная группа риска, но на постсоветском пространстве фиг нам дадут им помочь. Лучше дадут им сдохнуть, но к нам в организацию не пустят.]]",
      "links": [
        {
          "name": "— И это мы ещё не помогаем самым уязвимым, как бы меня это не бесило. ЛГБТК+ подростки — главная группа риска, но на постсоветском пространстве фиг нам дадут им помочь. Лучше дадут им сдохнуть, но к нам в организацию не пустят.",
          "link": "— И это мы ещё не помогаем самым уязвимым, как бы меня это не бесило. ЛГБТК+ подростки — главная группа риска, но на постсоветском пространстве фиг нам дадут им помочь. Лучше дадут им сдохнуть, но к нам в организацию не пустят.",
          "pid": "32"
        }
      ],
      "name": "— Если говорить про помощь от сообщества, то она есть: приходят новые люди, вливаются в деятельность. Это хорошо. Жаль, не так массово, как хотелось бы. Силы на деятельность находить трудно. Это эмоциональные и материальные затраты, о которых никто не говорит. Мы постоянно думаем, как сделать так, чтобы найти средства на самое необходимое.",
      "pid": "31",
      "position": {
        "x": "6425",
        "y": "400"
      },
      "tags": [
        "t:p"
      ]
    },
    {
      "text": "— И это мы ещё не помогаем самым уязвимым, как бы меня это не бесило. ЛГБТК+ подростки — главная группа риска, но на постсоветском пространстве фиг нам дадут им помочь. Лучше дадут им сдохнуть, но к нам в организацию не пустят.\n---\n[[— Что бы ты хотела от ЛГБТК+ сообщества?]]",
      "links": [
        {
          "name": "— Что бы ты хотела от ЛГБТК+ сообщества?",
          "link": "— Что бы ты хотела от ЛГБТК+ сообщества?",
          "pid": "33"
        }
      ],
      "name": "— И это мы ещё не помогаем самым уязвимым, как бы меня это не бесило. ЛГБТК+ подростки — главная группа риска, но на постсоветском пространстве фиг нам дадут им помочь. Лучше дадут им сдохнуть, но к нам в организацию не пустят.",
      "pid": "32",
      "position": {
        "x": "6600",
        "y": "400"
      },
      "tags": [
        "t:p"
      ]
    },
    {
      "text": "— Что бы ты хотела от ЛГБТК+ сообщества?\n---\n[[— То же, что и от общества.]]",
      "links": [
        {
          "name": "— То же, что и от общества.",
          "link": "— То же, что и от общества.",
          "pid": "34"
        }
      ],
      "name": "— Что бы ты хотела от ЛГБТК+ сообщества?",
      "pid": "33",
      "position": {
        "x": "6775",
        "y": "400"
      },
      "tags": [
        "t:h"
      ]
    },
    {
      "text": "— То же, что и от общества.\n---\n[[— Принятия не похожих на себя, интерес к проблемам ближнего, желания сделать мир лучше в любой сфере (экология, права человека, инфраструктура города,..), хочу, чтобы меня не ненавидели за то, что я стараюсь помочь и осветить проблемы. И в то же время я не считаю кого-то обязанным положить свою жизнь на борьбу. Я готова выслушать критику и предложения. Я не всегда права. Но не заслужила презрения и агрессии.]]",
      "links": [
        {
          "name": "— Принятия не похожих на себя, интерес к проблемам ближнего, желания сделать мир лучше в любой сфере (экология, права человека, инфраструктура города,..), хочу, чтобы меня не ненавидели за то, что я стараюсь помочь и осветить проблемы. И в то же время я не считаю кого-то обязанным положить свою жизнь на борьбу. Я готова выслушать критику и предложения. Я не всегда права. Но не заслужила презрения и агрессии.",
          "link": "— Принятия не похожих на себя, интерес к проблемам ближнего, желания сделать мир лучше в любой сфере (экология, права человека, инфраструктура города,..), хочу, чтобы меня не ненавидели за то, что я стараюсь помочь и осветить проблемы. И в то же время я не считаю кого-то обязанным положить свою жизнь на борьбу. Я готова выслушать критику и предложения. Я не всегда права. Но не заслужила презрения и агрессии.",
          "pid": "35"
        }
      ],
      "name": "— То же, что и от общества.",
      "pid": "34",
      "position": {
        "x": "6950",
        "y": "400"
      },
      "tags": [
        "t:p"
      ]
    },
    {
      "text": "— Принятия не похожих на себя, интерес к проблемам ближнего, желания сделать мир лучше в любой сфере: экология, права человека, инфраструктура города. Хочу, чтобы меня не ненавидели за то, что я стараюсь помочь и осветить проблемы. И в то же время я не считаю кого-то обязанным положить свою жизнь на борьбу. Я готова выслушать критику и предложения. Я не всегда права. Но не заслужила презрения и агрессии.\n---\n[[— Чем я могу помочь? Unlock]]\n[[— Чем я могу помочь?]]\n",
      "links": [
        {
          "name": "— Чем я могу помочь? Unlock",
          "link": "— Чем я могу помочь? Unlock",
          "pid": "36"
        },
        {
          "name": "— Чем я могу помочь?",
          "link": "— Чем я могу помочь?",
          "pid": "52"
        }
      ],
      "name": "— Принятия не похожих на себя, интерес к проблемам ближнего, желания сделать мир лучше в любой сфере (экология, права человека, инфраструктура города,..), хочу, чтобы меня не ненавидели за то, что я стараюсь помочь и осветить проблемы. И в то же время я не считаю кого-то обязанным положить свою жизнь на борьбу. Я готова выслушать критику и предложения. Я не всегда права. Но не заслужила презрения и агрессии.",
      "pid": "35",
      "position": {
        "x": "7125",
        "y": "400"
      },
      "tags": [
        "t:p"
      ]
    },
    {
      "text": "— Чем я могу помочь?\n---\n[[— Во-первых, береги себя и думай о своем благополучии и своих близких. Заботься о себе и своих близких. Хорошо, когда вокруг счастливые и успешные люди.]]",
      "links": [
        {
          "name": "— Во-первых, береги себя и думай о своем благополучии и своих близких. Заботься о себе и своих близких. Хорошо, когда вокруг счастливые и успешные люди.",
          "link": "— Во-первых, береги себя и думай о своем благополучии и своих близких. Заботься о себе и своих близких. Хорошо, когда вокруг счастливые и успешные люди.",
          "pid": "37"
        }
      ],
      "name": "— Чем я могу помочь? Unlock",
      "pid": "36",
      "position": {
        "x": "7300",
        "y": "300"
      },
      "tags": [
        "t:h",
        "unlockPerson:25",
        "hide:unicornUnlocked:=:1",
        "set:unicornUnlocked:1"
      ]
    },
    {
      "text": "— Во-первых, береги себя и думай о своем благополучии и своих близких. Заботься о себе и своих близких. Хорошо, когда вокруг счастливые и успешные люди.\n---\n[[— Когда у тебя будет достаточно ресурсов и ты сможешь делиться своими силами с другими, то делай это, но не во вред себе.]]",
      "links": [
        {
          "name": "— Когда у тебя будет достаточно ресурсов и ты сможешь делиться своими силами с другими, то делай это, но не во вред себе.",
          "link": "— Когда у тебя будет достаточно ресурсов и ты сможешь делиться своими силами с другими, то делай это, но не во вред себе.",
          "pid": "38"
        }
      ],
      "name": "— Во-первых, береги себя и думай о своем благополучии и своих близких. Заботься о себе и своих близких. Хорошо, когда вокруг счастливые и успешные люди.",
      "pid": "37",
      "position": {
        "x": "7475",
        "y": "400"
      },
      "tags": [
        "t:p",
        "delay:4500"
      ]
    },
    {
      "text": "— Когда у тебя будет достаточно ресурсов и ты сможешь делиться своими силами с другими, то делай это, но не во вред себе.\n---\n[[— Знай про местные организации и рассказывай о них тем, кому может быть интересно и нужна помощь.]]",
      "links": [
        {
          "name": "— Знай про местные организации и рассказывай о них тем, кому может быть интересно и нужна помощь.",
          "link": "— Знай про местные организации и рассказывай о них тем, кому может быть интересно и нужна помощь.",
          "pid": "39"
        }
      ],
      "name": "— Когда у тебя будет достаточно ресурсов и ты сможешь делиться своими силами с другими, то делай это, но не во вред себе.",
      "pid": "38",
      "position": {
        "x": "7650",
        "y": "400"
      },
      "tags": [
        "t:p",
        "delay:3500"
      ]
    },
    {
      "text": "— Знай про местные организации и рассказывай о них тем, кому может быть интересно и нужна помощь.\n---\n[[— Ходи на интересные тебе мероприятия, и делись мыслями о том, что бы ты хотел видеть в будущем.]]",
      "links": [
        {
          "name": "— Ходи на интересные тебе мероприятия, и делись мыслями о том, что бы ты хотел видеть в будущем.",
          "link": "— Ходи на интересные тебе мероприятия, и делись мыслями о том, что бы ты хотел видеть в будущем.",
          "pid": "40"
        }
      ],
      "name": "— Знай про местные организации и рассказывай о них тем, кому может быть интересно и нужна помощь.",
      "pid": "39",
      "position": {
        "x": "7825",
        "y": "400"
      },
      "tags": [
        "t:p"
      ]
    },
    {
      "text": "— Ходи на интересные тебе мероприятия, и делись мыслями о том, что бы ты хотел видеть в будущем.\n---\n[[— Что ж, спасибо за помощь, думаю, буду следить за вашей активностью.]]",
      "links": [
        {
          "name": "— Что ж, спасибо за помощь, думаю, буду следить за вашей активностью.",
          "link": "— Что ж, спасибо за помощь, думаю, буду следить за вашей активностью.",
          "pid": "50"
        }
      ],
      "name": "— Ходи на интересные тебе мероприятия, и делись мыслями о том, что бы ты хотел видеть в будущем.",
      "pid": "40",
      "position": {
        "x": "8000",
        "y": "400"
      },
      "tags": [
        "t:p"
      ]
    },
    {
      "text": "{adviceId=55}\nОбращайте внимание на деятельность местных ЛГБТК+ организаций. Они могут проводить интересные для вас мероприятия или предоставлять полезные услуги. Такие мероприятия могут стать платформой, чтобы завести друзей из сообщества и, возможно, найти любовь, начать делать что-то вместе для создания своего бизнеса или на благо сообщества. Если вы недовольны деятельностью местных ЛГБТК+ организаций, то критика также может быть полезна. Лучше, когда она конструктивная. Но если вы просто сообщите, что вам не нравится, то это может стать первым шагом для налаживания контакта и изменений. Важно знать, что ребята-девчата из ЛГБТК+ организаций много волонтёрят, часто оказывают свои услуги бесплатно. Активистки – это обычные ЛГБТК+ люди, которые хотят сделать жизнь лучше. И зачастую они подвергаются давлению со стороны властей, общества и ЛГБТК+ сообщества. Активистки рады тёплым словам, ваш интерес и благодарность для них много значит. Приходите на местные мероприятия, рассказывайте о них друзьям и мойте за собой чашки!\n---\n[[Диалог окончен. Вы можете вернуться на главный экран.]]",
      "links": [
        {
          "name": "Диалог окончен. Вы можете вернуться на главный экран.",
          "link": "Диалог окончен. Вы можете вернуться на главный экран.",
          "pid": "49"
        }
      ],
      "name": "Совет",
      "pid": "41",
      "position": {
        "x": "8525",
        "y": "400"
      },
      "tags": [
        "t:f"
      ]
    },
    {
      "text": "— Но, что меня больше всего расстраивает, так это то, что сообщество неоднозначно относится к активистам.\n---\n[[— В смысле?]]",
      "links": [
        {
          "name": "— В смысле?",
          "link": "— В смысле?",
          "pid": "43"
        }
      ],
      "name": "— Но, что меня больше всего расстраивает, так это то, что сообщество неоднозначно относится к активистам.",
      "pid": "42",
      "position": {
        "x": "3800",
        "y": "400"
      },
      "tags": [
        "t:p",
        "setReaction:activist-woman-main"
      ]
    },
    {
      "text": "— В смысле?\n---\n[[— Часть людей считают, что без нас было бы лучше. Спокойнее. Не было бы раздражителей-напоминалок о неидеальном мире.]]",
      "links": [
        {
          "name": "— Часть людей считают, что без нас было бы лучше. Спокойнее. Не было бы раздражителей-напоминалок о неидеальном мире.",
          "link": "— Часть людей считают, что без нас было бы лучше. Спокойнее. Не было бы раздражителей-напоминалок о неидеальном мире.",
          "pid": "44"
        }
      ],
      "name": "— В смысле?",
      "pid": "43",
      "position": {
        "x": "3975",
        "y": "400"
      },
      "tags": [
        "t:h"
      ]
    },
    {
      "text": "— Часть людей считают, что без нас было бы лучше. Спокойнее. Не было бы раздражителей-напоминалок о неидеальном мире.\n---\n[[— Мы же по кругу говорим об одних и тех же проблемах, которые не решаются. Это надоедает даже нашим ярым сторонникам и сторонницам. За то, что мы открываем рот, нас прессуют. Помню, после очередного обыска и угроз в свой адрес я месяц боялась каждой тени. Буквально вздрагивала при виде любого незнакомого мужчины. Однажды меня до смерти напугал сосед по этажу, когда он попытался со мной поздороваться на лестничной площадке!]]",
      "links": [
        {
          "name": "— Мы же по кругу говорим об одних и тех же проблемах, которые не решаются. Это надоедает даже нашим ярым сторонникам и сторонницам. За то, что мы открываем рот, нас прессуют. Помню, после очередного обыска и угроз в свой адрес я месяц боялась каждой тени. Буквально вздрагивала при виде любого незнакомого мужчины. Однажды меня до смерти напугал сосед по этажу, когда он попытался со мной поздороваться на лестничной площадке!",
          "link": "— Мы же по кругу говорим об одних и тех же проблемах, которые не решаются. Это надоедает даже нашим ярым сторонникам и сторонницам. За то, что мы открываем рот, нас прессуют. Помню, после очередного обыска и угроз в свой адрес я месяц боялась каждой тени. Буквально вздрагивала при виде любого незнакомого мужчины. Однажды меня до смерти напугал сосед по этажу, когда он попытался со мной поздороваться на лестничной площадке!",
          "pid": "19"
        }
      ],
      "name": "— Часть людей считают, что без нас было бы лучше. Спокойнее. Не было бы раздражителей-напоминалок о неидеальном мире.",
      "pid": "44",
      "position": {
        "x": "4150",
        "y": "400"
      },
      "tags": [
        "t:p",
        "setReaction:activist-woman-tired"
      ]
    },
    {
      "text": "— Я на самом деле подумываю. Хочется быть ближе к своим людям.\n---\n[[— Не все организации свободно берут к себе новых людей. Активизм — это работа. Мы ищем людей и для широкого круга заданий, под большие мероприятия или под текущую деятельность, иногда ищем специально на определённые позиции и задачи. Можно обратиться в организацию со своим проектом или начать действовать самостоятельно от своего имени или создать свою организацию. Есть и членские организации, такие как организация Никиты, где рады всем и там что-либо делать необязательно. Бывает по-разному. В любом случае, если ты действительно хочешь помогать сообществу — для тебя нет никаких преград.]]",
      "links": [
        {
          "name": "— Не все организации свободно берут к себе новых людей. Активизм — это работа. Мы ищем людей и для широкого круга заданий, под большие мероприятия или под текущую деятельность, иногда ищем специально на определённые позиции и задачи. Можно обратиться в организацию со своим проектом или начать действовать самостоятельно от своего имени или создать свою организацию. Есть и членские организации, такие как организация Никиты, где рады всем и там что-либо делать необязательно. Бывает по-разному. В любом случае, если ты действительно хочешь помогать сообществу — для тебя нет никаких преград.",
          "link": "— Не все организации свободно берут к себе новых людей. Активизм — это работа. Мы ищем людей и для широкого круга заданий, под большие мероприятия или под текущую деятельность, иногда ищем специально на определённые позиции и задачи. Можно обратиться в организацию со своим проектом или начать действовать самостоятельно от своего имени или создать свою организацию. Есть и членские организации, такие как организация Никиты, где рады всем и там что-либо делать необязательно. Бывает по-разному. В любом случае, если ты действительно хочешь помогать сообществу — для тебя нет никаких преград.",
          "pid": "48"
        }
      ],
      "name": "— Я на самом деле подумываю. Хочется быть ближе к своим людям.",
      "pid": "45",
      "position": {
        "x": "3425",
        "y": "300"
      },
      "tags": [
        "t:h"
      ]
    },
    {
      "text": "<i>Слушать дальше.</i>\n---\n[[— Но, что меня больше всего расстраивает, так это то, что сообщество неоднозначно относится к активистам.]]",
      "links": [
        {
          "name": "— Но, что меня больше всего расстраивает, так это то, что сообщество неоднозначно относится к активистам.",
          "link": "— Но, что меня больше всего расстраивает, так это то, что сообщество неоднозначно относится к активистам.",
          "pid": "42"
        }
      ],
      "name": "Слушать дальше.",
      "pid": "46",
      "position": {
        "x": "3425",
        "y": "500"
      },
      "tags": [
        "t:h"
      ]
    },
    {
      "text": "— Иди к нам. У нас весело.\n---\n[[— Я на самом деле подумываю. Хочется быть ближе к своим людям.]]\n[[Слушать дальше.]]",
      "links": [
        {
          "name": "— Я на самом деле подумываю. Хочется быть ближе к своим людям.",
          "link": "— Я на самом деле подумываю. Хочется быть ближе к своим людям.",
          "pid": "45"
        },
        {
          "name": "Слушать дальше.",
          "link": "Слушать дальше.",
          "pid": "46"
        }
      ],
      "name": "— Иди к нам. У нас весело.",
      "pid": "47",
      "position": {
        "x": "3250",
        "y": "400"
      },
      "tags": [
        "t:p",
        "setReaction:activist-woman-proud"
      ]
    },
    {
      "text": "— Не все организации свободно берут к себе новых людей. Активизм — это работа. Мы ищем людей и для широкого круга заданий, под большие мероприятия или под текущую деятельность, иногда ищем специально на определённые позиции и задачи. Можно обратиться в организацию со своим проектом или начать действовать самостоятельно от своего имени или создать свою организацию. Есть и членские организации, такие как организация Никиты, где рады всем и там что-либо делать необязательно. Бывает по-разному. В любом случае, если ты действительно хочешь помогать сообществу — для тебя нет никаких преград.\n---\n[[— Но, что меня больше всего расстраивает, так это то, что сообщество неоднозначно относится к активистам.]]",
      "links": [
        {
          "name": "— Но, что меня больше всего расстраивает, так это то, что сообщество неоднозначно относится к активистам.",
          "link": "— Но, что меня больше всего расстраивает, так это то, что сообщество неоднозначно относится к активистам.",
          "pid": "42"
        }
      ],
      "name": "— Не все организации свободно берут к себе новых людей. Активизм — это работа. Мы ищем людей и для широкого круга заданий, под большие мероприятия или под текущую деятельность, иногда ищем специально на определённые позиции и задачи. Можно обратиться в организацию со своим проектом или начать действовать самостоятельно от своего имени или создать свою организацию. Есть и членские организации, такие как организация Никиты, где рады всем и там что-либо делать необязательно. Бывает по-разному. В любом случае, если ты действительно хочешь помогать сообществу — для тебя нет никаких преград.",
      "pid": "48",
      "position": {
        "x": "3600",
        "y": "300"
      },
      "tags": [
        "t:p"
      ]
    },
    {
      "text": "<i>Диалог окончен. Вы можете вернуться на главный экран.</i>",
      "name": "Диалог окончен. Вы можете вернуться на главный экран.",
      "pid": "49",
      "position": {
        "x": "8700",
        "y": "400"
      },
      "tags": [
        "t:p"
      ]
    },
    {
      "text": "— Что ж, спасибо за помощь, думаю, буду следить за вашей активностью.\n---\n[[— Будем рады. Счастливо, Name.]]",
      "links": [
        {
          "name": "— Будем рады. Счастливо, Name.",
          "link": "— Будем рады. Счастливо, Name.",
          "pid": "51"
        }
      ],
      "name": "— Что ж, спасибо за помощь, думаю, буду следить за вашей активностью.",
      "pid": "50",
      "position": {
        "x": "8175",
        "y": "400"
      },
      "tags": [
        "t:h"
      ]
    },
    {
      "text": "— Будем рады. Счастливо, <Name>.\n---\n[[Совет]]",
      "links": [
        {
          "name": "Совет",
          "link": "Совет",
          "pid": "41"
        }
      ],
      "name": "— Будем рады. Счастливо, Name.",
      "pid": "51",
      "position": {
        "x": "8350",
        "y": "400"
      },
      "tags": [
        "t:p",
        "setReaction:activist-woman-proud"
      ]
    },
    {
      "text": "— Чем я могу помочь?\n---\n[[— Во-первых, береги себя и думай о своем благополучии и своих близких. Заботься о себе и своих близких. Хорошо, когда вокруг счастливые и успешные люди.]]",
      "links": [
        {
          "name": "— Во-первых, береги себя и думай о своем благополучии и своих близких. Заботься о себе и своих близких. Хорошо, когда вокруг счастливые и успешные люди.",
          "link": "— Во-первых, береги себя и думай о своем благополучии и своих близких. Заботься о себе и своих близких. Хорошо, когда вокруг счастливые и успешные люди.",
          "pid": "37"
        }
      ],
      "name": "— Чем я могу помочь?",
      "pid": "52",
      "position": {
        "x": "7300",
        "y": "500"
      },
      "tags": [
        "t:h",
        "hide:unicornUnlocked:=:0"
      ]
    },
    {
      "text": "— Вот же кидала. Фиг с ним! Только людей подвёл.\n---\n[[— Трудно разобраться в произошедшем с Никитой, когда он сам молчит и скрывается. Верю, ситуация не такая чёрно-белая, как может представляться.]] ",
      "links": [
        {
          "name": "— Трудно разобраться в произошедшем с Никитой, когда он сам молчит и скрывается. Верю, ситуация не такая чёрно-белая, как может представляться.",
          "link": "— Трудно разобраться в произошедшем с Никитой, когда он сам молчит и скрывается. Верю, ситуация не такая чёрно-белая, как может представляться.",
          "pid": "54"
        }
      ],
      "name": "— Вот же кидала. Фиг с ним! Только людей подвёл.",
      "pid": "53",
      "position": {
        "x": "1175",
        "y": "725"
      },
      "tags": [
        "t:h"
      ]
    },
    {
      "text": "— Трудно разобраться в произошедшем с Никитой, когда он сам молчит и скрывается. Верю, ситуация не такая чёрно-белая, как может представляться.\n---\n[[— Были слухи: его вызывали в органы. Предлагали сотрудничество. Обычное дело. Но ничего более я не слышала.]]",
      "links": [
        {
          "name": "— Были слухи: его вызывали в органы. Предлагали сотрудничество. Обычное дело. Но ничего более я не слышала.",
          "link": "— Были слухи: его вызывали в органы. Предлагали сотрудничество. Обычное дело. Но ничего более я не слышала.",
          "pid": "9"
        }
      ],
      "name": "— Трудно разобраться в произошедшем с Никитой, когда он сам молчит и скрывается. Верю, ситуация не такая чёрно-белая, как может представляться.",
      "pid": "54",
      "position": {
        "x": "1375",
        "y": "725"
      },
      "tags": [
        "t:p"
      ]
    },
    {
      "text": "— Вы молодцы. Спасибо вам за работу!\n---\n[[— Ой, спасибо! Так приятно слышать положительную оценку нашей деятельности.]]",
      "links": [
        {
          "name": "— Ой, спасибо! Так приятно слышать положительную оценку нашей деятельности.",
          "link": "— Ой, спасибо! Так приятно слышать положительную оценку нашей деятельности.",
          "pid": "56"
        }
      ],
      "name": "— Вы молодцы. Спасибо вам за работу!",
      "pid": "55",
      "position": {
        "x": "5425",
        "y": "1050"
      },
      "tags": [
        "t:h"
      ]
    },
    {
      "text": "— Ой, спасибо! Так приятно слышать положительную оценку нашей деятельности.\n---\n[[— В последний год нередко ловлю себя на грустных мыслях.]]",
      "links": [
        {
          "name": "— В последний год нередко ловлю себя на грустных мыслях.",
          "link": "— В последний год нередко ловлю себя на грустных мыслях.",
          "pid": "27"
        }
      ],
      "name": "— Ой, спасибо! Так приятно слышать положительную оценку нашей деятельности.",
      "pid": "56",
      "position": {
        "x": "6210",
        "y": "1070"
      },
      "tags": [
        "t:p"
      ]
    },
    {
      "text": "— А я вижу изменения к лучшему. Больше принимающих людей кругом. Мне кажется, активистам  часто приходится иметь дело с худшей стороной реальности и людьми в беде, поэтому такой мрачной видится ситуация.\n---\n[[— Знаешь, мне нужно больше общаться с людьми вне своего пузыря. От твоих слов даже как-то полегчало.]]",
      "links": [
        {
          "name": "— Знаешь, мне нужно больше общаться с людьми вне своего пузыря. От твоих слов даже как-то полегчало.",
          "link": "— Знаешь, мне нужно больше общаться с людьми вне своего пузыря. От твоих слов даже как-то полегчало.",
          "pid": "59"
        }
      ],
      "name": "— А я вижу изменения к лучшему. Больше принимающих людей кругом. Мне кажется, активистам  часто приходится иметь дело с худшей стороной реальности и людьми в беде, поэтому такой мрачной видится ситуация.",
      "pid": "57",
      "position": {
        "x": "6400",
        "y": "775"
      },
      "tags": [
        "t:h"
      ]
    },
    {
      "text": "— Тебе, похоже, с таким настроением пора из активизма уходить.\n---\n[[— Может, моя работа и не нужна никому. Столько организаций было до и о них никто не вспоминает. Может, люди справятся сами без костылей активизма.]]\n",
      "links": [
        {
          "name": "— Может, моя работа и не нужна никому. Столько организаций было до и о них никто не вспоминает. Может, люди справятся сами без костылей активизма.",
          "link": "— Может, моя работа и не нужна никому. Столько организаций было до и о них никто не вспоминает. Может, люди справятся сами без костылей активизма.",
          "pid": "60"
        }
      ],
      "name": "— Тебе, похоже, с таким настроением пора из активизма уходить.",
      "pid": "58",
      "position": {
        "x": "6550",
        "y": "700"
      },
      "tags": [
        "t:h"
      ]
    },
    {
      "text": "— Знаешь, мне нужно больше общаться с людьми вне своего пузыря. От твоих слов даже как-то полегчало.\n---\n[[— Что бы ты хотела от ЛГБТК+ сообщества?]]",
      "links": [
        {
          "name": "— Что бы ты хотела от ЛГБТК+ сообщества?",
          "link": "— Что бы ты хотела от ЛГБТК+ сообщества?",
          "pid": "33"
        }
      ],
      "name": "— Знаешь, мне нужно больше общаться с людьми вне своего пузыря. От твоих слов даже как-то полегчало.",
      "pid": "59",
      "position": {
        "x": "6650",
        "y": "950"
      },
      "tags": [
        "t:p"
      ]
    },
    {
      "text": "— Может, моя работа и не нужна никому. Столько организаций было до и о них никто не вспоминает. Может, люди справятся сами без костылей активизма.\n---\n[[— Что бы ты хотела от ЛГБТК+ сообщества?]]",
      "links": [
        {
          "name": "— Что бы ты хотела от ЛГБТК+ сообщества?",
          "link": "— Что бы ты хотела от ЛГБТК+ сообщества?",
          "pid": "33"
        }
      ],
      "name": "— Может, моя работа и не нужна никому. Столько организаций было до и о них никто не вспоминает. Может, люди справятся сами без костылей активизма.",
      "pid": "60",
      "position": {
        "x": "6950",
        "y": "825"
      },
      "tags": [
        "t:p"
      ]
    }
  ],
  "name": "Активистка 2",
  "startnode": "1",
  "creator": "Twine",
  "creator-version": "2.3.14",
  "ifid": "E7AFC3AA-FB8D-4C97-9F0B-DD14C5A8C398"
}