{
  "passages": [
    {
      "text": "<i>Общение с Единорогом из шкафа научило вас быть более открытым и спокойным. При этом появилось ощущение общей нереальности происходящего и недооформившееся желание обратиться к специалисту на тему галлюцинаций.</i>\n---\n[[Вас не особо беспокоили странные взаимодействия с непонятными людьми в реале и в Интернете...]]",
      "links": [
        {
          "name": "Вас не особо беспокоили странные взаимодействия с непонятными людьми в реале и в Интернете...",
          "link": "Вас не особо беспокоили странные взаимодействия с непонятными людьми в реале и в Интернете...",
          "pid": "2"
        }
      ],
      "name": "Общение с Единорогом из шкафа научило вас быть более открытым и спокойным. При этом появилось ощущение общей нереальности происходящего и недооформившееся желание обратиться к специалисту на тему галлюцинаций.",
      "pid": "1",
      "position": {
        "x": "98.33333333333334",
        "y": "605"
      },
      "tags": [
        "setReaction:bad-priest-unexistent",
        "t:sp"
      ]
    },
    {
      "text": "<i>Вас стали меньше беспокоить странные взаимодействия с непонятными людьми в реале и в Интернете, даже если у последних не было фото, как в этом случае.</i>\n---\n[[— Привет, грешник.]]",
      "links": [
        {
          "name": "— Привет, грешник.",
          "link": "— Привет, грешник.",
          "pid": "3"
        }
      ],
      "name": "Вас не особо беспокоили странные взаимодействия с непонятными людьми в реале и в Интернете...",
      "pid": "2",
      "position": {
        "x": "275",
        "y": "600"
      },
      "tags": [
        "t:p"
      ]
    },
    {
      "text": "— Привет, грешник.\n---\n[[— Вы кто?]]\n[[— Что вы хотите сказать?]]",
      "links": [
        {
          "name": "— Вы кто?",
          "link": "— Вы кто?",
          "pid": "4"
        },
        {
          "name": "— Что вы хотите сказать?",
          "link": "— Что вы хотите сказать?",
          "pid": "5"
        }
      ],
      "name": "— Привет, грешник.",
      "pid": "3",
      "position": {
        "x": "450",
        "y": "600"
      },
      "tags": [
        "t:p"
      ]
    },
    {
      "text": "— Вы кто?\n---\n[[— Об этом позже. Содомитим потихоньку?]]",
      "links": [
        {
          "name": "— Об этом позже. Содомитим потихоньку?",
          "link": "— Об этом позже. Содомитим потихоньку?",
          "pid": "47"
        }
      ],
      "name": "— Вы кто?",
      "pid": "4",
      "position": {
        "x": "625",
        "y": "475"
      },
      "tags": [
        "t:h"
      ]
    },
    {
      "text": "— Что вы хотите сказать?\n---\n[[— Содомитим потихоньку?]]",
      "links": [
        {
          "name": "— Содомитим потихоньку?",
          "link": "— Содомитим потихоньку?",
          "pid": "6"
        }
      ],
      "name": "— Что вы хотите сказать?",
      "pid": "5",
      "position": {
        "x": "625",
        "y": "725"
      },
      "tags": [
        "t:h"
      ]
    },
    {
      "text": "— Содомитим потихоньку?\n---\n[[— Да.2]]\n[[— Какая разница?]]\n[[— Нет.2]]\n[[— Что это значит?2]]",
      "links": [
        {
          "name": "— Да.2",
          "link": "— Да.2",
          "pid": "7"
        },
        {
          "name": "— Какая разница?",
          "link": "— Какая разница?",
          "pid": "8"
        },
        {
          "name": "— Нет.2",
          "link": "— Нет.2",
          "pid": "9"
        },
        {
          "name": "— Что это значит?2",
          "link": "— Что это значит?2",
          "pid": "10"
        }
      ],
      "name": "— Содомитим потихоньку?",
      "pid": "6",
      "position": {
        "x": "800",
        "y": "850"
      },
      "tags": [
        "t:p"
      ]
    },
    {
      "text": "— Да.\n---\n[[— Ну вот! Содомит - автоматом грешен.]]",
      "links": [
        {
          "name": "— Ну вот! Содомит - автоматом грешен.",
          "link": "— Ну вот! Содомит - автоматом грешен.",
          "pid": "11"
        }
      ],
      "name": "— Да.2",
      "pid": "7",
      "position": {
        "x": "975",
        "y": "275"
      },
      "tags": [
        "t:h"
      ]
    },
    {
      "text": "— Какая разница?\n---\n[[— Чего виляешь?]]",
      "links": [
        {
          "name": "— Чего виляешь?",
          "link": "— Чего виляешь?",
          "pid": "48"
        }
      ],
      "name": "— Какая разница?",
      "pid": "8",
      "position": {
        "x": "1025",
        "y": "525"
      },
      "tags": [
        "t:h"
      ]
    },
    {
      "text": "— Нет.\n---\n[[— Давай представим, что ты сказал правду.]]",
      "links": [
        {
          "name": "— Давай представим, что ты сказал правду.",
          "link": "— Давай представим, что ты сказал правду.",
          "pid": "51"
        }
      ],
      "name": "— Нет.2",
      "pid": "9",
      "position": {
        "x": "1025",
        "y": "675"
      },
      "tags": [
        "t:h"
      ]
    },
    {
      "text": "— Что это значит?\n---\n[[— Гомосексуал, гей, мужеложец, голубец, петух,.. Мужчин любишь, короче.]]",
      "links": [
        {
          "name": "— Гомосексуал, гей, мужеложец, голубец, петух,.. Мужчин любишь, короче.",
          "link": "— Гомосексуал, гей, мужеложец, голубец, петух,.. Мужчин любишь, короче.",
          "pid": "52"
        }
      ],
      "name": "— Что это значит?2",
      "pid": "10",
      "position": {
        "x": "975",
        "y": "950"
      },
      "tags": [
        "t:h"
      ]
    },
    {
      "text": "— Ну вот! Содомит — автоматом грешен.\n---\n[[— Мне не хочется слушать негатив в свой адрес, уж прости.]]",
      "links": [
        {
          "name": "— Мне не хочется слушать негатив в свой адрес, уж прости.",
          "link": "— Мне не хочется слушать негатив в свой адрес, уж прости.",
          "pid": "12"
        }
      ],
      "name": "— Ну вот! Содомит - автоматом грешен.",
      "pid": "11",
      "position": {
        "x": "1150",
        "y": "250"
      },
      "tags": [
        "t:p"
      ]
    },
    {
      "text": "— Мне не хочется слушать негатив в свой адрес, уж прости.\n---\n[[— Да постой. Я шучу.]]",
      "links": [
        {
          "name": "— Да постой. Я шучу.",
          "link": "— Да постой. Я шучу.",
          "pid": "13"
        }
      ],
      "name": "— Мне не хочется слушать негатив в свой адрес, уж прости.",
      "pid": "12",
      "position": {
        "x": "1325",
        "y": "250"
      },
      "tags": [
        "t:h"
      ]
    },
    {
      "text": "— Да постой. Я шучу.\n---\n[[— Давай знакомиться заново.]]",
      "links": [
        {
          "name": "— Давай знакомиться заново.",
          "link": "— Давай знакомиться заново.",
          "pid": "14"
        }
      ],
      "name": "— Да постой. Я шучу.",
      "pid": "13",
      "position": {
        "x": "1500",
        "y": "325"
      },
      "tags": [
        "t:p"
      ]
    },
    {
      "text": "— Давай знакомиться заново.\n---\n[[— Заново?]]",
      "links": [
        {
          "name": "— Заново?",
          "link": "— Заново?",
          "pid": "15"
        }
      ],
      "name": "— Давай знакомиться заново.",
      "pid": "14",
      "position": {
        "x": "1650",
        "y": "625"
      },
      "tags": [
        "t:p"
      ]
    },
    {
      "text": "— Заново?\n---\n[[— Ты мне очень понравился при встрече и вот в рекомендованных друзьях тебя увидел и решил попробовать подкатить.]]",
      "links": [
        {
          "name": "— Ты мне очень понравился при встрече и вот в рекомендованных друзьях тебя увидел и решил попробовать подкатить.",
          "link": "— Ты мне очень понравился при встрече и вот в рекомендованных друзьях тебя увидел и решил попробовать подкатить.",
          "pid": "16"
        }
      ],
      "name": "— Заново?",
      "pid": "15",
      "position": {
        "x": "1825",
        "y": "625"
      },
      "tags": [
        "t:h"
      ]
    },
    {
      "text": "— Ты мне очень понравился при встрече, вчера в рекомендованных друзьях тебя увидел и решил попробовать подкатить.\n---\n[[— ?]]\n[[— Дальше что?]]\n[[— Кто ты?]]",
      "links": [
        {
          "name": "— ?",
          "link": "— ?",
          "pid": "50"
        },
        {
          "name": "— Дальше что?",
          "link": "— Дальше что?",
          "pid": "17"
        },
        {
          "name": "— Кто ты?",
          "link": "— Кто ты?",
          "pid": "18"
        }
      ],
      "name": "— Ты мне очень понравился при встрече и вот в рекомендованных друзьях тебя увидел и решил попробовать подкатить.",
      "pid": "16",
      "position": {
        "x": "2000",
        "y": "625"
      },
      "tags": [
        "t:p"
      ]
    },
    {
      "text": "— Дальше что?\n---\n[[— Ладно. Не томлю. Сейчас вышлю фото. Только обещай, что не расскажешь обо мне никому. И снимок тоже не показывай.]]",
      "links": [
        {
          "name": "— Ладно. Не томлю. Сейчас вышлю фото. Только обещай, что не расскажешь обо мне никому. И снимок тоже не показывай.",
          "link": "— Ладно. Не томлю. Сейчас вышлю фото. Только обещай, что не расскажешь обо мне никому. И снимок тоже не показывай.",
          "pid": "19"
        }
      ],
      "name": "— Дальше что?",
      "pid": "17",
      "position": {
        "x": "2175",
        "y": "425"
      },
      "tags": [
        "t:h"
      ]
    },
    {
      "text": "— Кто ты?\n---\n[[— Ладно. Не томлю. Сейчас вышлю фото. Только обещай, что не расскажешь обо мне никому. И снимок тоже не показывай.]]",
      "links": [
        {
          "name": "— Ладно. Не томлю. Сейчас вышлю фото. Только обещай, что не расскажешь обо мне никому. И снимок тоже не показывай.",
          "link": "— Ладно. Не томлю. Сейчас вышлю фото. Только обещай, что не расскажешь обо мне никому. И снимок тоже не показывай.",
          "pid": "19"
        }
      ],
      "name": "— Кто ты?",
      "pid": "18",
      "position": {
        "x": "2176",
        "y": "775"
      },
      "tags": [
        "t:h"
      ]
    },
    {
      "text": "— Ладно. Не томлю. Сейчас вышлю фото. Только обещай, что не расскажешь обо мне никому. И снимок тоже не показывай.\n---\n[[— Обещаю.]]",
      "links": [
        {
          "name": "— Обещаю.",
          "link": "— Обещаю.",
          "pid": "20"
        }
      ],
      "name": "— Ладно. Не томлю. Сейчас вышлю фото. Только обещай, что не расскажешь обо мне никому. И снимок тоже не показывай.",
      "pid": "19",
      "position": {
        "x": "2375",
        "y": "600"
      },
      "tags": [
        "t:p"
      ]
    },
    {
      "text": "— Обещаю.\n---\n[[— Парень выслал фотографию. На ней оказался сексуальный бородач с отличным телом, возрастом около тридцати в расстегнутом халате или отец Сергий.]]",
      "links": [
        {
          "name": "— Парень выслал фотографию. На ней оказался сексуальный бородач с отличным телом, возрастом около тридцати в расстегнутом халате или отец Сергий.",
          "link": "— Парень выслал фотографию. На ней оказался сексуальный бородач с отличным телом, возрастом около тридцати в расстегнутом халате или отец Сергий.",
          "pid": "21"
        }
      ],
      "name": "— Обещаю.",
      "pid": "20",
      "position": {
        "x": "2550",
        "y": "600"
      },
      "tags": [
        "t:h"
      ]
    },
    {
      "text": "— Парень выслал фотографию. На ней оказался сексуальный бородач с отличным телом, возрастом около тридцати, в расстегнутом халате. Или отец Сергий.\n---\n[[Картинка падрэ]]",
      "links": [
        {
          "name": "Картинка падрэ",
          "link": "Картинка падрэ",
          "pid": "57"
        }
      ],
      "name": "— Парень выслал фотографию. На ней оказался сексуальный бородач с отличным телом, возрастом около тридцати в расстегнутом халате или отец Сергий.",
      "pid": "21",
      "position": {
        "x": "2725",
        "y": "604"
      },
      "tags": [
        "t:p"
      ]
    },
    {
      "text": "— Признаюсь, это неожиданно. Священник и гей.\n---\n[[— ...очень часто встречающееся явление, вообще-то. Будем общаться, то расскажу тебе про свои годы учёбы в семинарии.]]",
      "links": [
        {
          "name": "— ...очень часто встречающееся явление, вообще-то. Будем общаться, то расскажу тебе про свои годы учёбы в семинарии.",
          "link": "— ...очень часто встречающееся явление, вообще-то. Будем общаться, то расскажу тебе про свои годы учёбы в семинарии.",
          "pid": "23"
        }
      ],
      "name": "— Признаюсь, это неожиданно. Священник и гей.",
      "pid": "22",
      "position": {
        "x": "3000",
        "y": "425"
      },
      "tags": [
        "t:h"
      ]
    },
    {
      "text": "— ...очень часто встречающееся явление, вообще-то. Будем общаться, то расскажу тебе про свои годы учёбы в семинарии.\n---\n[[— Мне неинтересно. Разве что узнать, как ты стал священником и почему поддерживаешь веру в греховность гомосексуальности. Для этого в гости не нужно.]]",
      "links": [
        {
          "name": "— Мне неинтересно. Разве что узнать, как ты стал священником и почему поддерживаешь веру в греховность гомосексуальности. Для этого в гости не нужно.",
          "link": "— Мне неинтересно. Разве что узнать, как ты стал священником и почему поддерживаешь веру в греховность гомосексуальности. Для этого в гости не нужно.",
          "pid": "27"
        }
      ],
      "name": "— ...очень часто встречающееся явление, вообще-то. Будем общаться, то расскажу тебе про свои годы учёбы в семинарии.",
      "pid": "23",
      "position": {
        "x": "3175",
        "y": "401"
      },
      "tags": [
        "t:p",
        "showThing:broken-tablets",
        "set:bad-priest-item:1"
      ]
    },
    {
      "text": "— Вау. Ты красавец.\n---\n[[— Благодарю! Как по поводу в гости на секс?]]",
      "links": [
        {
          "name": "— Благодарю! Как по поводу в гости на секс?",
          "link": "— Благодарю! Как по поводу в гости на секс?",
          "pid": "25"
        }
      ],
      "name": "— Вау. Ты красавец.",
      "pid": "24",
      "position": {
        "x": "2975",
        "y": "850"
      },
      "tags": [
        "t:h"
      ]
    },
    {
      "text": "— Благодарю! Как по поводу в гости на секс?\n---\n[[— Мне неинтересно. Разве что узнать, как ты стал священником и почему поддерживаешь веру в греховность гомосексуальности. Для этого в гости не нужно.]]\n[[— Отлично. Давай адрес.]]",
      "links": [
        {
          "name": "— Мне неинтересно. Разве что узнать, как ты стал священником и почему поддерживаешь веру в греховность гомосексуальности. Для этого в гости не нужно.",
          "link": "— Мне неинтересно. Разве что узнать, как ты стал священником и почему поддерживаешь веру в греховность гомосексуальности. Для этого в гости не нужно.",
          "pid": "27"
        },
        {
          "name": "— Отлично. Давай адрес.",
          "link": "— Отлично. Давай адрес.",
          "pid": "26"
        }
      ],
      "name": "— Благодарю! Как по поводу в гости на секс?",
      "pid": "25",
      "position": {
        "x": "3150",
        "y": "850"
      },
      "tags": [
        "t:p",
        "showThing:broken-tablets",
        "setReaction:bad-priest-horny",
        "set:bad-priest-item:1"
      ]
    },
    {
      "text": "— Отлично. Давай адрес.\n---\n[[Священник дал вам адрес. Долго не думая вы заказали такси и поехали к нему.]]",
      "links": [
        {
          "name": "Священник дал вам адрес. Долго не думая вы заказали такси и поехали к нему.",
          "link": "Священник дал вам адрес. Долго не думая вы заказали такси и поехали к нему.",
          "pid": "58"
        }
      ],
      "name": "— Отлично. Давай адрес.",
      "pid": "26",
      "position": {
        "x": "3325",
        "y": "850"
      },
      "tags": [
        "t:h",
        "startVideo:priest_home"
      ]
    },
    {
      "text": "— Мне неинтересно. Разве что узнать, как ты стал священником и почему поддерживаешь веру в греховность гомосексуальности. Для этого в гости не нужно.\n---\n[[— Приезжай. Погомосексуалим, а потом пообщаемся. Все расскажу.]]\n[[— Приезжай. Погомосексуалим, а потом пообщаемся. Все расскажу. Unlock]]",
      "links": [
        {
          "name": "— Приезжай. Погомосексуалим, а потом пообщаемся. Все расскажу.",
          "link": "— Приезжай. Погомосексуалим, а потом пообщаемся. Все расскажу.",
          "pid": "28"
        },
        {
          "name": "— Приезжай. Погомосексуалим, а потом пообщаемся. Все расскажу. Unlock",
          "link": "— Приезжай. Погомосексуалим, а потом пообщаемся. Все расскажу. Unlock",
          "pid": "59"
        }
      ],
      "name": "— Мне неинтересно. Разве что узнать, как ты стал священником и почему поддерживаешь веру в греховность гомосексуальности. Для этого в гости не нужно.",
      "pid": "27",
      "position": {
        "x": "3350",
        "y": "400"
      },
      "tags": [
        "t:h"
      ]
    },
    {
      "text": "— Приезжай. Погомосексуалим, а потом пообщаемся. Все расскажу.\n---\n[[— Как-то мне не по себе от этой идеи.]]\n[[— Мужик ты привлекательный, но мне трудно заниматься сексом с незнакомцем и даже если я тебя узнаю получше, то не обещаю ничего.]]\n[[— Нет. Не хочу иметь дело с двуличным ублюдком.]]\n[[— Отлично. Давай адрес.]]",
      "links": [
        {
          "name": "— Как-то мне не по себе от этой идеи.",
          "link": "— Как-то мне не по себе от этой идеи.",
          "pid": "29"
        },
        {
          "name": "— Мужик ты привлекательный, но мне трудно заниматься сексом с незнакомцем и даже если я тебя узнаю получше, то не обещаю ничего.",
          "link": "— Мужик ты привлекательный, но мне трудно заниматься сексом с незнакомцем и даже если я тебя узнаю получше, то не обещаю ничего.",
          "pid": "30"
        },
        {
          "name": "— Нет. Не хочу иметь дело с двуличным ублюдком.",
          "link": "— Нет. Не хочу иметь дело с двуличным ублюдком.",
          "pid": "31"
        },
        {
          "name": "— Отлично. Давай адрес.",
          "link": "— Отлично. Давай адрес.",
          "pid": "26"
        }
      ],
      "name": "— Приезжай. Погомосексуалим, а потом пообщаемся. Все расскажу.",
      "pid": "28",
      "position": {
        "x": "3600",
        "y": "425"
      },
      "tags": [
        "t:p",
        "setReaction:bad-priest-horny",
        "hide:catFinished:=:1"
      ]
    },
    {
      "text": "— Как-то мне не по себе от этой идеи.\n---\n[[— Ладно. Я попробую тебя привлечь.]]",
      "links": [
        {
          "name": "— Ладно. Я попробую тебя привлечь.",
          "link": "— Ладно. Я попробую тебя привлечь.",
          "pid": "32"
        }
      ],
      "name": "— Как-то мне не по себе от этой идеи.",
      "pid": "29",
      "position": {
        "x": "3800",
        "y": "150"
      },
      "tags": [
        "t:h"
      ]
    },
    {
      "text": "— Мужик ты привлекательный, но мне трудно заниматься сексом с незнакомцем и даже если я тебя узнаю получше, то не обещаю ничего.\n---\n[[— Спрашивай.]]",
      "links": [
        {
          "name": "— Спрашивай.",
          "link": "— Спрашивай.",
          "pid": "33"
        }
      ],
      "name": "— Мужик ты привлекательный, но мне трудно заниматься сексом с незнакомцем и даже если я тебя узнаю получше, то не обещаю ничего.",
      "pid": "30",
      "position": {
        "x": "3800",
        "y": "300"
      },
      "tags": [
        "t:h"
      ]
    },
    {
      "text": "— Нет. Не хочу иметь дело с двуличным ублюдком.\n---\n[[— Я не виноват, так все делают. Деваться некуда...]]",
      "links": [
        {
          "name": "— Я не виноват, так все делают. Деваться некуда...",
          "link": "— Я не виноват, так все делают. Деваться некуда...",
          "pid": "65"
        }
      ],
      "name": "— Нет. Не хочу иметь дело с двуличным ублюдком.",
      "pid": "31",
      "position": {
        "x": "4125",
        "y": "1075"
      },
      "tags": [
        "t:h"
      ]
    },
    {
      "text": "— Ладно. Я попробую тебя привлечь.\n---\n[[— Почему ты священник?]]",
      "links": [
        {
          "name": "— Почему ты священник?",
          "link": "— Почему ты священник?",
          "pid": "34"
        }
      ],
      "name": "— Ладно. Я попробую тебя привлечь.",
      "pid": "32",
      "position": {
        "x": "3975",
        "y": "150"
      },
      "tags": [
        "t:p",
        "setReaction:bad-priest-main"
      ]
    },
    {
      "text": "— Спрашивай.\n---\n[[— Почему ты священник?]]",
      "links": [
        {
          "name": "— Почему ты священник?",
          "link": "— Почему ты священник?",
          "pid": "34"
        }
      ],
      "name": "— Спрашивай.",
      "pid": "33",
      "position": {
        "x": "3975",
        "y": "300"
      },
      "tags": [
        "t:p",
        "setReaction:bad-priest-main"
      ]
    },
    {
      "text": "— Почему ты священник?\n---\n[[— Я из небогатой семьи, а моя подруга детства Вера была третьей дочкой священника и я бывал у неё в гостях часто. И у них был достаток виден куда ни взгляни: четырехкомнатная квартира, две машины, компьютеры и ноут, фотоаппараты, отдыхать на море ездили. У меня подарки Веры из поездок до сих пор хранятся.]]",
      "links": [
        {
          "name": "— Я из небогатой семьи, а моя подруга детства Вера была третьей дочкой священника и я бывал у неё в гостях часто. И у них был достаток виден куда ни взгляни: четырехкомнатная квартира, две машины, компьютеры и ноут, фотоаппараты, отдыхать на море ездили. У меня подарки Веры из поездок до сих пор хранятся.",
          "link": "— Я из небогатой семьи, а моя подруга детства Вера была третьей дочкой священника и я бывал у неё в гостях часто. И у них был достаток виден куда ни взгляни: четырехкомнатная квартира, две машины, компьютеры и ноут, фотоаппараты, отдыхать на море ездили. У меня подарки Веры из поездок до сих пор хранятся.",
          "pid": "35"
        }
      ],
      "name": "— Почему ты священник?",
      "pid": "34",
      "position": {
        "x": "4200",
        "y": "325"
      },
      "tags": [
        "t:h"
      ]
    },
    {
      "text": "— Я из небогатой семьи, а моя подруга детства Вера была третьей дочкой священника и я бывал у неё в гостях часто. И у них был достаток виден куда ни взгляни: четырехкомнатная квартира, две машины, компьютеры и ноут, фотоаппараты, отдыхать на море ездили. У меня подарки Веры из поездок до сих пор хранятся.\n---\n[[— Тогда я и понял, что можно зарабатывать служа Богу. Был и момент,  когда связывал работу в церкви с искуплением греха гомосексуальности. Но мысль эта быстро улетучилась.]]",
      "links": [
        {
          "name": "— Тогда я и понял, что можно зарабатывать служа Богу. Был и момент,  когда связывал работу в церкви с искуплением греха гомосексуальности. Но мысль эта быстро улетучилась.",
          "link": "— Тогда я и понял, что можно зарабатывать служа Богу. Был и момент,  когда связывал работу в церкви с искуплением греха гомосексуальности. Но мысль эта быстро улетучилась.",
          "pid": "60"
        }
      ],
      "name": "— Я из небогатой семьи, а моя подруга детства Вера была третьей дочкой священника и я бывал у неё в гостях часто. И у них был достаток виден куда ни взгляни: четырехкомнатная квартира, две машины, компьютеры и ноут, фотоаппараты, отдыхать на море ездили. У меня подарки Веры из поездок до сих пор хранятся.",
      "pid": "35",
      "position": {
        "x": "4400",
        "y": "350"
      },
      "tags": [
        "t:p"
      ]
    },
    {
      "text": "— Но ты твердил мне о грехе мужеложества на нашей встрече в церкви, а сам не веришь в сказанное?\n---\n[[Картинка правда]]",
      "links": [
        {
          "name": "Картинка правда",
          "link": "Картинка правда",
          "pid": "69"
        }
      ],
      "name": "— Но ты твердил мне о грехе мужеложества на нашей встрече в церкви, а сам не веришь в сказанное?",
      "pid": "36",
      "position": {
        "x": "4775",
        "y": "400"
      },
      "tags": [
        "t:h"
      ]
    },
    {
      "text": "— Я тебе преподносил церковное видение гомосексуальности, как работник структуры, озвучивающий её позицию.\n---\n[[— Понятно.2]]",
      "links": [
        {
          "name": "— Понятно.2",
          "link": "— Понятно.2",
          "pid": "38"
        }
      ],
      "name": "— Я тебе преподносил церковное видение гомосексуальности, как работник структуры, озвучивающий её позицию.",
      "pid": "37",
      "position": {
        "x": "5125",
        "y": "400"
      },
      "tags": [
        "t:p"
      ]
    },
    {
      "text": "— Понятно.\n---\n[[— Но церковь же не свора чиновников и не государство во главе с диктатором!]]",
      "links": [
        {
          "name": "— Но церковь же не свора чиновников и не государство во главе с диктатором!",
          "link": "— Но церковь же не свора чиновников и не государство во главе с диктатором!",
          "pid": "39"
        }
      ],
      "name": "— Понятно.2",
      "pid": "38",
      "position": {
        "x": "5300",
        "y": "400"
      },
      "tags": [
        "t:h"
      ]
    },
    {
      "text": "— Но церковь же не свора чиновников и не государство во главе с диктатором!\n---\n[[— Православная церковь именно государство во главе с диктатором. Я не хочу потерять место, если станет известна моя реальная позиция. Есть политика организации и я ей следую.]]",
      "links": [
        {
          "name": "— Православная церковь именно государство во главе с диктатором. Я не хочу потерять место, если станет известна моя реальная позиция. Есть политика организации и я ей следую.",
          "link": "— Православная церковь именно государство во главе с диктатором. Я не хочу потерять место, если станет известна моя реальная позиция. Есть политика организации и я ей следую.",
          "pid": "40"
        }
      ],
      "name": "— Но церковь же не свора чиновников и не государство во главе с диктатором!",
      "pid": "39",
      "position": {
        "x": "5475",
        "y": "400"
      },
      "tags": [
        "t:p"
      ]
    },
    {
      "text": "— Православная церковь именно государство во главе с диктатором. Я не хочу потерять место, если станет известна моя реальная позиция. Есть политика организации и я ей следую.\n---\n[[— И оно того стоит?]]",
      "links": [
        {
          "name": "— И оно того стоит?",
          "link": "— И оно того стоит?",
          "pid": "41"
        }
      ],
      "name": "— Православная церковь именно государство во главе с диктатором. Я не хочу потерять место, если станет известна моя реальная позиция. Есть политика организации и я ей следую.",
      "pid": "40",
      "position": {
        "x": "5650",
        "y": "400"
      },
      "tags": [
        "t:p"
      ]
    },
    {
      "text": "— И оно того стоит?\n---\n[[— Для меня да. Я обеспечен. Квартира уже есть.]]",
      "links": [
        {
          "name": "— Для меня да. Я обеспечен. Квартира уже есть.",
          "link": "— Для меня да. Я обеспечен. Квартира уже есть.",
          "pid": "42"
        }
      ],
      "name": "— И оно того стоит?",
      "pid": "41",
      "position": {
        "x": "5825",
        "y": "400"
      },
      "tags": [
        "t:h"
      ]
    },
    {
      "text": "— Для меня да. Я обеспечен. Квартира уже есть.\n---\n[[— Но твоя личная жизнь?]]",
      "links": [
        {
          "name": "— Но твоя личная жизнь?",
          "link": "— Но твоя личная жизнь?",
          "pid": "43"
        }
      ],
      "name": "— Для меня да. Я обеспечен. Квартира уже есть.",
      "pid": "42",
      "position": {
        "x": "6000",
        "y": "400"
      },
      "tags": [
        "t:p"
      ]
    },
    {
      "text": "— Но твоя личная жизнь?\n---\n[[— Моя личная жизнь никого не волнует. Главное выглядеть богопослушным.]]",
      "links": [
        {
          "name": "— Моя личная жизнь никого не волнует. Главное выглядеть богопослушным.",
          "link": "— Моя личная жизнь никого не волнует. Главное выглядеть богопослушным.",
          "pid": "44"
        }
      ],
      "name": "— Но твоя личная жизнь?",
      "pid": "43",
      "position": {
        "x": "6175",
        "y": "400"
      },
      "tags": [
        "t:h"
      ]
    },
    {
      "text": "— Моя личная жизнь никого не волнует. Главное выглядеть богопослушным.\n---\n[[— А так могу спать с кем пожелаю. Бороды нынче в моде, отсутствием мужского внимания не страдаю. Но я мечтаю найти себе зайца на постоянку. Вот ты очень на его роль подходишь.]]",
      "links": [
        {
          "name": "— А так могу спать с кем пожелаю. Бороды нынче в моде, отсутствием мужского внимания не страдаю. Но я мечтаю найти себе зайца на постоянку. Вот ты очень на его роль подходишь.",
          "link": "— А так могу спать с кем пожелаю. Бороды нынче в моде, отсутствием мужского внимания не страдаю. Но я мечтаю найти себе зайца на постоянку. Вот ты очень на его роль подходишь.",
          "pid": "45"
        }
      ],
      "name": "— Моя личная жизнь никого не волнует. Главное выглядеть богопослушным.",
      "pid": "44",
      "position": {
        "x": "6350",
        "y": "400"
      },
      "tags": [
        "t:p"
      ]
    },
    {
      "text": "— А так могу спать с кем пожелаю. Бороды нынче в моде, отсутствием мужского внимания не страдаю. Но я мечтаю найти себе зайца на постоянку. Вот ты очень на его роль подходишь.\n---\n[[— Спасибо за разговор и искренность.]]",
      "links": [
        {
          "name": "— Спасибо за разговор и искренность.",
          "link": "— Спасибо за разговор и искренность.",
          "pid": "46"
        }
      ],
      "name": "— А так могу спать с кем пожелаю. Бороды нынче в моде, отсутствием мужского внимания не страдаю. Но я мечтаю найти себе зайца на постоянку. Вот ты очень на его роль подходишь.",
      "pid": "45",
      "position": {
        "x": "6525",
        "y": "400"
      },
      "tags": [
        "t:p"
      ]
    },
    {
      "text": "— Спасибо за разговор и искренность.\n---\n[[— Пожалуйста. Ну так что? Приедешь?]]",
      "links": [
        {
          "name": "— Пожалуйста. Ну так что? Приедешь?",
          "link": "— Пожалуйста. Ну так что? Приедешь?",
          "pid": "54"
        }
      ],
      "name": "— Спасибо за разговор и искренность.",
      "pid": "46",
      "position": {
        "x": "6700",
        "y": "400"
      },
      "tags": [
        "t:h"
      ]
    },
    {
      "text": "— Об этом позже. Содомитим потихоньку?\n---\n[[— Да.2]]\n[[— Какая разница?]]\n[[— Нет.2]]\n[[— Что это значит?2]]",
      "links": [
        {
          "name": "— Да.2",
          "link": "— Да.2",
          "pid": "7"
        },
        {
          "name": "— Какая разница?",
          "link": "— Какая разница?",
          "pid": "8"
        },
        {
          "name": "— Нет.2",
          "link": "— Нет.2",
          "pid": "9"
        },
        {
          "name": "— Что это значит?2",
          "link": "— Что это значит?2",
          "pid": "10"
        }
      ],
      "name": "— Об этом позже. Содомитим потихоньку?",
      "pid": "47",
      "position": {
        "x": "800",
        "y": "375"
      },
      "tags": [
        "t:p"
      ]
    },
    {
      "text": "— Чего виляешь?\n---\n[[— Я вас не знаю.]]",
      "links": [
        {
          "name": "— Я вас не знаю.",
          "link": "— Я вас не знаю.",
          "pid": "49"
        }
      ],
      "name": "— Чего виляешь?",
      "pid": "48",
      "position": {
        "x": "1200",
        "y": "525"
      },
      "tags": [
        "t:p"
      ]
    },
    {
      "text": "— Я вас не знаю.\n---\n[[— Давай знакомиться заново.]]",
      "links": [
        {
          "name": "— Давай знакомиться заново.",
          "link": "— Давай знакомиться заново.",
          "pid": "14"
        }
      ],
      "name": "— Я вас не знаю.",
      "pid": "49",
      "position": {
        "x": "1375",
        "y": "600"
      },
      "tags": [
        "t:h"
      ]
    },
    {
      "text": "— ?\n---\n[[— Ладно. Не томлю. Сейчас вышлю фото. Только обещай, что не расскажешь обо мне никому. И снимок тоже не показывай.]]",
      "links": [
        {
          "name": "— Ладно. Не томлю. Сейчас вышлю фото. Только обещай, что не расскажешь обо мне никому. И снимок тоже не показывай.",
          "link": "— Ладно. Не томлю. Сейчас вышлю фото. Только обещай, что не расскажешь обо мне никому. И снимок тоже не показывай.",
          "pid": "19"
        }
      ],
      "name": "— ?",
      "pid": "50",
      "position": {
        "x": "2201",
        "y": "600"
      },
      "tags": [
        "t:h"
      ]
    },
    {
      "text": "— Давай представим, что ты сказал правду.\n---\n[[— Я вас не знаю.]]",
      "links": [
        {
          "name": "— Я вас не знаю.",
          "link": "— Я вас не знаю.",
          "pid": "49"
        }
      ],
      "name": "— Давай представим, что ты сказал правду.",
      "pid": "51",
      "position": {
        "x": "1200",
        "y": "675"
      },
      "tags": [
        "t:p"
      ]
    },
    {
      "text": "— Гомосексуал, гей, мужеложец, голубец, петух... Мужчин любишь, короче.\n---\n[[— Вы очень осведомлены о терминологии.]]",
      "links": [
        {
          "name": "— Вы очень осведомлены о терминологии.",
          "link": "— Вы очень осведомлены о терминологии.",
          "pid": "53"
        }
      ],
      "name": "— Гомосексуал, гей, мужеложец, голубец, петух,.. Мужчин любишь, короче.",
      "pid": "52",
      "position": {
        "x": "1150",
        "y": "950"
      },
      "tags": [
        "t:p"
      ]
    },
    {
      "text": "— Вы очень осведомлены о терминологии.\n---\n[[— Давай знакомиться заново.]]",
      "links": [
        {
          "name": "— Давай знакомиться заново.",
          "link": "— Давай знакомиться заново.",
          "pid": "14"
        }
      ],
      "name": "— Вы очень осведомлены о терминологии.",
      "pid": "53",
      "position": {
        "x": "1326",
        "y": "950"
      },
      "tags": [
        "t:h"
      ]
    },
    {
      "text": "— Пожалуйста. Ну так что? Приедешь?\n---\n[[— Может, как-нибудь в другой раз.]]",
      "links": [
        {
          "name": "— Может, как-нибудь в другой раз.",
          "link": "— Может, как-нибудь в другой раз.",
          "pid": "68"
        }
      ],
      "name": "— Пожалуйста. Ну так что? Приедешь?",
      "pid": "54",
      "position": {
        "x": "6875",
        "y": "400"
      },
      "tags": [
        "t:p",
        "unlockPerson:7"
      ]
    },
    {
      "text": "<i>На следующий день вы не нашли и следа переписки с Сергием. Наверное, вы его чем-то отпугнули.</i>\n---\n[[Совет3]]",
      "links": [
        {
          "name": "Совет3",
          "link": "Совет3",
          "pid": "56"
        }
      ],
      "name": "На следующий день вы не нашли и следа переписки с Сергием. Наверное, вы его чем-то отпугнули.",
      "pid": "55",
      "position": {
        "x": "6850",
        "y": "725"
      },
      "tags": [
        "t:p"
      ]
    },
    {
      "text": "{adviceId=350}\nЦерковь, о которой идёт речь, открыто говорит о негативной позиции по отношению к ЛГБТК+ или же полностью избегает тем, касающихся сексуальной ориентации и гендерной идентичности, при этом часть работников подобных организаций являются ЛГБТК+ или же относятся к ЛГБТК+ так же, как к остальным людям. Эти работники вынуждены придерживаться неписаных законов, если хотят продолжать работать и строить карьеру. Для сплочения паствы религиозные организации могут утверждать об исключительной правильности их веры, а также навязывать представление о погрязшем в грехе окружающем мире.  Помните, нет идеальных религиозных лидеров, нет абсолютно правых и святых. К любой идее и словам нужно относиться с долей скепсиса, кем бы они ни были сказаны.\n---\n[[Диалог окончен. Вы можете вернуться на главный экран.]]",
      "links": [
        {
          "name": "Диалог окончен. Вы можете вернуться на главный экран.",
          "link": "Диалог окончен. Вы можете вернуться на главный экран.",
          "pid": "64"
        }
      ],
      "name": "Совет3",
      "pid": "56",
      "position": {
        "x": "6000",
        "y": "1000"
      },
      "tags": [
        "t:f"
      ]
    },
    {
      "text": "kinchki_holly_father.jpg\n---\n[[— Признаюсь, это неожиданно. Священник и гей.]]\n[[— Вау. Ты красавец.]]",
      "links": [
        {
          "name": "— Признаюсь, это неожиданно. Священник и гей.",
          "link": "— Признаюсь, это неожиданно. Священник и гей.",
          "pid": "22"
        },
        {
          "name": "— Вау. Ты красавец.",
          "link": "— Вау. Ты красавец.",
          "pid": "24"
        }
      ],
      "name": "Картинка падрэ",
      "pid": "57",
      "position": {
        "x": "2898.3333333333335",
        "y": "603.3333333333334"
      },
      "tags": [
        "t:imgp",
        "setReaction:bad-priest-main"
      ]
    },
    {
      "text": "<i>Священник дал вам адрес. Долго не думая вы заказали такси и поехали к нему...</i>\n---\n[[— Почему ты священник?2]]",
      "links": [
        {
          "name": "— Почему ты священник?2",
          "link": "— Почему ты священник?2",
          "pid": "62"
        }
      ],
      "name": "Священник дал вам адрес. Долго не думая вы заказали такси и поехали к нему.",
      "pid": "58",
      "position": {
        "x": "3500",
        "y": "850"
      },
      "tags": [
        "t:p",
        "setReaction:bad-priest-main"
      ]
    },
    {
      "text": "— Приезжай. Погомосексуалим, а потом пообщаемся. Все расскажу.\n---\n[[— Как-то мне не по себе от этой идеи.]]\n[[— Мужик ты привлекательный, но мне трудно заниматься сексом с незнакомцем и даже если я тебя узнаю получше, то не обещаю ничего.]]\n[[— Нет. Не хочу иметь дело с двуличным ублюдком.]]\n[[— Отлично. Давай адрес.]]",
      "links": [
        {
          "name": "— Как-то мне не по себе от этой идеи.",
          "link": "— Как-то мне не по себе от этой идеи.",
          "pid": "29"
        },
        {
          "name": "— Мужик ты привлекательный, но мне трудно заниматься сексом с незнакомцем и даже если я тебя узнаю получше, то не обещаю ничего.",
          "link": "— Мужик ты привлекательный, но мне трудно заниматься сексом с незнакомцем и даже если я тебя узнаю получше, то не обещаю ничего.",
          "pid": "30"
        },
        {
          "name": "— Нет. Не хочу иметь дело с двуличным ублюдком.",
          "link": "— Нет. Не хочу иметь дело с двуличным ублюдком.",
          "pid": "31"
        },
        {
          "name": "— Отлично. Давай адрес.",
          "link": "— Отлично. Давай адрес.",
          "pid": "26"
        }
      ],
      "name": "— Приезжай. Погомосексуалим, а потом пообщаемся. Все расскажу. Unlock",
      "pid": "59",
      "position": {
        "x": "3550",
        "y": "250"
      },
      "tags": [
        "unlockPerson:11",
        "t:p",
        "setReaction:bad-priest-horny",
        "hide:catFinished:=:0"
      ]
    },
    {
      "text": "— Тогда я и понял, что можно зарабатывать служа Богу. Был и момент, когда связывал работу в церкви с искуплением греха гомосексуальности. Но мысль эта быстро улетучилась.\n---\n[[— Но ты твердил мне о грехе мужеложества на нашей встрече в церкви, а сам не веришь в сказанное?]]",
      "links": [
        {
          "name": "— Но ты твердил мне о грехе мужеложества на нашей встрече в церкви, а сам не веришь в сказанное?",
          "link": "— Но ты твердил мне о грехе мужеложества на нашей встрече в церкви, а сам не веришь в сказанное?",
          "pid": "36"
        }
      ],
      "name": "— Тогда я и понял, что можно зарабатывать служа Богу. Был и момент,  когда связывал работу в церкви с искуплением греха гомосексуальности. Но мысль эта быстро улетучилась.",
      "pid": "60",
      "position": {
        "x": "4600",
        "y": "400"
      },
      "tags": [
        "t:p"
      ]
    },
    {
      "text": "— Я из небогатой семьи, а моя подруга детства Вера была третьей дочкой священника и я бывал у неё в гостях часто. И у них был достаток виден куда ни взгляни: четырехкомнатная квартира, две машины, компьютеры и ноут, фотоаппараты, отдыхать на море ездили. У меня подарки Веры из поездок до сих пор хранятся.\n---\n[[— Тогда я и понял, что можно зарабатывать служа Богу. Был и момент,  когда связывал работу в церкви с искуплением греха гомосексуальности. Но мысль эта быстро улетучилась.]]",
      "links": [
        {
          "name": "— Тогда я и понял, что можно зарабатывать служа Богу. Был и момент,  когда связывал работу в церкви с искуплением греха гомосексуальности. Но мысль эта быстро улетучилась.",
          "link": "— Тогда я и понял, что можно зарабатывать служа Богу. Был и момент,  когда связывал работу в церкви с искуплением греха гомосексуальности. Но мысль эта быстро улетучилась.",
          "pid": "60"
        }
      ],
      "name": "— Я из небогатой семьи, а моя подруга детства Вера была третьей дочкой священника и я бывал у неё в гостях часто. И у них был достаток виден куда ни взгляни: четырехкомнатная квартира, две машины, компьютеры и ноут, фотоаппараты, отдыхать на море ездили. У меня подарки Веры из поездок до сих пор хранятся.2 Unlock",
      "pid": "61",
      "position": {
        "x": "4350",
        "y": "550"
      },
      "tags": [
        "t:p",
        "unlockPerson:11",
        "hide:catFinished:=:0"
      ]
    },
    {
      "text": "— Почему ты священник?\n---\n[[— Я из небогатой семьи, а моя подруга детства Вера была третьей дочкой священника и я бывал у неё в гостях часто. И у них был достаток виден куда ни взгляни: четырехкомнатная квартира, две машины, компьютеры и ноут, фотоаппараты, отдыхать на море ездили. У меня подарки Веры из поездок до сих пор хранятся.2 Unlock]]\n[[— Я из небогатой семьи, а моя подруга детства Вера была третьей дочкой священника и я бывал у неё в гостях часто. И у них был достаток виден куда ни взгляни: четырехкомнатная квартира, две машины, компьютеры и ноут, фотоаппараты, отдыхать на море ездили. У меня подарки Веры из поездок до сих пор хранятся.2]]",
      "links": [
        {
          "name": "— Я из небогатой семьи, а моя подруга детства Вера была третьей дочкой священника и я бывал у неё в гостях часто. И у них был достаток виден куда ни взгляни: четырехкомнатная квартира, две машины, компьютеры и ноут, фотоаппараты, отдыхать на море ездили. У меня подарки Веры из поездок до сих пор хранятся.2 Unlock",
          "link": "— Я из небогатой семьи, а моя подруга детства Вера была третьей дочкой священника и я бывал у неё в гостях часто. И у них был достаток виден куда ни взгляни: четырехкомнатная квартира, две машины, компьютеры и ноут, фотоаппараты, отдыхать на море ездили. У меня подарки Веры из поездок до сих пор хранятся.2 Unlock",
          "pid": "61"
        },
        {
          "name": "— Я из небогатой семьи, а моя подруга детства Вера была третьей дочкой священника и я бывал у неё в гостях часто. И у них был достаток виден куда ни взгляни: четырехкомнатная квартира, две машины, компьютеры и ноут, фотоаппараты, отдыхать на море ездили. У меня подарки Веры из поездок до сих пор хранятся.2",
          "link": "— Я из небогатой семьи, а моя подруга детства Вера была третьей дочкой священника и я бывал у неё в гостях часто. И у них был достаток виден куда ни взгляни: четырехкомнатная квартира, две машины, компьютеры и ноут, фотоаппараты, отдыхать на море ездили. У меня подарки Веры из поездок до сих пор хранятся.2",
          "pid": "63"
        }
      ],
      "name": "— Почему ты священник?2",
      "pid": "62",
      "position": {
        "x": "4150",
        "y": "575"
      },
      "tags": [
        "t:h"
      ]
    },
    {
      "text": "— Я из небогатой семьи, а моя подруга детства Вера была третьей дочкой священника и я бывал у неё в гостях часто. И у них был достаток виден куда ни взгляни: четырехкомнатная квартира, две машины, компьютеры и ноут, фотоаппараты, отдыхать на море ездили. У меня подарки Веры из поездок до сих пор хранятся.\n---\n[[— Тогда я и понял, что можно зарабатывать служа Богу. Был и момент,  когда связывал работу в церкви с искуплением греха гомосексуальности. Но мысль эта быстро улетучилась.]]",
      "links": [
        {
          "name": "— Тогда я и понял, что можно зарабатывать служа Богу. Был и момент,  когда связывал работу в церкви с искуплением греха гомосексуальности. Но мысль эта быстро улетучилась.",
          "link": "— Тогда я и понял, что можно зарабатывать служа Богу. Был и момент,  когда связывал работу в церкви с искуплением греха гомосексуальности. Но мысль эта быстро улетучилась.",
          "pid": "60"
        }
      ],
      "name": "— Я из небогатой семьи, а моя подруга детства Вера была третьей дочкой священника и я бывал у неё в гостях часто. И у них был достаток виден куда ни взгляни: четырехкомнатная квартира, две машины, компьютеры и ноут, фотоаппараты, отдыхать на море ездили. У меня подарки Веры из поездок до сих пор хранятся.2",
      "pid": "63",
      "position": {
        "x": "4375",
        "y": "725"
      },
      "tags": [
        "t:p",
        "hide:catFinished:=:1"
      ]
    },
    {
      "text": "<i>Диалог окончен. Вы можете вернуться на главный экран.</i>",
      "name": "Диалог окончен. Вы можете вернуться на главный экран.",
      "pid": "64",
      "position": {
        "x": "6100",
        "y": "1175"
      },
      "tags": [
        "t:p",
        "set:badPriestFinished:1"
      ]
    },
    {
      "text": "— Я не виноват, так все делают. Деваться некуда...\n---\n[[— До свидания \"святой отец\".]]",
      "links": [
        {
          "name": "— До свидания \"святой отец\".",
          "link": "— До свидания \"святой отец\".",
          "pid": "66"
        }
      ],
      "name": "— Я не виноват, так все делают. Деваться некуда...",
      "pid": "65",
      "position": {
        "x": "4300",
        "y": "1075"
      },
      "tags": [
        "t:p",
        "unlockPerson:7"
      ]
    },
    {
      "text": "— До свидания «святой отец».\n---\n[[1На следующий день вы не нашли и следа переписки с Сергием.]]",
      "links": [
        {
          "name": "1На следующий день вы не нашли и следа переписки с Сергием.",
          "link": "1На следующий день вы не нашли и следа переписки с Сергием.",
          "pid": "67"
        }
      ],
      "name": "— До свидания \"святой отец\".",
      "pid": "66",
      "position": {
        "x": "4475",
        "y": "1075"
      },
      "tags": [
        "t:h"
      ]
    },
    {
      "text": "<i>На следующий день вы не нашли и следа переписки с Сергием.</i>\n---\n[[Совет3]]",
      "links": [
        {
          "name": "Совет3",
          "link": "Совет3",
          "pid": "56"
        }
      ],
      "name": "1На следующий день вы не нашли и следа переписки с Сергием.",
      "pid": "67",
      "position": {
        "x": "4650",
        "y": "1075"
      },
      "tags": [
        "t:p"
      ]
    },
    {
      "text": "— Может, как-нибудь в другой раз.\n---\n[[На следующий день вы не нашли и следа переписки с Сергием. Наверное, вы его чем-то отпугнули.]]",
      "links": [
        {
          "name": "На следующий день вы не нашли и следа переписки с Сергием. Наверное, вы его чем-то отпугнули.",
          "link": "На следующий день вы не нашли и следа переписки с Сергием. Наверное, вы его чем-то отпугнули.",
          "pid": "55"
        }
      ],
      "name": "— Может, как-нибудь в другой раз.",
      "pid": "68",
      "position": {
        "x": "6975",
        "y": "550"
      },
      "tags": [
        "t:h"
      ]
    },
    {
      "text": "3.jpg\n---\n[[— Я тебе преподносил церковное видение гомосексуальности, как работник структуры, озвучивающий её позицию.]]",
      "links": [
        {
          "name": "— Я тебе преподносил церковное видение гомосексуальности, как работник структуры, озвучивающий её позицию.",
          "link": "— Я тебе преподносил церковное видение гомосексуальности, как работник структуры, озвучивающий её позицию.",
          "pid": "37"
        }
      ],
      "name": "Картинка правда",
      "pid": "69",
      "position": {
        "x": "4950",
        "y": "400"
      },
      "tags": [
        "t:imgp"
      ]
    }
  ],
  "name": "Плохой священник 2 Short",
  "startnode": "1",
  "creator": "Twine",
  "creator-version": "2.3.14",
  "ifid": "5E56ABA2-7C94-432F-8118-B53B9E1054D2"
}