{
  "passages": [
    {
      "text": "— Щвобода! Щвобода! Мяу так щаcтлив!\n---\n[[— Мурзик, кис-кис-кис. Ты здесь, потому что потерялся, пухлые щечки?]]",
      "links": [
        {
          "name": "— Мурзик, кис-кис-кис. Ты здесь, потому что потерялся, пухлые щечки?",
          "link": "— Мурзик, кис-кис-кис. Ты здесь, потому что потерялся, пухлые щечки?",
          "pid": "19"
        }
      ],
      "name": "— Щвобода! Щвобода! Мяу так щаcтлив!",
      "pid": "1",
      "position": {
        "x": "275",
        "y": "250"
      },
      "tags": [
        "t:sp",
        "setReaction:cat-tears"
      ]
    },
    {
      "text": "— Это ошкорбительно! Ты по внешношти моей бывшей хозяйки, надеюсь, тоже прошёлся? По этой ограниченной котомучительнице! У неё ушов нет!\n---\n[[— Она близкий друг, как мне казалось. Поэтому я её щадил. И у людей большинство девушек предпочитают не растить усы.]]\n[[— Извини. Я не хотел задеть твои кошачьи чувства.]]\n[[— Не надо так про Алису.]]",
      "links": [
        {
          "name": "— Она близкий друг, как мне казалось. Поэтому я её щадил. И у людей большинство девушек предпочитают не растить усы.",
          "link": "— Она близкий друг, как мне казалось. Поэтому я её щадил. И у людей большинство девушек предпочитают не растить усы.",
          "pid": "20"
        },
        {
          "name": "— Извини. Я не хотел задеть твои кошачьи чувства.",
          "link": "— Извини. Я не хотел задеть твои кошачьи чувства.",
          "pid": "21"
        },
        {
          "name": "— Не надо так про Алису.",
          "link": "— Не надо так про Алису.",
          "pid": "22"
        }
      ],
      "name": "— Это ошкорбительно! Ты по внешношти моей бывшей хозяйки, надеюсь, тоже прошёлся? По этой ограниченной котомучительнице! У неё ушов нет!",
      "pid": "2",
      "position": {
        "x": "625",
        "y": "250"
      },
      "tags": [
        "t:p",
        "setReaction:cat-angry"
      ]
    },
    {
      "text": "— Она хотела меня каштрировать! Адское шождание! Меня! Шпециалиста по гомошексуальности у животных! Знаешь эту тему? Или хочешь разобраться получше?\n---\n[[— Я отлично разбираюсь в теме. Читал.]]\n[[— Не знаю. Расскажи.]]\n[[— Что-то слышал. Но не против узнать больше.]]",
      "links": [
        {
          "name": "— Я отлично разбираюсь в теме. Читал.",
          "link": "— Я отлично разбираюсь в теме. Читал.",
          "pid": "23"
        },
        {
          "name": "— Не знаю. Расскажи.",
          "link": "— Не знаю. Расскажи.",
          "pid": "24"
        },
        {
          "name": "— Что-то слышал. Но не против узнать больше.",
          "link": "— Что-то слышал. Но не против узнать больше.",
          "pid": "25"
        }
      ],
      "name": "— Она хотела меня каштрировать! Адское шождание! Меня! Шпециалиста по гомошексуальности у животных! Знаешь эту тему? Или хочешь разобраться получше?",
      "pid": "3",
      "position": {
        "x": "975",
        "y": "250"
      },
      "tags": [
        "t:p"
      ]
    },
    {
      "text": "— Здорово! Рад такому интерешу к природе. Можешь меня погладить. Но вше равно послушай мою короткую и поучительную лекцию.\n---\n[[— Перед началом щкажу Мурзик — это мое рабшкое имя. Теперь меня зовут Шало. В честь моей любимой еды.]]",
      "links": [
        {
          "name": "— Перед началом щкажу Мурзик — это мое рабшкое имя. Теперь меня зовут Шало. В честь моей любимой еды.",
          "link": "— Перед началом щкажу Мурзик — это мое рабшкое имя. Теперь меня зовут Шало. В честь моей любимой еды.",
          "pid": "5"
        }
      ],
      "name": "— Здорово! Рад такому интерешу к природе. Можешь меня погладить.",
      "pid": "4",
      "position": {
        "x": "1325",
        "y": "100"
      },
      "tags": [
        "t:p",
        "setReaction:cat-happy"
      ]
    },
    {
      "text": "— Перед началом щкажу Мурзик — это мое рабшкое имя. Теперь меня зовут Шало. В честь моей любимой еды.\n---\n[[— Хорошо, Cало. Так что там у животных?]]",
      "links": [
        {
          "name": "— Хорошо, Cало. Так что там у животных?",
          "link": "— Хорошо, Cало. Так что там у животных?",
          "pid": "26"
        }
      ],
      "name": "— Перед началом щкажу Мурзик — это мое рабшкое имя. Теперь меня зовут Шало. В честь моей любимой еды.",
      "pid": "5",
      "position": {
        "x": "1325",
        "y": "250"
      },
      "tags": [
        "t:p",
        "setReaction:cat-main"
      ]
    },
    {
      "text": "{adviceId=90}\nГомосексуальное поведение у ряда животных — факт. Но причины его, если они и могут быть выделены, не объясняют гомосексуальность у человека. В то же время у наших меньших братьев и сестёр нет неприязни к гомосексуальным контактам. И вам тоже нечего стыдиться.\n---\n[[— До меня только что дошло: Алиса, единорог, говорящие коты... Это прям как Страна чудес или Зазеркалье! Как там героиня говорила? Всё страньше и страньше?]]",
      "links": [
        {
          "name": "— До меня только что дошло: Алиса, единорог, говорящие коты... Это прям как Страна чудес или Зазеркалье! Как там героиня говорила? Всё страньше и страньше?",
          "link": "— До меня только что дошло: Алиса, единорог, говорящие коты... Это прям как Страна чудес или Зазеркалье! Как там героиня говорила? Всё страньше и страньше?",
          "pid": "51"
        }
      ],
      "name": "Совет",
      "pid": "6",
      "position": {
        "x": "6700",
        "y": "250"
      },
      "tags": [
        "t:f"
      ]
    },
    {
      "text": "— Во-первых, гомошексуальное поведение наблюдалось людьми у более чем 1500 видов животных. Вы любите шмотреть на нас в шамые интимные моменты нашей жизни. По Интернету гуляют фотки и видео, целые каналы на телевидении посвящены подглядыванию людей за животными.\n---\n[[— Да, в Интернете много разных видео и снимков животных, как мне рассказывали.]]",
      "links": [
        {
          "name": "— Да, в Интернете много разных видео и снимков животных, как мне рассказывали.",
          "link": "— Да, в Интернете много разных видео и снимков животных, как мне рассказывали.",
          "pid": "15"
        }
      ],
      "name": "— Во-первых, гомошексуальное поведение наблюдалось людьми у более чем 1500 видов животных. Вы любите шмотреть на нас в шамые интимные моменты нашей жизни. По Интернету гуляют фотки и видео, целые каналы на телевидении посвящены подглядыванию людей за животными.",
      "pid": "7",
      "position": {
        "x": "1675",
        "y": "250"
      },
      "tags": [
        "t:p"
      ]
    },
    {
      "text": "— Интерешно: у ишледованных гомошексуальных баранов обнаружены общие особенности мозга. Часть учёных полагает, что это результат селекции. При этом, овцы-родственницы гомошекшуальных баранов шчитаются более плодовитыми. Ты, как понимаю, тоже чишто по шамцам?\n---\n[[— Да. Чисто по самцам.]]\n[[— Нет. Я бисексуален.]]\n[[— Не хочу об этом говорить.]]\n[[— Не люблю этих лейблов.]]\n[[— Пансексуал.]]",
      "links": [
        {
          "name": "— Да. Чисто по самцам.",
          "link": "— Да. Чисто по самцам.",
          "pid": "27"
        },
        {
          "name": "— Нет. Я бисексуален.",
          "link": "— Нет. Я бисексуален.",
          "pid": "28"
        },
        {
          "name": "— Не хочу об этом говорить.",
          "link": "— Не хочу об этом говорить.",
          "pid": "29"
        },
        {
          "name": "— Не люблю этих лейблов.",
          "link": "— Не люблю этих лейблов.",
          "pid": "54"
        },
        {
          "name": "— Пансексуал.",
          "link": "— Пансексуал.",
          "pid": "53"
        }
      ],
      "name": "— Интерешно: у гомошексуальных баранов обнаружены общие особенности мозга. Часть учёных полагает, что это результат селекции. При этом, овцы-родственницы гомошекшуальных баранов шчитаются более плодовитыми. Ты, как понимаю, тоже чишто по шамцам?",
      "pid": "8",
      "position": {
        "x": "2175",
        "y": "250"
      },
      "tags": [
        "t:p"
      ]
    },
    {
      "text": "— Я шпрашивал просто из вежливошти. Рашказывать дальше?\n---\n[[— Да, пожалуйста!]]\n[[— Это не та информация, на которую я рассчитывал. Но да, расскажи про остальных животных.]]",
      "links": [
        {
          "name": "— Да, пожалуйста!",
          "link": "— Да, пожалуйста!",
          "pid": "31"
        },
        {
          "name": "— Это не та информация, на которую я рассчитывал. Но да, расскажи про остальных животных.",
          "link": "— Это не та информация, на которую я рассчитывал. Но да, расскажи про остальных животных.",
          "pid": "32"
        }
      ],
      "name": "— Я шпрашивал прошто из вежливошти. Рашказывать дальше?",
      "pid": "9",
      "position": {
        "x": "2550",
        "y": "275"
      },
      "tags": [
        "t:p"
      ]
    },
    {
      "text": "— А! Если говорить про вкушных птиц, то некоторые из их видов шоздают однополые  моногамные пары и часто на вщю жизнь! Можешь предштавить! Делают они это, похоже, для более ушпешного выращивания птенцов, когда шамцов на всех недостаточно. Чештно если, я никогда не ушпевал их рашпрошить до еды поточнее. Они шоздают наштоящие семьи, пушть птицам плевать на человечешкие понятия.\n---\n[[— Шамки из гомшексуальной пары, будучи в \"отношениях\", шпариваются ш шамцами, но потом выращивают детей вдвоём, отдельно от оплодотворителя. Две шамки вместе ушпешнее в выращивании потомштва, чем если бы они делали это в одиночку.]]",
      "links": [
        {
          "name": "— Шамки из гомшексуальной пары, будучи в \"отношениях\", шпариваются ш шамцами, но потом выращивают детей вдвоём, отдельно от оплодотворителя. Две шамки вместе ушпешнее в выращивании потомштва, чем если бы они делали это в одиночку.",
          "link": "— Шамки из гомшексуальной пары, будучи в \"отношениях\", шпариваются ш шамцами, но потом выращивают детей вдвоём, отдельно от оплодотворителя. Две шамки вместе ушпешнее в выращивании потомштва, чем если бы они делали это в одиночку.",
          "pid": "41"
        }
      ],
      "name": "— А! Если говорить про вкушных птиц, то некоторые из их видов шоздают однополые  моногамные пары и часто на вщю жизнь! Можешь предштавить! Делают они это, похоже, для более ушпешного выращивания птенцов, когда шамцов на всех недостаточно. Чештно если, я никогда не ушпевал их рашпрошить до еды поточнее. Они шоздают наштоящие семьи, пушть птицам плевать на человечешкие понятия.",
      "pid": "10",
      "position": {
        "x": "3600",
        "y": "275"
      },
      "tags": [
        "t:p"
      ]
    },
    {
      "text": "— Да. У насекомых. На мой взгляд,  более условная гомошекшуальность, чем у других животных. Шкорее, только ш человечешкой точки зрения они ведут себя гомошексуально.\n---\n[[— Предштавь, некоторые виды в период спаривания умудряются путать шамец или самка перед ними, если на шамце или самке остались чужие феромоны. Другой вид насекомых вообще не разбирает пол партнёра в момент оплодотворения. Главное для них - как можно больше близких контактов в день.]]",
      "links": [
        {
          "name": "— Предштавь, некоторые виды в период спаривания умудряются путать шамец или самка перед ними, если на шамце или самке остались чужие феромоны. Другой вид насекомых вообще не разбирает пол партнёра в момент оплодотворения. Главное для них - как можно больше близких контактов в день.",
          "link": "— Предштавь, некоторые виды в период спаривания умудряются путать шамец или самка перед ними, если на шамце или самке остались чужие феромоны. Другой вид насекомых вообще не разбирает пол партнёра в момент оплодотворения. Главное для них - как можно больше близких контактов в день.",
          "pid": "42"
        }
      ],
      "name": "— Да. У насекомых. На мой взгляд,  более условная гомошекшуальность, чем у других животных. Шкорее, только ш человечешкой точки зрения они ведут себя гомошексуально.",
      "pid": "11",
      "position": {
        "x": "4125",
        "y": "275"
      },
      "tags": [
        "t:p"
      ]
    },
    {
      "text": "— Гомосексуальное поведение для многих из нас норма.\n---\n[[— Мы не всегда смотрим, что там под перьями или шерстью. Хотим ли получить удовольствие или завести семью, мы не ограничиваемся гениталиями или нормами. Главное, чтобы кот был хороший. Многие животные по людским меркам бисексуальны.]]",
      "links": [
        {
          "name": "— Мы не всегда смотрим, что там под перьями или шерстью. Хотим ли получить удовольствие или завести семью, мы не ограничиваемся гениталиями или нормами. Главное, чтобы кот был хороший. Многие животные по людским меркам бисексуальны.",
          "link": "— Мы не всегда смотрим, что там под перьями или шерстью. Хотим ли получить удовольствие или завести семью, мы не ограничиваемся гениталиями или нормами. Главное, чтобы кот был хороший. Многие животные по людским меркам бисексуальны.",
          "pid": "13"
        }
      ],
      "name": "— Гомосексуальное поведение для многих из нас норма.",
      "pid": "12",
      "position": {
        "x": "5475",
        "y": "275"
      },
      "tags": [
        "t:p"
      ]
    },
    {
      "text": "— Мы не всегда смотрим, что там под перьями или шерстью. Хотим ли получить удовольствие или завести семью, мы не ограничиваемся гениталиями или нормами. Главное, чтобы кот был хороший. Многие животные по людским меркам бисексуальны.\n---\n[[— Мы точно не паримся о том, кто с кем спит. Человеческая агрессия к отличающейся сексуальной жизни соседей нам чужда. У нас есть и вечные пары, и гаремы, и матриархат, и общества, построенные на сексе. Меня всегда бесило выражение \"ведите себя по-человечески\". \"По-звериному\" было бы намного правильнее и гуманнее во многих случаях.]]",
      "links": [
        {
          "name": "— Мы точно не паримся о том, кто с кем спит. Человеческая агрессия к отличающейся сексуальной жизни соседей нам чужда. У нас есть и вечные пары, и гаремы, и матриархат, и общества, построенные на сексе. Меня всегда бесило выражение \"ведите себя по-человечески\". \"По-звериному\" было бы намного правильнее и гуманнее во многих случаях.",
          "link": "— Мы точно не паримся о том, кто с кем спит. Человеческая агрессия к отличающейся сексуальной жизни соседей нам чужда. У нас есть и вечные пары, и гаремы, и матриархат, и общества, построенные на сексе. Меня всегда бесило выражение \"ведите себя по-человечески\". \"По-звериному\" было бы намного правильнее и гуманнее во многих случаях.",
          "pid": "44"
        }
      ],
      "name": "— Мы не всегда смотрим, что там под перьями или шерстью. Хотим ли получить удовольствие или завести семью, мы не ограничиваемся гениталиями или нормами. Главное, чтобы кот был хороший. Многие животные по людским меркам бисексуальны.",
      "pid": "13",
      "position": {
        "x": "5650",
        "y": "275"
      },
      "tags": [
        "t:p"
      ]
    },
    {
      "text": "— Теперь можешь гладить. Хвошт и уши не трогать. У наш есть пять минут.\n---\n[[Совет]]",
      "links": [
        {
          "name": "Совет",
          "link": "Совет",
          "pid": "6"
        }
      ],
      "name": "— Теперь можешь гладить. Хвошт и уши не трогать. У наш есть пять минут.",
      "pid": "14",
      "position": {
        "x": "6525",
        "y": "250"
      },
      "tags": [
        "t:p",
        "setReaction:cat-happy"
      ]
    },
    {
      "text": "— Да, в Интернете много разных видео и снимков животных, как мне рассказывали.\n---\n[[— Нам извештно про существование ишключительно гомошексуальных по ориентации особей у овец и человека. Проводились ишледования, по которым оказалось, что до 8% овечьих шамцов выберут других шамцов для шпаривания, даже имея возможность быть с шамками. Мы, правда, с Беконом щпорили, нашколько ишледование корректно и качештвенно. Вообще, шоветую научиться проверять шведения, получаемые из медиа, как делаем мы с Бе.]]",
      "links": [
        {
          "name": "— Нам извештно про существование ишключительно гомошексуальных по ориентации особей у овец и человека. Проводились ишледования, по которым оказалось, что до 8% овечьих шамцов выберут других шамцов для шпаривания, даже имея возможность быть с шамками. Мы, правда, с Беконом щпорили, нашколько ишледование корректно и качештвенно. Вообще, шоветую научиться проверять шведения, получаемые из медиа, как делаем мы с Бе.",
          "link": "— Нам извештно про существование ишключительно гомошексуальных по ориентации особей у овец и человека. Проводились ишледования, по которым оказалось, что до 8% овечьих шамцов выберут других шамцов для шпаривания, даже имея возможность быть с шамками. Мы, правда, с Беконом щпорили, нашколько ишледование корректно и качештвенно. Вообще, шоветую научиться проверять шведения, получаемые из медиа, как делаем мы с Бе.",
          "pid": "40"
        }
      ],
      "name": "— Да, в Интернете много разных видео и снимков животных, как мне рассказывали.",
      "pid": "15",
      "position": {
        "x": "1850",
        "y": "250"
      },
      "tags": [
        "t:h"
      ]
    },
    {
      "text": "— Ладно, приматы. А что с птицами?\n---\n[[— Мне все птицы нравятшя одинаково шъедобно.]]",
      "links": [
        {
          "name": "— Мне все птицы нравятшя одинаково шъедобно.",
          "link": "— Мне все птицы нравятшя одинаково шъедобно.",
          "pid": "33"
        }
      ],
      "name": "— Ладно, приматы. А что скажешь про птиц?",
      "pid": "16",
      "position": {
        "x": "3075",
        "y": "275"
      },
      "tags": [
        "t:h"
      ]
    },
    {
      "text": "— А у более примитивных животных госомексуальность встречается?\n---\n[[— Да. У насекомых. На мой взгляд,  более условная гомошекшуальность, чем у других животных. Шкорее, только ш человечешкой точки зрения они ведут себя гомошексуально.]]",
      "links": [
        {
          "name": "— Да. У насекомых. На мой взгляд,  более условная гомошекшуальность, чем у других животных. Шкорее, только ш человечешкой точки зрения они ведут себя гомошексуально.",
          "link": "— Да. У насекомых. На мой взгляд,  более условная гомошекшуальность, чем у других животных. Шкорее, только ш человечешкой точки зрения они ведут себя гомошексуально.",
          "pid": "11"
        }
      ],
      "name": "— А у более примитивных животных госомексуальность встречается?",
      "pid": "17",
      "position": {
        "x": "3950",
        "y": "275"
      },
      "tags": [
        "t:h"
      ]
    },
    {
      "text": "— Я заметил, нас подслушивают. Как понимаю, это твой друг Бекон? Хочешь сказать что-нибудь?\n---\n[[— Вы всё правильно поняли. И, если позволите, я бы подытожил слова Сала.]]",
      "links": [
        {
          "name": "— Вы всё правильно поняли. И, если позволите, я бы подытожил слова Сала.",
          "link": "— Вы всё правильно поняли. И, если позволите, я бы подытожил слова Сала.",
          "pid": "35"
        }
      ],
      "name": "— Я заметил, нас подслушивают. Как понимаю, это твой друг Бекон? Хочешь сказать что-нибудь?",
      "pid": "18",
      "position": {
        "x": "4950",
        "y": "275"
      },
      "tags": [
        "t:h"
      ]
    },
    {
      "text": "— Мурзик, кис-кис-кис. Ты здесь, потому что потерялся, пухлые щечки?\n---\n[[— Это ошкорбительно! Ты по внешношти моей бывшей хозяйки, надеюсь, тоже прошёлся? По этой ограниченной котомучительнице! У неё ушов нет!]]",
      "links": [
        {
          "name": "— Это ошкорбительно! Ты по внешношти моей бывшей хозяйки, надеюсь, тоже прошёлся? По этой ограниченной котомучительнице! У неё ушов нет!",
          "link": "— Это ошкорбительно! Ты по внешношти моей бывшей хозяйки, надеюсь, тоже прошёлся? По этой ограниченной котомучительнице! У неё ушов нет!",
          "pid": "2"
        }
      ],
      "name": "— Мурзик, кис-кис-кис. Ты здесь, потому что потерялся, пухлые щечки?",
      "pid": "19",
      "position": {
        "x": "450",
        "y": "250"
      },
      "tags": [
        "t:h"
      ]
    },
    {
      "text": "— Она близкий друг, как мне казалось. Поэтому я её щадил. И у людей большинство девушек предпочитают не растить усы.\n---\n[[— Она хотела меня каштрировать! Адское шождание! Меня! Шпециалиста по гомошексуальности у животных! Знаешь эту тему? Или хочешь разобраться получше?]]",
      "links": [
        {
          "name": "— Она хотела меня каштрировать! Адское шождание! Меня! Шпециалиста по гомошексуальности у животных! Знаешь эту тему? Или хочешь разобраться получше?",
          "link": "— Она хотела меня каштрировать! Адское шождание! Меня! Шпециалиста по гомошексуальности у животных! Знаешь эту тему? Или хочешь разобраться получше?",
          "pid": "3"
        }
      ],
      "name": "— Она близкий друг, как мне казалось. Поэтому я её щадил. И у людей большинство девушек предпочитают не растить усы.",
      "pid": "20",
      "position": {
        "x": "800",
        "y": "100"
      },
      "tags": [
        "t:h"
      ]
    },
    {
      "text": "— Извини. Я не хотел задеть твои кошачьи чувства.\n---\n[[— Она хотела меня каштрировать! Адское шождание! Меня! Шпециалиста по гомошексуальности у животных! Знаешь эту тему? Или хочешь разобраться получше?]]",
      "links": [
        {
          "name": "— Она хотела меня каштрировать! Адское шождание! Меня! Шпециалиста по гомошексуальности у животных! Знаешь эту тему? Или хочешь разобраться получше?",
          "link": "— Она хотела меня каштрировать! Адское шождание! Меня! Шпециалиста по гомошексуальности у животных! Знаешь эту тему? Или хочешь разобраться получше?",
          "pid": "3"
        }
      ],
      "name": "— Извини. Я не хотел задеть твои кошачьи чувства.",
      "pid": "21",
      "position": {
        "x": "800",
        "y": "400"
      },
      "tags": [
        "t:h"
      ]
    },
    {
      "text": "— Не надо так про Алису.\n---\n[[— Она хотела меня каштрировать! Адское шождание! Меня! Шпециалиста по гомошексуальности у животных! Знаешь эту тему? Или хочешь разобраться получше?]]",
      "links": [
        {
          "name": "— Она хотела меня каштрировать! Адское шождание! Меня! Шпециалиста по гомошексуальности у животных! Знаешь эту тему? Или хочешь разобраться получше?",
          "link": "— Она хотела меня каштрировать! Адское шождание! Меня! Шпециалиста по гомошексуальности у животных! Знаешь эту тему? Или хочешь разобраться получше?",
          "pid": "3"
        }
      ],
      "name": "— Не надо так про Алису.",
      "pid": "22",
      "position": {
        "x": "800",
        "y": "250"
      },
      "tags": [
        "t:h"
      ]
    },
    {
      "text": "— Я отлично разбираюсь в теме. Читал.\n---\n[[— Здорово! Рад такому интерешу к природе. Можешь меня погладить.]]",
      "links": [
        {
          "name": "— Здорово! Рад такому интерешу к природе. Можешь меня погладить.",
          "link": "— Здорово! Рад такому интерешу к природе. Можешь меня погладить.",
          "pid": "4"
        }
      ],
      "name": "— Я отлично разбираюсь в теме. Читал.",
      "pid": "23",
      "position": {
        "x": "1150",
        "y": "100"
      },
      "tags": [
        "t:h"
      ]
    },
    {
      "text": "— Не знаю. Расскажи.\n---\n[[— Перед началом щкажу Мурзик — это мое рабшкое имя. Теперь меня зовут Шало. В честь моей любимой еды.]]",
      "links": [
        {
          "name": "— Перед началом щкажу Мурзик — это мое рабшкое имя. Теперь меня зовут Шало. В честь моей любимой еды.",
          "link": "— Перед началом щкажу Мурзик — это мое рабшкое имя. Теперь меня зовут Шало. В честь моей любимой еды.",
          "pid": "5"
        }
      ],
      "name": "— Не знаю. Расскажи.",
      "pid": "24",
      "position": {
        "x": "1150",
        "y": "250"
      },
      "tags": [
        "t:h"
      ]
    },
    {
      "text": "— Что-то слышал. Но не против узнать больше.\n---\n[[— Перед началом щкажу Мурзик — это мое рабшкое имя. Теперь меня зовут Шало. В честь моей любимой еды.]]",
      "links": [
        {
          "name": "— Перед началом щкажу Мурзик — это мое рабшкое имя. Теперь меня зовут Шало. В честь моей любимой еды.",
          "link": "— Перед началом щкажу Мурзик — это мое рабшкое имя. Теперь меня зовут Шало. В честь моей любимой еды.",
          "pid": "5"
        }
      ],
      "name": "— Что-то слышал. Но не против узнать больше.",
      "pid": "25",
      "position": {
        "x": "1150",
        "y": "400"
      },
      "tags": [
        "t:h"
      ]
    },
    {
      "text": "— Хорошо, Cало. Так что там у животных?\n---\n[[— Во-первых, гомошексуальное поведение наблюдалось людьми у более чем 1500 видов животных. Вы любите шмотреть на нас в шамые интимные моменты нашей жизни. По Интернету гуляют фотки и видео, целые каналы на телевидении посвящены подглядыванию людей за животными.]]",
      "links": [
        {
          "name": "— Во-первых, гомошексуальное поведение наблюдалось людьми у более чем 1500 видов животных. Вы любите шмотреть на нас в шамые интимные моменты нашей жизни. По Интернету гуляют фотки и видео, целые каналы на телевидении посвящены подглядыванию людей за животными.",
          "link": "— Во-первых, гомошексуальное поведение наблюдалось людьми у более чем 1500 видов животных. Вы любите шмотреть на нас в шамые интимные моменты нашей жизни. По Интернету гуляют фотки и видео, целые каналы на телевидении посвящены подглядыванию людей за животными.",
          "pid": "7"
        }
      ],
      "name": "— Хорошо, Cало. Так что там у животных?",
      "pid": "26",
      "position": {
        "x": "1500",
        "y": "250"
      },
      "tags": [
        "t:h"
      ]
    },
    {
      "text": "— Да. Чисто по самцам.\n---\n[[— Я шпрашивал прошто из вежливошти. Рашказывать дальше?]]",
      "links": [
        {
          "name": "— Я шпрашивал прошто из вежливошти. Рашказывать дальше?",
          "link": "— Я шпрашивал прошто из вежливошти. Рашказывать дальше?",
          "pid": "9"
        }
      ],
      "name": "— Да. Чисто по самцам.",
      "pid": "27",
      "position": {
        "x": "2375",
        "y": "125"
      },
      "tags": [
        "t:h"
      ]
    },
    {
      "text": "— Нет. Я бисексуален.\n---\n[[— Я шпрашивал прошто из вежливошти. Рашказывать дальше?]]",
      "links": [
        {
          "name": "— Я шпрашивал прошто из вежливошти. Рашказывать дальше?",
          "link": "— Я шпрашивал прошто из вежливошти. Рашказывать дальше?",
          "pid": "9"
        }
      ],
      "name": "— Нет. Я бисексуален.",
      "pid": "28",
      "position": {
        "x": "2375",
        "y": "425"
      },
      "tags": [
        "t:h"
      ]
    },
    {
      "text": "— Не хочу об этом говорить.\n---\n[[— Я шпрашивал прошто из вежливошти. Рашказывать дальше?]]",
      "links": [
        {
          "name": "— Я шпрашивал прошто из вежливошти. Рашказывать дальше?",
          "link": "— Я шпрашивал прошто из вежливошти. Рашказывать дальше?",
          "pid": "9"
        }
      ],
      "name": "— Не хочу об этом говорить.",
      "pid": "29",
      "position": {
        "x": "2375",
        "y": "275"
      },
      "tags": [
        "t:h"
      ]
    },
    {
      "text": "— У остальных животных все немного щложнее. Например, приматы регулярно практикуют однополый шекш наряду с гетерошекшуальным. Возьмём карликовых шимпанзе бонобо. Шекш — важная и  любимая часть их жизни, они практикуют его для удовольштвия и для закрепления шоциальных связей. Со всеми вне завишимошти от пола и много раз на дню. Можно шказать, что они любят само удовольштвие и бишекшуальны в полном шмышле этого слова. В отличие от вашей породы, гомошекшуальные контакты скрепляют их группы, а не вызывают ненавищть. Учитесь!\n---\n[[— Ладно, приматы. А что скажешь про птиц?]]",
      "links": [
        {
          "name": "— Ладно, приматы. А что скажешь про птиц?",
          "link": "— Ладно, приматы. А что скажешь про птиц?",
          "pid": "16"
        }
      ],
      "name": "— У остальных животных все немного щложнее. Например, приматы регулярно практикуют однополый шекш наряду с гетерошекшуальным. Возьмём карликовых шимпанзе бонобо. Шекш - важная и  любимая часть их жизни, они практикуют его для удовольштвия и для закрепления шоциальных связей. Со всеми вне завишимошти от пола и много раз на дню. Можно шказать, что они любят само удовольштвие и бишекшуальны в полном шмышле этого слова. В отличие от вашей породы, гомошекшуальные контакты скрепляют их группы, а не вызывают ненавищть. Учитесь!",
      "pid": "30",
      "position": {
        "x": "2900",
        "y": "275"
      },
      "tags": [
        "t:p"
      ]
    },
    {
      "text": "— Да, пожалуйста!\n---\n[[— У остальных животных все немного щложнее. Например, приматы регулярно практикуют однополый шекш наряду с гетерошекшуальным. Возьмём карликовых шимпанзе бонобо. Шекш - важная и  любимая часть их жизни, они практикуют его для удовольштвия и для закрепления шоциальных связей. Со всеми вне завишимошти от пола и много раз на дню. Можно шказать, что они любят само удовольштвие и бишекшуальны в полном шмышле этого слова. В отличие от вашей породы, гомошекшуальные контакты скрепляют их группы, а не вызывают ненавищть. Учитесь!]]",
      "links": [
        {
          "name": "— У остальных животных все немного щложнее. Например, приматы регулярно практикуют однополый шекш наряду с гетерошекшуальным. Возьмём карликовых шимпанзе бонобо. Шекш - важная и  любимая часть их жизни, они практикуют его для удовольштвия и для закрепления шоциальных связей. Со всеми вне завишимошти от пола и много раз на дню. Можно шказать, что они любят само удовольштвие и бишекшуальны в полном шмышле этого слова. В отличие от вашей породы, гомошекшуальные контакты скрепляют их группы, а не вызывают ненавищть. Учитесь!",
          "link": "— У остальных животных все немного щложнее. Например, приматы регулярно практикуют однополый шекш наряду с гетерошекшуальным. Возьмём карликовых шимпанзе бонобо. Шекш - важная и  любимая часть их жизни, они практикуют его для удовольштвия и для закрепления шоциальных связей. Со всеми вне завишимошти от пола и много раз на дню. Можно шказать, что они любят само удовольштвие и бишекшуальны в полном шмышле этого слова. В отличие от вашей породы, гомошекшуальные контакты скрепляют их группы, а не вызывают ненавищть. Учитесь!",
          "pid": "30"
        }
      ],
      "name": "— Да, пожалуйста!",
      "pid": "31",
      "position": {
        "x": "2725",
        "y": "400"
      },
      "tags": [
        "t:h"
      ]
    },
    {
      "text": "— Это не та информация, на которую я рассчитывал. Но да, расскажи про остальных животных.\n---\n[[— У остальных животных все немного щложнее. Например, приматы регулярно практикуют однополый шекш наряду с гетерошекшуальным. Возьмём карликовых шимпанзе бонобо. Шекш - важная и  любимая часть их жизни, они практикуют его для удовольштвия и для закрепления шоциальных связей. Со всеми вне завишимошти от пола и много раз на дню. Можно шказать, что они любят само удовольштвие и бишекшуальны в полном шмышле этого слова. В отличие от вашей породы, гомошекшуальные контакты скрепляют их группы, а не вызывают ненавищть. Учитесь!]]",
      "links": [
        {
          "name": "— У остальных животных все немного щложнее. Например, приматы регулярно практикуют однополый шекш наряду с гетерошекшуальным. Возьмём карликовых шимпанзе бонобо. Шекш - важная и  любимая часть их жизни, они практикуют его для удовольштвия и для закрепления шоциальных связей. Со всеми вне завишимошти от пола и много раз на дню. Можно шказать, что они любят само удовольштвие и бишекшуальны в полном шмышле этого слова. В отличие от вашей породы, гомошекшуальные контакты скрепляют их группы, а не вызывают ненавищть. Учитесь!",
          "link": "— У остальных животных все немного щложнее. Например, приматы регулярно практикуют однополый шекш наряду с гетерошекшуальным. Возьмём карликовых шимпанзе бонобо. Шекш - важная и  любимая часть их жизни, они практикуют его для удовольштвия и для закрепления шоциальных связей. Со всеми вне завишимошти от пола и много раз на дню. Можно шказать, что они любят само удовольштвие и бишекшуальны в полном шмышле этого слова. В отличие от вашей породы, гомошекшуальные контакты скрепляют их группы, а не вызывают ненавищть. Учитесь!",
          "pid": "30"
        }
      ],
      "name": "— Это не та информация, на которую я рассчитывал. Но да, расскажи про остальных животных.",
      "pid": "32",
      "position": {
        "x": "2725",
        "y": "150"
      },
      "tags": [
        "t:h"
      ]
    },
    {
      "text": "— Мне все птицы нравятся одинаково шъедобно.\n---\n[[— Я про то, есть ли среди них гомосексуальные или с гомосексуальным поведением?]]",
      "links": [
        {
          "name": "— Я про то, есть ли среди них гомосексуальные или с гомосексуальным поведением?",
          "link": "— Я про то, есть ли среди них гомосексуальные или с гомосексуальным поведением?",
          "pid": "34"
        }
      ],
      "name": "— Мне все птицы нравятшя одинаково шъедобно.",
      "pid": "33",
      "position": {
        "x": "3250",
        "y": "275"
      },
      "tags": [
        "t:p"
      ]
    },
    {
      "text": "— Я про то, есть ли среди них гомосексуальные или с гомосексуальным поведением?\n---\n[[— А! Если говорить про вкушных птиц, то некоторые из их видов шоздают однополые  моногамные пары и часто на вщю жизнь! Можешь предштавить! Делают они это, похоже, для более ушпешного выращивания птенцов, когда шамцов на всех недостаточно. Чештно если, я никогда не ушпевал их рашпрошить до еды поточнее. Они шоздают наштоящие семьи, пушть птицам плевать на человечешкие понятия.]]",
      "links": [
        {
          "name": "— А! Если говорить про вкушных птиц, то некоторые из их видов шоздают однополые  моногамные пары и часто на вщю жизнь! Можешь предштавить! Делают они это, похоже, для более ушпешного выращивания птенцов, когда шамцов на всех недостаточно. Чештно если, я никогда не ушпевал их рашпрошить до еды поточнее. Они шоздают наштоящие семьи, пушть птицам плевать на человечешкие понятия.",
          "link": "— А! Если говорить про вкушных птиц, то некоторые из их видов шоздают однополые  моногамные пары и часто на вщю жизнь! Можешь предштавить! Делают они это, похоже, для более ушпешного выращивания птенцов, когда шамцов на всех недостаточно. Чештно если, я никогда не ушпевал их рашпрошить до еды поточнее. Они шоздают наштоящие семьи, пушть птицам плевать на человечешкие понятия.",
          "pid": "10"
        }
      ],
      "name": "— Я про то, есть ли среди них гомосексуальные или с гомосексуальным поведением?",
      "pid": "34",
      "position": {
        "x": "3425",
        "y": "275"
      },
      "tags": [
        "t:h"
      ]
    },
    {
      "text": "— Вы всё правильно поняли. И, если позволите, я бы подытожил слова Сала.\n---\n[[— Конечно.]]\n[[— Ты не шепелявишь, поэтому я с удовольствием послушаю.]]",
      "links": [
        {
          "name": "— Конечно.",
          "link": "— Конечно.",
          "pid": "36"
        },
        {
          "name": "— Ты не шепелявишь, поэтому я с удовольствием послушаю.",
          "link": "— Ты не шепелявишь, поэтому я с удовольствием послушаю.",
          "pid": "37"
        }
      ],
      "name": "— Вы всё правильно поняли. И, если позволите, я бы подытожил слова Сала.",
      "pid": "35",
      "position": {
        "x": "5150",
        "y": "275"
      },
      "tags": [
        "t:p",
        "setReaction:cat-othercat"
      ]
    },
    {
      "text": "— Конечно.\n---\n[[— Гомосексуальное поведение для многих из нас норма.]]",
      "links": [
        {
          "name": "— Гомосексуальное поведение для многих из нас норма.",
          "link": "— Гомосексуальное поведение для многих из нас норма.",
          "pid": "12"
        }
      ],
      "name": "— Конечно.",
      "pid": "36",
      "position": {
        "x": "5300",
        "y": "375"
      },
      "tags": [
        "t:h"
      ]
    },
    {
      "text": "— Ты не шепелявишь, поэтому я с удовольствием послушаю.\n---\n[[— Гомосексуальное поведение для многих из нас норма.]]",
      "links": [
        {
          "name": "— Гомосексуальное поведение для многих из нас норма.",
          "link": "— Гомосексуальное поведение для многих из нас норма.",
          "pid": "12"
        }
      ],
      "name": "— Ты не шепелявишь, поэтому я с удовольствием послушаю.",
      "pid": "37",
      "position": {
        "x": "5300",
        "y": "175"
      },
      "tags": [
        "t:h"
      ]
    },
    {
      "text": "— Сало, а ты сам гомосексуален или нет?\n---\n[[— Гомошекшуальное поведение для меня - шпошоб поставить другого кота на место. Бекона, например! Пушка тоже. И Наполеона с его бандой. К тому же, некоторые из нас не пахнут шамцом, потому что каштрированы! Чего шо мной не случится!]]",
      "links": [
        {
          "name": "— Гомошекшуальное поведение для меня - шпошоб поставить другого кота на место. Бекона, например! Пушка тоже. И Наполеона с его бандой. К тому же, некоторые из нас не пахнут шамцом, потому что каштрированы! Чего шо мной не случится!",
          "link": "— Гомошекшуальное поведение для меня - шпошоб поставить другого кота на место. Бекона, например! Пушка тоже. И Наполеона с его бандой. К тому же, некоторые из нас не пахнут шамцом, потому что каштрированы! Чего шо мной не случится!",
          "pid": "45"
        }
      ],
      "name": "— Сало, а ты сам гомосексуален или нет?",
      "pid": "38",
      "position": {
        "x": "6175",
        "y": "150"
      },
      "tags": [
        "t:h"
      ]
    },
    {
      "text": "<i>Единорог обещал «волшебный мир», но пока ничего сверхъестественного не произошло. Вы-то надеялись на гномов, или хотя бы говорящих...</i>\n---\n[[— Щвобода! Щвобода! Мяу так щаcтлив!]]",
      "links": [
        {
          "name": "— Щвобода! Щвобода! Мяу так щаcтлив!",
          "link": "— Щвобода! Щвобода! Мяу так щаcтлив!",
          "pid": "1"
        }
      ],
      "name": "Кот",
      "pid": "39",
      "position": {
        "x": "100",
        "y": "250"
      },
      "tags": [
        "t:sp"
      ]
    },
    {
      "text": "— Нам извештно про существование ишключительно гомошексуальных по ориентации особей у овец и человека. Проводились ишледования, по которым оказалось, что до 8% овечьих шамцов выберут других шамцов для шпаривания, даже имея возможность быть с шамками. Мы, правда, с Беконом щпорили, нашколько ишледование корректно и качештвенно. Вообще, шоветую научиться проверять шведения, получаемые из медиа, как делаем мы с Бе.\n---\n[[— Интерешно: у гомошексуальных баранов обнаружены общие особенности мозга. Часть учёных полагает, что это результат селекции. При этом, овцы-родственницы гомошекшуальных баранов шчитаются более плодовитыми. Ты, как понимаю, тоже чишто по шамцам?]]",
      "links": [
        {
          "name": "— Интерешно: у гомошексуальных баранов обнаружены общие особенности мозга. Часть учёных полагает, что это результат селекции. При этом, овцы-родственницы гомошекшуальных баранов шчитаются более плодовитыми. Ты, как понимаю, тоже чишто по шамцам?",
          "link": "— Интерешно: у гомошексуальных баранов обнаружены общие особенности мозга. Часть учёных полагает, что это результат селекции. При этом, овцы-родственницы гомошекшуальных баранов шчитаются более плодовитыми. Ты, как понимаю, тоже чишто по шамцам?",
          "pid": "8"
        }
      ],
      "name": "— Нам извештно про существование ишключительно гомошексуальных по ориентации особей у овец и человека. Проводились ишледования, по которым оказалось, что до 8% овечьих шамцов выберут других шамцов для шпаривания, даже имея возможность быть с шамками. Мы, правда, с Беконом щпорили, нашколько ишледование корректно и качештвенно. Вообще, шоветую научиться проверять шведения, получаемые из медиа, как делаем мы с Бе.",
      "pid": "40",
      "position": {
        "x": "2025",
        "y": "250"
      },
      "tags": [
        "t:p"
      ]
    },
    {
      "text": "— Шамки из гомшексуальной пары, будучи в «отношениях», шпариваются ш шамцами, но потом выращивают детей вдвоём, отдельно от оплодотворителя. Две шамки вместе ушпешнее в выращивании потомштва, чем если бы они делали это в одиночку.\n---\n[[— А у более примитивных животных госомексуальность встречается?]]",
      "links": [
        {
          "name": "— А у более примитивных животных госомексуальность встречается?",
          "link": "— А у более примитивных животных госомексуальность встречается?",
          "pid": "17"
        }
      ],
      "name": "— Шамки из гомшексуальной пары, будучи в \"отношениях\", шпариваются ш шамцами, но потом выращивают детей вдвоём, отдельно от оплодотворителя. Две шамки вместе ушпешнее в выращивании потомштва, чем если бы они делали это в одиночку.",
      "pid": "41",
      "position": {
        "x": "3775",
        "y": "275"
      },
      "tags": [
        "t:p"
      ]
    },
    {
      "text": "— Предштавь, некоторые виды в период спаривания умудряются путать шамец или самка перед ними, если на шамце или самке остались чужие феромоны. Другой вид насекомых вообще не разбирает пол партнёра в момент оплодотворения. Главное для них — как можно больше близких контактов в день.\n---\n[[— Забавно.]]\n[[— Слышал про такое.]]",
      "links": [
        {
          "name": "— Забавно.",
          "link": "— Забавно.",
          "pid": "48"
        },
        {
          "name": "— Слышал про такое.",
          "link": "— Слышал про такое.",
          "pid": "49"
        }
      ],
      "name": "— Предштавь, некоторые виды в период спаривания умудряются путать шамец или самка перед ними, если на шамце или самке остались чужие феромоны. Другой вид насекомых вообще не разбирает пол партнёра в момент оплодотворения. Главное для них - как можно больше близких контактов в день.",
      "pid": "42",
      "position": {
        "x": "4300",
        "y": "275"
      },
      "tags": [
        "t:p"
      ]
    },
    {
      "text": "— Ещё один вид извештен спариванием шамцов с шамцами для того, чтобы те шлучайно передали их семя самке.\n---\n[[— Лекция закончена!]]",
      "links": [
        {
          "name": "— Лекция закончена!",
          "link": "— Лекция закончена!",
          "pid": "47"
        }
      ],
      "name": "— Ещё один вид извештен спариванием шамцов с шамцами для того, чтобы те шлучайно передали их семя самке.",
      "pid": "43",
      "position": {
        "x": "4600",
        "y": "275"
      },
      "tags": [
        "t:p"
      ]
    },
    {
      "text": "— Мы точно не паримся о том, кто с кем спит. Человеческая агрессия к отличающейся сексуальной жизни соседей нам чужда. У нас есть и вечные пары, и гаремы, и матриархат, и общества, построенные на сексе. Меня всегда бесило выражение «ведите себя по-человечески». «По-звериному» было бы намного правильнее и гуманнее во многих случаях.\n---\n[[Картинка рыси]]",
      "links": [
        {
          "name": "Картинка рыси",
          "link": "Картинка рыси",
          "pid": "57"
        }
      ],
      "name": "— Мы точно не паримся о том, кто с кем спит. Человеческая агрессия к отличающейся сексуальной жизни соседей нам чужда. У нас есть и вечные пары, и гаремы, и матриархат, и общества, построенные на сексе. Меня всегда бесило выражение \"ведите себя по-человечески\". \"По-звериному\" было бы намного правильнее и гуманнее во многих случаях.",
      "pid": "44",
      "position": {
        "x": "5825",
        "y": "275"
      },
      "tags": [
        "t:p"
      ]
    },
    {
      "text": "— Гомошекшуальное поведение для меня — шпошоб поставить другого кота на место. Бекона, например! Пушка тоже. И Наполеона с его бандой. К тому же, некоторые из нас не пахнут шамцом, потому что каштрированы! Чего шо мной не случится!\n---\n[[— Теперь можешь гладить. Хвошт и уши не трогать. У наш есть пять минут.]]",
      "links": [
        {
          "name": "— Теперь можешь гладить. Хвошт и уши не трогать. У наш есть пять минут.",
          "link": "— Теперь можешь гладить. Хвошт и уши не трогать. У наш есть пять минут.",
          "pid": "14"
        }
      ],
      "name": "— Гомошекшуальное поведение для меня - шпошоб поставить другого кота на место. Бекона, например! Пушка тоже. И Наполеона с его бандой. К тому же, некоторые из нас не пахнут шамцом, потому что каштрированы! Чего шо мной не случится!",
      "pid": "45",
      "position": {
        "x": "6350",
        "y": "150"
      },
      "tags": [
        "t:p",
        "setReaction:cat-main"
      ]
    },
    {
      "text": "<i>Диалог окончен. Вы можете вернуться на главный экран.</i>",
      "name": "Диалог окончен. Вы можете вернуться на главный экран. Unlock",
      "pid": "46",
      "position": {
        "x": "7225",
        "y": "175"
      },
      "tags": [
        "t:p",
        "unlockPerson:11",
        "hide:badPriestFinished:=:0"
      ]
    },
    {
      "text": "— Лекция закончена!\n---\n[[— Я заметил, нас подслушивают. Как понимаю, это твой друг Бекон? Хочешь сказать что-нибудь?]]",
      "links": [
        {
          "name": "— Я заметил, нас подслушивают. Как понимаю, это твой друг Бекон? Хочешь сказать что-нибудь?",
          "link": "— Я заметил, нас подслушивают. Как понимаю, это твой друг Бекон? Хочешь сказать что-нибудь?",
          "pid": "18"
        }
      ],
      "name": "— Лекция закончена!",
      "pid": "47",
      "position": {
        "x": "4775",
        "y": "275"
      },
      "tags": [
        "showThing:cat-darwin",
        "t:p",
        "set:cat-item:1"
      ]
    },
    {
      "text": "— Забавно.\n---\n[[— Ещё один вид извештен спариванием шамцов с шамцами для того, чтобы те шлучайно передали их семя самке.]]",
      "links": [
        {
          "name": "— Ещё один вид извештен спариванием шамцов с шамцами для того, чтобы те шлучайно передали их семя самке.",
          "link": "— Ещё один вид извештен спариванием шамцов с шамцами для того, чтобы те шлучайно передали их семя самке.",
          "pid": "43"
        }
      ],
      "name": "— Забавно.",
      "pid": "48",
      "position": {
        "x": "4450",
        "y": "175"
      },
      "tags": [
        "t:h"
      ]
    },
    {
      "text": "— Слышал про такое.\n---\n[[— Ещё один вид извештен спариванием шамцов с шамцами для того, чтобы те шлучайно передали их семя самке.]]",
      "links": [
        {
          "name": "— Ещё один вид извештен спариванием шамцов с шамцами для того, чтобы те шлучайно передали их семя самке.",
          "link": "— Ещё один вид извештен спариванием шамцов с шамцами для того, чтобы те шлучайно передали их семя самке.",
          "pid": "43"
        }
      ],
      "name": "— Слышал про такое.",
      "pid": "49",
      "position": {
        "x": "4450",
        "y": "375"
      },
      "tags": [
        "t:h"
      ]
    },
    {
      "text": "<i>Сало и Бекон скрылись в кустах. Вы повернули на дорожку между домами и направились в общежитие. На пути у вас сидел ворон и не улетал. Он долго задумчиво смотрел на вас, потом прокаркал трижды и исчез. Смеркалось.</i>\n---\n[[Диалог окончен. Вы можете вернуться на главный экран. Unlock]]\n[[Диалог окончен. Вы можете вернуться на главный экран.]]",
      "links": [
        {
          "name": "Диалог окончен. Вы можете вернуться на главный экран. Unlock",
          "link": "Диалог окончен. Вы можете вернуться на главный экран. Unlock",
          "pid": "46"
        },
        {
          "name": "Диалог окончен. Вы можете вернуться на главный экран.",
          "link": "Диалог окончен. Вы можете вернуться на главный экран.",
          "pid": "52"
        }
      ],
      "name": "Сало и Бекон скрылись в кустах. Вы повернули на дорожку между домами и направились в общежитие. На пути у вас сидел ворон и не улетал. Он долго смотрел на вас задумчиво, потом прокаркал трижды и исчез. Смеркалось.",
      "pid": "50",
      "position": {
        "x": "7050",
        "y": "250"
      },
      "tags": [
        "t:p",
        "set:catFinished:1"
      ]
    },
    {
      "text": "— До меня только что дошло: Алиса, единорог, говорящие коты... Это прям как Страна чудес или Зазеркалье! Как там героиня говорила? Всё страньше и страньше?\n---\n[[Сало и Бекон скрылись в кустах. Вы повернули на дорожку между домами и направились в общежитие. На пути у вас сидел ворон и не улетал. Он долго смотрел на вас задумчиво, потом прокаркал трижды и исчез. Смеркалось.]]",
      "links": [
        {
          "name": "Сало и Бекон скрылись в кустах. Вы повернули на дорожку между домами и направились в общежитие. На пути у вас сидел ворон и не улетал. Он долго смотрел на вас задумчиво, потом прокаркал трижды и исчез. Смеркалось.",
          "link": "Сало и Бекон скрылись в кустах. Вы повернули на дорожку между домами и направились в общежитие. На пути у вас сидел ворон и не улетал. Он долго смотрел на вас задумчиво, потом прокаркал трижды и исчез. Смеркалось.",
          "pid": "50"
        }
      ],
      "name": "— До меня только что дошло: Алиса, единорог, говорящие коты... Это прям как Страна чудес или Зазеркалье! Как там героиня говорила? Всё страньше и страньше?",
      "pid": "51",
      "position": {
        "x": "6875",
        "y": "250"
      },
      "tags": [
        "t:h"
      ]
    },
    {
      "text": "<i>Диалог окончен. Вы можете вернуться на главный экран.</i>",
      "name": "Диалог окончен. Вы можете вернуться на главный экран.",
      "pid": "52",
      "position": {
        "x": "7225",
        "y": "350"
      },
      "tags": [
        "t:p",
        "hide:badPriestFinished:=:1"
      ]
    },
    {
      "text": "— Пансексуал.\n---\n[[— Я шпрашивал прошто из вежливошти. Рашказывать дальше?]]",
      "links": [
        {
          "name": "— Я шпрашивал прошто из вежливошти. Рашказывать дальше?",
          "link": "— Я шпрашивал прошто из вежливошти. Рашказывать дальше?",
          "pid": "9"
        }
      ],
      "name": "— Пансексуал.",
      "pid": "53",
      "position": {
        "x": "2375",
        "y": "650"
      },
      "tags": [
        "t:h"
      ]
    },
    {
      "text": "— Не люблю этих лейблов.\n---\n[[— Я шпрашивал прошто из вежливошти. Рашказывать дальше?]]",
      "links": [
        {
          "name": "— Я шпрашивал прошто из вежливошти. Рашказывать дальше?",
          "link": "— Я шпрашивал прошто из вежливошти. Рашказывать дальше?",
          "pid": "9"
        }
      ],
      "name": "— Не люблю этих лейблов.",
      "pid": "54",
      "position": {
        "x": "2375",
        "y": "900"
      },
      "tags": [
        "t:h"
      ]
    },
    {
      "text": "— Так себе речь, ребята. Много чего человек не может взять из поведения животных. В чём-то можно поучиться, но не рисуйте радужно-прекрасный звериный мир без каннибализма и детоубийств.\n---\n[[— Может, ты и прав. Обращаться к животному опыту человеку не стоит. Мы разные виды и нам нечему учиться друг у друга.]]",
      "links": [
        {
          "name": "— Может, ты и прав. Обращаться к животному опыту человеку не стоит. Мы разные виды и нам нечему учиться друг у друга.",
          "link": "— Может, ты и прав. Обращаться к животному опыту человеку не стоит. Мы разные виды и нам нечему учиться друг у друга.",
          "pid": "56"
        }
      ],
      "name": "— Так себе речь, ребята. Много чего человек не может взять из поведения животных. В чём-то можно поучиться, но не рисуйте радужно-прекрасный звериный мир без каннибализма и детоубийств.",
      "pid": "55",
      "position": {
        "x": "6175",
        "y": "400"
      },
      "tags": [
        "t:h"
      ]
    },
    {
      "text": "— Может, ты и прав. Обращаться к животному опыту человеку не стоит. Мы разные виды и нам нечему учиться друг у друга.\n---\n[[— Теперь можешь гладить. Хвошт и уши не трогать. У наш есть пять минут.]]",
      "links": [
        {
          "name": "— Теперь можешь гладить. Хвошт и уши не трогать. У наш есть пять минут.",
          "link": "— Теперь можешь гладить. Хвошт и уши не трогать. У наш есть пять минут.",
          "pid": "14"
        }
      ],
      "name": "— Может, ты и прав. Обращаться к животному опыту человеку не стоит. Мы разные виды и нам нечему учиться друг у друга.",
      "pid": "56",
      "position": {
        "x": "6350",
        "y": "400"
      },
      "tags": [
        "t:p"
      ]
    },
    {
      "text": "d.jpg\n---\n[[— Сало, а ты сам гомосексуален или нет?]]\n[[— Так себе речь, ребята. Много чего человек не может взять из поведения животных. В чём-то можно поучиться, но не рисуйте радужно-прекрасный звериный мир без каннибализма и детоубийств.]]",
      "links": [
        {
          "name": "— Сало, а ты сам гомосексуален или нет?",
          "link": "— Сало, а ты сам гомосексуален или нет?",
          "pid": "38"
        },
        {
          "name": "— Так себе речь, ребята. Много чего человек не может взять из поведения животных. В чём-то можно поучиться, но не рисуйте радужно-прекрасный звериный мир без каннибализма и детоубийств.",
          "link": "— Так себе речь, ребята. Много чего человек не может взять из поведения животных. В чём-то можно поучиться, но не рисуйте радужно-прекрасный звериный мир без каннибализма и детоубийств.",
          "pid": "55"
        }
      ],
      "name": "Картинка рыси",
      "pid": "57",
      "position": {
        "x": "6000",
        "y": "275"
      },
      "tags": [
        "t:imgp"
      ]
    }
  ],
  "name": "Кот short",
  "startnode": "39",
  "creator": "Twine",
  "creator-version": "2.3.14",
  "ifid": "9A514B09-47C8-4899-8728-189D5C6A84AC"
}