{
  "passages": [
    {
      "text": "— Днем свет божий затмеваю, ночью землю освещаю, месяцем рога блестят, а глаза огнём горят.\n---\n[[Картинка аллеи]]",
      "links": [
        {
          "name": "Картинка аллеи",
          "link": "Картинка аллеи",
          "pid": "58"
        }
      ],
      "name": "— Днем свет божий затмеваю, ночью землю освещаю, месяцем рога блестят, а глаза огнём горят.",
      "pid": "1",
      "position": {
        "x": "375",
        "y": "100"
      },
      "tags": [
        "t:p",
        "setReaction:devil-main"
      ]
    },
    {
      "text": "— Неожиданная встреча. Добровечер. Сначала говорящий кот, а теперь и дьявол. Расскажешь мне про адские муки?\n---\n[[— Зловечера. Ну у тебя и воображение, молодой человек! Ада нет. Это люди могут устроить тебе его на земле. И с нынешними темпами уничтожения планеты идея переселиться в подобие царства мертвых будет все более привлекательной.]]",
      "links": [
        {
          "name": "— Зловечера. Ну у тебя и воображение, молодой человек! Ада нет. Это люди могут устроить тебе его на земле. И с нынешними темпами уничтожения планеты идея переселиться в подобие царства мертвых будет все более привлекательной.",
          "link": "— Зловечера. Ну у тебя и воображение, молодой человек! Ада нет. Это люди могут устроить тебе его на земле. И с нынешними темпами уничтожения планеты идея переселиться в подобие царства мертвых будет все более привлекательной.",
          "pid": "3"
        }
      ],
      "name": "— Неожиданная встреча. Добровечер. Сначала говорящий кот, а теперь и дьявол. Расскажешь мне про адские муки?",
      "pid": "2",
      "position": {
        "x": "554",
        "y": "104"
      },
      "tags": [
        "t:h"
      ]
    },
    {
      "text": "— Зловечера. Ну у тебя и воображение, молодой человек! Ада нет. Это люди могут устроить тебе его на земле. И с нынешними темпами уничтожения планеты идея переселиться в подобие царства мертвых будет все более привлекательной.\n---\n[[— Кто-то мне уже заливал про экологию. Не могу вспомнить.]]",
      "links": [
        {
          "name": "— Кто-то мне уже заливал про экологию. Не могу вспомнить.",
          "link": "— Кто-то мне уже заливал про экологию. Не могу вспомнить.",
          "pid": "4"
        }
      ],
      "name": "— Зловечера. Ну у тебя и воображение, молодой человек! Ада нет. Это люди могут устроить тебе его на земле. И с нынешними темпами уничтожения планеты идея переселиться в подобие царства мертвых будет все более привлекательной.",
      "pid": "3",
      "position": {
        "x": "725",
        "y": "100"
      },
      "tags": [
        "t:p"
      ]
    },
    {
      "text": "— Кто-то мне уже заливал про экологию. Не могу вспомнить.\n---\n[[— Короче, давай знакомиться. Я есмь Дьявол, Сатана, Змий, Люцифер, Враг, Бес, Чёрт, Часть той силы, что вечно хочет зла и вечно совершает благо, Самый интересный герой в любом произведении, где встречаюсь. Пугалка вроде Бабая или белорусского Зюзи. Родственник греческого бога полей и лугов Пана.]]",
      "links": [
        {
          "name": "— Короче, давай знакомиться. Я есмь Дьявол, Сатана, Змий, Люцифер, Враг, Бес, Чёрт, Часть той силы, что вечно хочет зла и вечно совершает благо, Самый интересный герой в любом произведении, где встречаюсь. Пугалка вроде Бабая или белорусского Зюзи. Родственник греческого бога полей и лугов Пана.",
          "link": "— Короче, давай знакомиться. Я есмь Дьявол, Сатана, Змий, Люцифер, Враг, Бес, Чёрт, Часть той силы, что вечно хочет зла и вечно совершает благо, Самый интересный герой в любом произведении, где встречаюсь. Пугалка вроде Бабая или белорусского Зюзи. Родственник греческого бога полей и лугов Пана.",
          "pid": "5"
        }
      ],
      "name": "— Кто-то мне уже заливал про экологию. Не могу вспомнить.",
      "pid": "4",
      "position": {
        "x": "900",
        "y": "100"
      },
      "tags": [
        "t:h"
      ]
    },
    {
      "text": "— Давай знакомиться. Я есмь Дьявол, Сатана, Змий, Люцифер, Враг, Бес, Чёрт, Часть той силы, что вечно хочет зла и вечно совершает благо. Самый интересный герой в любом произведении, где встречаюсь. Пугалка вроде Бабая или белорусского Зюзи. Родственник греческого бога полей и лугов Пана.\n---\n[[— Приятно познакомиться.]]\n[[— Кажется, я только понял, что общение с персонажем «Дьявол» не вяжется с моими религиозными убеждениями.]]\n[[— Тебя не существует.]]",
      "links": [
        {
          "name": "— Приятно познакомиться.",
          "link": "— Приятно познакомиться.",
          "pid": "6"
        },
        {
          "name": "— Кажется, я только понял, что общение с персонажем «Дьявол» не вяжется с моими религиозными убеждениями.",
          "link": "— Кажется, я только понял, что общение с персонажем «Дьявол» не вяжется с моими религиозными убеждениями.",
          "pid": "7"
        },
        {
          "name": "— Тебя не существует.",
          "link": "— Тебя не существует.",
          "pid": "8"
        }
      ],
      "name": "— Короче, давай знакомиться. Я есмь Дьявол, Сатана, Змий, Люцифер, Враг, Бес, Чёрт, Часть той силы, что вечно хочет зла и вечно совершает благо, Самый интересный герой в любом произведении, где встречаюсь. Пугалка вроде Бабая или белорусского Зюзи. Родственник греческого бога полей и лугов Пана.",
      "pid": "5",
      "position": {
        "x": "1067",
        "y": "100"
      },
      "tags": [
        "t:p"
      ]
    },
    {
      "text": "— Приятно познакомиться.\n---\n[[— Взаимно. Вопросы? Сделки? Предложения?]]",
      "links": [
        {
          "name": "— Взаимно. Вопросы? Сделки? Предложения?",
          "link": "— Взаимно. Вопросы? Сделки? Предложения?",
          "pid": "9"
        }
      ],
      "name": "— Приятно познакомиться.",
      "pid": "6",
      "position": {
        "x": "1250",
        "y": "25"
      },
      "tags": [
        "t:h"
      ]
    },
    {
      "text": "— Кажется, я только что понял: общение с персонажем «Дьявол» не вяжется с моими религиозными убеждениями.\n---\n[[— Салют тебе и твоим убеждениям. Разговор окончен?]]",
      "links": [
        {
          "name": "— Салют тебе и твоим убеждениям. Разговор окончен?",
          "link": "— Салют тебе и твоим убеждениям. Разговор окончен?",
          "pid": "11"
        }
      ],
      "name": "— Кажется, я только понял, что общение с персонажем «Дьявол» не вяжется с моими религиозными убеждениями.",
      "pid": "7",
      "position": {
        "x": "1250",
        "y": "200"
      },
      "tags": [
        "t:h"
      ]
    },
    {
      "text": "— Тебя не существует.\n---\n[[Согласен! Как и Бога.]]",
      "links": [
        {
          "name": "Согласен! Как и Бога.",
          "link": "Согласен! Как и Бога.",
          "pid": "13"
        }
      ],
      "name": "— Тебя не существует.",
      "pid": "8",
      "position": {
        "x": "1250",
        "y": "325"
      },
      "tags": [
        "t:h"
      ]
    },
    {
      "text": "— Взаимно. Вопросы? Сделки? Предложения?\n---\n[[— Что ты думаешь о Библии?]]",
      "links": [
        {
          "name": "— Что ты думаешь о Библии?",
          "link": "— Что ты думаешь о Библии?",
          "pid": "10"
        }
      ],
      "name": "— Взаимно. Вопросы? Сделки? Предложения?",
      "pid": "9",
      "position": {
        "x": "1425",
        "y": "25"
      },
      "tags": [
        "t:p",
        "setReaction:devil-smiling"
      ]
    },
    {
      "text": "— Что ты думаешь о Библии?\n---\n[[— Благодарю за вопрос! Библия — вранье, написанное людьми с большим воображением и жаждой власти. Возьми любой сборник сказок и вот тебе Священное писание. Любая сакральная книга  - это набор страшных историй, небылиц со «смыслом» и куча обещаний и пророчеств, исполнение которых невозможно проверить.]]",
      "links": [
        {
          "name": "— Благодарю за вопрос! Библия — вранье, написанное людьми с большим воображением и жаждой власти. Возьми любой сборник сказок и вот тебе Священное писание. Любая сакральная книга  - это набор страшных историй, небылиц со «смыслом» и куча обещаний и пророчеств, исполнение которых невозможно проверить.",
          "link": "— Благодарю за вопрос! Библия — вранье, написанное людьми с большим воображением и жаждой власти. Возьми любой сборник сказок и вот тебе Священное писание. Любая сакральная книга  - это набор страшных историй, небылиц со «смыслом» и куча обещаний и пророчеств, исполнение которых невозможно проверить.",
          "pid": "14"
        }
      ],
      "name": "— Что ты думаешь о Библии?",
      "pid": "10",
      "position": {
        "x": "1850",
        "y": "150"
      },
      "tags": [
        "t:h"
      ]
    },
    {
      "text": "— Салют тебе и твоим убеждениям. Разговор окончен?\n---\n[[— Пожалуй, нет. Давай поговорим.]]\n[[— Да, разговор окончен.]]",
      "links": [
        {
          "name": "— Пожалуй, нет. Давай поговорим.",
          "link": "— Пожалуй, нет. Давай поговорим.",
          "pid": "41"
        },
        {
          "name": "— Да, разговор окончен.",
          "link": "— Да, разговор окончен.",
          "pid": "42"
        }
      ],
      "name": "— Салют тебе и твоим убеждениям. Разговор окончен?",
      "pid": "11",
      "position": {
        "x": "1425",
        "y": "175"
      },
      "tags": [
        "t:p"
      ]
    },
    {
      "text": "<i>Вы ничего не вынесли из этого диалога.</i>\n---\n[[— Напоследок у меня есть для тебя подарок. Есть кое-кто пострашнее мифических созданий. Хочу, чтобы ты поговорил с ним. Интересно будет понаблюдать.]]",
      "links": [
        {
          "name": "— Напоследок у меня есть для тебя подарок. Есть кое-кто пострашнее мифических созданий. Хочу, чтобы ты поговорил с ним. Интересно будет понаблюдать.",
          "link": "— Напоследок у меня есть для тебя подарок. Есть кое-кто пострашнее мифических созданий. Хочу, чтобы ты поговорил с ним. Интересно будет понаблюдать.",
          "pid": "50"
        }
      ],
      "name": "Вы ничего не вынесли из этого диалога.",
      "pid": "12",
      "position": {
        "x": "1775",
        "y": "375"
      },
      "tags": [
        "t:p"
      ]
    },
    {
      "text": "— Согласен! Как и Бога.\n---\n[[— Что ты думаешь о Библии?]]",
      "links": [
        {
          "name": "— Что ты думаешь о Библии?",
          "link": "— Что ты думаешь о Библии?",
          "pid": "10"
        }
      ],
      "name": "Согласен! Как и Бога.",
      "pid": "13",
      "position": {
        "x": "1425",
        "y": "325"
      },
      "tags": [
        "t:p",
        "setReaction:devil-smiling"
      ]
    },
    {
      "text": "— Благодарю за вопрос! Библия — вранье, написанное людьми с большим воображением и жаждой власти. Возьми любой сборник сказок и вот тебе Священное писание. Любая сакральная книга — это набор страшных историй, небылиц со «смыслом» и куча обещаний и пророчеств, исполнение которых невозможно проверить.\n---\n[[— А что ты думаешь о гомосексуальности?]]",
      "links": [
        {
          "name": "— А что ты думаешь о гомосексуальности?",
          "link": "— А что ты думаешь о гомосексуальности?",
          "pid": "15"
        }
      ],
      "name": "— Благодарю за вопрос! Библия — вранье, написанное людьми с большим воображением и жаждой власти. Возьми любой сборник сказок и вот тебе Священное писание. Любая сакральная книга  - это набор страшных историй, небылиц со «смыслом» и куча обещаний и пророчеств, исполнение которых невозможно проверить.",
      "pid": "14",
      "position": {
        "x": "2050",
        "y": "150"
      },
      "tags": [
        "t:p",
        "setReaction:devil-firebreath"
      ]
    },
    {
      "text": "— А что ты думаешь о гомосексуальности?\n---\n[[— Лично я знаю, что гомосексуальность не порок. И если тебе вдруг важна религия, то придумай свою собственную. Все современные секты с миллионами последователей появились благодаря выдумщикам: христианство, буддизм, ислам, саентология,..]]",
      "links": [
        {
          "name": "— Лично я знаю, что гомосексуальность не порок. И если тебе вдруг важна религия, то придумай свою собственную. Все современные секты с миллионами последователей появились благодаря выдумщикам: христианство, буддизм, ислам, саентология,..",
          "link": "— Лично я знаю, что гомосексуальность не порок. И если тебе вдруг важна религия, то придумай свою собственную. Все современные секты с миллионами последователей появились благодаря выдумщикам: христианство, буддизм, ислам, саентология,..",
          "pid": "16"
        }
      ],
      "name": "— А что ты думаешь о гомосексуальности?",
      "pid": "15",
      "position": {
        "x": "2250",
        "y": "150"
      },
      "tags": [
        "t:h"
      ]
    },
    {
      "text": "— Лично я знаю, что гомосексуальность не порок. И если тебе вдруг важна религия, то придумай свою собственную. Все современные секты с миллионами последователей появились благодаря выдумщикам: христианство, буддизм, ислам, саентология...\n---\n[[— Хм...]]\n[[— Смело с твоей стороны такое про мировые религии говорить.]]",
      "links": [
        {
          "name": "— Хм...",
          "link": "— Хм...",
          "pid": "17"
        },
        {
          "name": "— Смело с твоей стороны такое про мировые религии говорить.",
          "link": "— Смело с твоей стороны такое про мировые религии говорить.",
          "pid": "18"
        }
      ],
      "name": "— Лично я знаю, что гомосексуальность не порок. И если тебе вдруг важна религия, то придумай свою собственную. Все современные секты с миллионами последователей появились благодаря выдумщикам: христианство, буддизм, ислам, саентология,..",
      "pid": "16",
      "position": {
        "x": "2450",
        "y": "150"
      },
      "tags": [
        "t:p",
        "setReaction:devil-main"
      ]
    },
    {
      "text": "— Хм...\n---\n[[— Ты хоть знаешь, сколько травмированных верой я перевидал? Не только геев, но смертных всех мастей. Имею право злиться!]]",
      "links": [
        {
          "name": "— Ты хоть знаешь, сколько травмированных верой я перевидал? Не только геев, но смертных всех мастей. Имею право злиться!",
          "link": "— Ты хоть знаешь, сколько травмированных верой я перевидал? Не только геев, но смертных всех мастей. Имею право злиться!",
          "pid": "19"
        }
      ],
      "name": "— Хм...",
      "pid": "17",
      "position": {
        "x": "2650",
        "y": "25"
      },
      "tags": [
        "t:h"
      ]
    },
    {
      "text": "— Смело с твоей стороны такое про мировые религии говорить.\n---\n[[— Я же дьявол. Пусть и придуманный, но должен соответствовать. И ты хоть знаешь, сколько травмированных верой ко мне приходит? Не только геев, но и смертных всех мастей. Женщин многие религии считают за рабынь и низших созданий.]]",
      "links": [
        {
          "name": "— Я же дьявол. Пусть и придуманный, но должен соответствовать. И ты хоть знаешь, сколько травмированных верой ко мне приходит? Не только геев, но и смертных всех мастей. Женщин многие религии считают за рабынь и низших созданий.",
          "link": "— Я же дьявол. Пусть и придуманный, но должен соответствовать. И ты хоть знаешь, сколько травмированных верой ко мне приходит? Не только геев, но и смертных всех мастей. Женщин многие религии считают за рабынь и низших созданий.",
          "pid": "20"
        }
      ],
      "name": "— Смело с твоей стороны такое про мировые религии говорить.",
      "pid": "18",
      "position": {
        "x": "2650",
        "y": "150"
      },
      "tags": [
        "t:h"
      ]
    },
    {
      "text": "— Ты хоть знаешь, сколько травмированных верой я перевидал? Не только геев, но смертных всех мастей. Имею право злиться!\n---\n[[— Чего не должно быть в религии на твой взгляд?]]",
      "links": [
        {
          "name": "— Чего не должно быть в религии на твой взгляд?",
          "link": "— Чего не должно быть в религии на твой взгляд?",
          "pid": "21"
        }
      ],
      "name": "— Ты хоть знаешь, сколько травмированных верой я перевидал? Не только геев, но смертных всех мастей. Имею право злиться!",
      "pid": "19",
      "position": {
        "x": "2850",
        "y": "25"
      },
      "tags": [
        "t:p",
        "setReaction:devil-angry"
      ]
    },
    {
      "text": "— Я же дьявол. Пусть и придуманный, но должен соответствовать. И ты хоть знаешь, сколько травмированных верой ко мне приходит? Не только геев, но и смертных всех мастей. Женщин многие религии считают за рабынь и низших созданий.\n---\n[[— Чего не должно быть в религии на твой взгляд?]]",
      "links": [
        {
          "name": "— Чего не должно быть в религии на твой взгляд?",
          "link": "— Чего не должно быть в религии на твой взгляд?",
          "pid": "21"
        }
      ],
      "name": "— Я же дьявол. Пусть и придуманный, но должен соответствовать. И ты хоть знаешь, сколько травмированных верой ко мне приходит? Не только геев, но и смертных всех мастей. Женщин многие религии считают за рабынь и низших созданий.",
      "pid": "20",
      "position": {
        "x": "2850",
        "y": "150"
      },
      "tags": [
        "t:p",
        "setReaction:devil-angry"
      ]
    },
    {
      "text": "— Чего не должно быть в религии на твой взгляд?\n---\n[[— Разного отношения к мужчинам и женщинам. Религия не должна быть законом государства. Никогда. Религиозные деятели не могут вмешиваться в политику. Вообще. Не должно быть отличного отношения к представителям других религий и неверующим. Упоминания смертного наказания, наказания физического или позором за любые действия и поступки должны быть исключены из текстов.]]\n",
      "links": [
        {
          "name": "— Разного отношения к мужчинам и женщинам. Религия не должна быть законом государства. Никогда. Религиозные деятели не могут вмешиваться в политику. Вообще. Не должно быть отличного отношения к представителям других религий и неверующим. Упоминания смертного наказания, наказания физического или позором за любые действия и поступки должны быть исключены из текстов.",
          "link": "— Разного отношения к мужчинам и женщинам. Религия не должна быть законом государства. Никогда. Религиозные деятели не могут вмешиваться в политику. Вообще. Не должно быть отличного отношения к представителям других религий и неверующим. Упоминания смертного наказания, наказания физического или позором за любые действия и поступки должны быть исключены из текстов.",
          "pid": "22"
        }
      ],
      "name": "— Чего не должно быть в религии на твой взгляд?",
      "pid": "21",
      "position": {
        "x": "3050",
        "y": "100"
      },
      "tags": [
        "t:h"
      ]
    },
    {
      "text": "— Разного отношения к мужчинам и женщинам. Религия не должна быть законом государства. Никогда. Религиозные деятели не могут вмешиваться в политику. Вообще. Не должно быть отличного отношения к представителям других религий и неверующим. Упоминания смертного наказания, наказания физического или позором за любые действия и поступки должны быть исключены из текстов.\n---\n[[— Это всё?]]",
      "links": [
        {
          "name": "— Это всё?",
          "link": "— Это всё?",
          "pid": "23"
        }
      ],
      "name": "— Разного отношения к мужчинам и женщинам. Религия не должна быть законом государства. Никогда. Религиозные деятели не могут вмешиваться в политику. Вообще. Не должно быть отличного отношения к представителям других религий и неверующим. Упоминания смертного наказания, наказания физического или позором за любые действия и поступки должны быть исключены из текстов.",
      "pid": "22",
      "position": {
        "x": "3225",
        "y": "100"
      },
      "tags": [
        "t:p",
        "setReaction:devil-main"
      ]
    },
    {
      "text": "— Это всё?\n---\n[[— Никаких упоминаний о втором пришествии.]]",
      "links": [
        {
          "name": "— Никаких упоминаний о втором пришествии.",
          "link": "— Никаких упоминаний о втором пришествии.",
          "pid": "24"
        }
      ],
      "name": "— Это всё?",
      "pid": "23",
      "position": {
        "x": "3400",
        "y": "100"
      },
      "tags": [
        "t:h"
      ]
    },
    {
      "text": "— Никаких упоминаний о втором пришествии.\n---\n[[— С какой стати?]]",
      "links": [
        {
          "name": "— С какой стати?",
          "link": "— С какой стати?",
          "pid": "25"
        }
      ],
      "name": "— Никаких упоминаний о втором пришествии.",
      "pid": "24",
      "position": {
        "x": "3575",
        "y": "100"
      },
      "tags": [
        "t:p"
      ]
    },
    {
      "text": "— С какой стати?\n---\n[[— Потому что и первого не было! И меня в этот цирк вписали без моего ведома!]]",
      "links": [
        {
          "name": "— Потому что и первого не было! И меня в этот цирк вписали без моего ведома!",
          "link": "— Потому что и первого не было! И меня в этот цирк вписали без моего ведома!",
          "pid": "26"
        }
      ],
      "name": "— С какой стати?",
      "pid": "25",
      "position": {
        "x": "3750",
        "y": "100"
      },
      "tags": [
        "t:h"
      ]
    },
    {
      "text": "— Потому что и первого не было! И меня в этот цирк вписали без моего ведома!\n---\n[[— А что должно быть для того, чтобы религия не стала карающей силой?]]",
      "links": [
        {
          "name": "— А что должно быть для того, чтобы религия не стала карающей силой?",
          "link": "— А что должно быть для того, чтобы религия не стала карающей силой?",
          "pid": "27"
        }
      ],
      "name": "— Потому что и первого не было! И меня в этот цирк вписали без моего ведома!",
      "pid": "26",
      "position": {
        "x": "3925",
        "y": "100"
      },
      "tags": [
        "t:p",
        "setReaction:devil-smiling"
      ]
    },
    {
      "text": "— А что должно быть для того, чтобы религия не стала карающей силой?\n---\n[[— Критика религии вне всякого сомнения. Не должно быть понятия \"священные\" или \"сакральные\" тексты. Их писали люди без чьих-либо нашептываний. Их постоянно нужно пересматривать и корректировать. Смеяться над религией обязательно. Но не над верующими. Детей крестить нельзя.]]",
      "links": [
        {
          "name": "— Критика религии вне всякого сомнения. Не должно быть понятия \"священные\" или \"сакральные\" тексты. Их писали люди без чьих-либо нашептываний. Их постоянно нужно пересматривать и корректировать. Смеяться над религией обязательно. Но не над верующими. Детей крестить нельзя.",
          "link": "— Критика религии вне всякого сомнения. Не должно быть понятия \"священные\" или \"сакральные\" тексты. Их писали люди без чьих-либо нашептываний. Их постоянно нужно пересматривать и корректировать. Смеяться над религией обязательно. Но не над верующими. Детей крестить нельзя.",
          "pid": "28"
        }
      ],
      "name": "— А что должно быть для того, чтобы религия не стала карающей силой?",
      "pid": "27",
      "position": {
        "x": "4100",
        "y": "100"
      },
      "tags": [
        "t:h"
      ]
    },
    {
      "text": "— Критика религии вне всякого сомнения. Не должно быть понятия «священные» или «сакральные» тексты. Их писали люди без чьих-либо нашептываний. Их постоянно нужно пересматривать и корректировать. Смеяться над религией обязательно. Но не над верующими. Детей крестить нельзя.\n---\n[[— Как много ты наговорил. Чувствуется отношение к теме. Даже пристрастность.]]",
      "links": [
        {
          "name": "— Как много ты наговорил. Чувствуется отношение к теме. Даже пристрастность.",
          "link": "— Как много ты наговорил. Чувствуется отношение к теме. Даже пристрастность.",
          "pid": "29"
        }
      ],
      "name": "— Критика религии вне всякого сомнения. Не должно быть понятия \"священные\" или \"сакральные\" тексты. Их писали люди без чьих-либо нашептываний. Их постоянно нужно пересматривать и корректировать. Смеяться над религией обязательно. Но не над верующими. Детей крестить нельзя.",
      "pid": "28",
      "position": {
        "x": "4275",
        "y": "100"
      },
      "tags": [
        "t:p",
        "setReaction:devil-main"
      ]
    },
    {
      "text": "— Как много ты наговорил. Чувствуется отношение к теме. Даже пристрастность.\n---\n[[— Отдал бы свою жизнь и известность за то, чтобы религий не было. За то, чтобы во главу угла ставили человека и его жизнь и здоровье. Чтобы никто не мог прикрывать свои преступления и жажду власти богом. Люди построили империи на обмане, заявляя о близости к высшей силе. Церковь и духовенство до сих пор покрывает власть в их преступлениях.]]",
      "links": [
        {
          "name": "— Отдал бы свою жизнь и известность за то, чтобы религий не было. За то, чтобы во главу угла ставили человека и его жизнь и здоровье. Чтобы никто не мог прикрывать свои преступления и жажду власти богом. Люди построили империи на обмане, заявляя о близости к высшей силе. Церковь и духовенство до сих пор покрывает власть в их преступлениях.",
          "link": "— Отдал бы свою жизнь и известность за то, чтобы религий не было. За то, чтобы во главу угла ставили человека и его жизнь и здоровье. Чтобы никто не мог прикрывать свои преступления и жажду власти богом. Люди построили империи на обмане, заявляя о близости к высшей силе. Церковь и духовенство до сих пор покрывает власть в их преступлениях.",
          "pid": "30"
        }
      ],
      "name": "— Как много ты наговорил. Чувствуется отношение к теме. Даже пристрастность.",
      "pid": "29",
      "position": {
        "x": "4450",
        "y": "100"
      },
      "tags": [
        "t:h"
      ]
    },
    {
      "text": "— Отдал бы свою жизнь и известность за то, чтобы религий не было. За то, чтобы во главу угла ставили человека и его жизнь и здоровье. Чтобы никто не мог прикрывать свои преступления и жажду власти богом. Люди построили империи на обмане, заявляя о близости к высшей силе. Церковь и духовенство до сих пор покрывает власть в их преступлениях.\n---\n[[— Очень многословно и бессодержательно. Было бы понятнее с конкретными примерами.]]\n[[— Сколько пищи для размышлений.]]",
      "links": [
        {
          "name": "— Очень многословно и бессодержательно. Было бы понятнее с конкретными примерами.",
          "link": "— Очень многословно и бессодержательно. Было бы понятнее с конкретными примерами.",
          "pid": "31"
        },
        {
          "name": "— Сколько пищи для размышлений.",
          "link": "— Сколько пищи для размышлений.",
          "pid": "57"
        }
      ],
      "name": "— Отдал бы свою жизнь и известность за то, чтобы религий не было. За то, чтобы во главу угла ставили человека и его жизнь и здоровье. Чтобы никто не мог прикрывать свои преступления и жажду власти богом. Люди построили империи на обмане, заявляя о близости к высшей силе. Церковь и духовенство до сих пор покрывает власть в их преступлениях.",
      "pid": "30",
      "position": {
        "x": "4625",
        "y": "100"
      },
      "tags": [
        "t:p",
        "setReaction:devil-smirk"
      ]
    },
    {
      "text": "— Очень многословно и бессодержательно. Было бы понятнее с конкретными примерами.\n---\n[[— Почитай Библию. Она во многом противоречит известной нам на сегодня истории Земли и человечества, тому, как согласно науке появилась Вселенная и люди. И при этом Церковь продолжает утверждать, что в Библии каждое слово — правда.]]",
      "links": [
        {
          "name": "— Почитай Библию. Она во многом противоречит известной нам на сегодня истории Земли и человечества, тому, как согласно науке появилась Вселенная и люди. И при этом Церковь продолжает утверждать, что в Библии каждое слово — правда.",
          "link": "— Почитай Библию. Она во многом противоречит известной нам на сегодня истории Земли и человечества, тому, как согласно науке появилась Вселенная и люди. И при этом Церковь продолжает утверждать, что в Библии каждое слово — правда.",
          "pid": "32"
        }
      ],
      "name": "— Очень многословно и бессодержательно. Было бы понятнее с конкретными примерами.",
      "pid": "31",
      "position": {
        "x": "4800",
        "y": "50"
      },
      "tags": [
        "t:h"
      ]
    },
    {
      "text": "— Почитай Библию. Она во многом противоречит известной нам на сегодня истории Земли и человечества, тому, как согласно науке появилась Вселенная и люди. И при этом Церковь продолжает утверждать, что в Библии каждое слово — правда.\n---\n[[— Оригинально. Мне предлагают прочитать книжку. Сколько в Библии страниц?]]\n[[— Оригинально. Дьявол предлагает мне прочитать Библию!]]",
      "links": [
        {
          "name": "— Оригинально. Мне предлагают прочитать книжку. Сколько в Библии страниц?",
          "link": "— Оригинально. Мне предлагают прочитать книжку. Сколько в Библии страниц?",
          "pid": "47"
        },
        {
          "name": "— Оригинально. Дьявол предлагает мне прочитать Библию!",
          "link": "— Оригинально. Дьявол предлагает мне прочитать Библию!",
          "pid": "48"
        }
      ],
      "name": "— Почитай Библию. Она во многом противоречит известной нам на сегодня истории Земли и человечества, тому, как согласно науке появилась Вселенная и люди. И при этом Церковь продолжает утверждать, что в Библии каждое слово — правда.",
      "pid": "32",
      "position": {
        "x": "4975",
        "y": "100"
      },
      "tags": [
        "t:p",
        "setReaction:devil-main"
      ]
    },
    {
      "text": "— Почему бы и нет? Чтиво занимательное. И ты не представляешь, сколько верующих не читало Библию от корки до корки. Слушай, парень. Вера и страхи многих лежат в невежестве. Если тебе причиняет вред религия и ее последователи, если из-за них ты чувствуешь себя меньшим человеком, то их бога нет, их вера пустая, эти люди сами грешники, не достойные воображаемого рая!\n---\n[[— Но благодаря религии же развивалась письменность, появились многие шедевры мирового искусства...]]",
      "links": [
        {
          "name": "— Но благодаря религии же развивалась письменность, появились многие шедевры мирового искусства...",
          "link": "— Но благодаря религии же развивалась письменность, появились многие шедевры мирового искусства...",
          "pid": "49"
        }
      ],
      "name": "— Почему бы и нет? Чтиво занимательное. И ты не представляешь, сколько верующих не читало Библию от корки до корки. Слушай, парень. Вера и страхи многих лежат в невежестве. Если тебе причиняет вред религия и ее последователи, если из-за них ты чувствуешь себя меньшим человеком, то их бога нет, их вера пустая, эти люди сами грешники, не достойные воображаемого рая!",
      "pid": "33",
      "position": {
        "x": "5325",
        "y": "100"
      },
      "tags": [
        "t:p",
        "setReaction:devil-firebreath"
      ]
    },
    {
      "text": "— Религии в своё время послужили развитию цивилизации, а теперь стали пережитком и только вредят. Я не говорю: «Все верующие плохие и церкви нужно разрушить». Но если ты думаешь, что без Церкви и религии люди не будут знать как жить «правильно», то ошибаешься.\n---\n[[— Под конец скажу: лучше слушай своё сердечко, а не самопровозглашённых столпов морали, призывающих к ненависти и насилию.]]",
      "links": [
        {
          "name": "— Под конец скажу: лучше слушай своё сердечко, а не самопровозглашённых столпов морали, призывающих к ненависти и насилию.",
          "link": "— Под конец скажу: лучше слушай своё сердечко, а не самопровозглашённых столпов морали, призывающих к ненависти и насилию.",
          "pid": "35"
        }
      ],
      "name": "— Религии в своё время послужили развитию цивилизации, а теперь стали пережитком и только вредят. Я не говорю: «Все верующие плохие и церкви нужно разрушить». Но если ты думаешь, что без Церкви и религии люди не будут знать как жить «правильно», то ошибаешься.",
      "pid": "34",
      "position": {
        "x": "5675",
        "y": "100"
      },
      "tags": [
        "t:p",
        "setReaction:devil-main"
      ]
    },
    {
      "text": "— Под конец скажу: лучше слушай своё сердечко, а не самопровозглашённых столпов морали, призывающих к ненависти и насилию.\n---\n[[— Спасибо за поддержку.]]\n[[— Мне трудно принять твои слова.]]",
      "links": [
        {
          "name": "— Спасибо за поддержку.",
          "link": "— Спасибо за поддержку.",
          "pid": "36"
        },
        {
          "name": "— Мне трудно принять твои слова.",
          "link": "— Мне трудно принять твои слова.",
          "pid": "37"
        }
      ],
      "name": "— Под конец скажу: лучше слушай своё сердечко, а не самопровозглашённых столпов морали, призывающих к ненависти и насилию.",
      "pid": "35",
      "position": {
        "x": "5850",
        "y": "100"
      },
      "tags": [
        "t:p",
        "setReaction:devil-firebreath"
      ]
    },
    {
      "text": "— Спасибо за поддержку.\n---\n[[— Хоть бы «благодарю» сказал. Молодежь. Наверное, и не знаешь, от каких слов «спасибо» появилось. Пожалуйста.]]",
      "links": [
        {
          "name": "— Хоть бы «благодарю» сказал. Молодежь. Наверное, и не знаешь, от каких слов «спасибо» появилось. Пожалуйста.",
          "link": "— Хоть бы «благодарю» сказал. Молодежь. Наверное, и не знаешь, от каких слов «спасибо» появилось. Пожалуйста.",
          "pid": "38"
        }
      ],
      "name": "— Спасибо за поддержку.",
      "pid": "36",
      "position": {
        "x": "6050",
        "y": "25"
      },
      "tags": [
        "t:h"
      ]
    },
    {
      "text": "— Мне трудно принять твои слова.\n---\n[[К сожалению, до сих пор ЛГБТК+ люди страдают от того, как относятся к  гомосексуальности и трансгендерности разные религии. Мы не воплощение зла и не совершаем ничего, за что можно было бы унижать, преследовать, убивать и требовать просить прощения. Нет ни одного доказательства существования богов. Наука не подтверждает, что мир появился за 6 дней. Написанное в Библии опровергалось на протяжении истории много раз. Нет доказательств Всемирного потопа. Чудес не бывает. Развивайте критическое мышление. Почитайте для сравнения священные тексты и конституцию вашего государства. Сравните, что из этих документов более гуманное и менее противоречивое.]]",
      "links": [
        {
          "name": "К сожалению, до сих пор ЛГБТК+ люди страдают от того, как относятся к  гомосексуальности и трансгендерности разные религии. Мы не воплощение зла и не совершаем ничего, за что можно было бы унижать, преследовать, убивать и требовать просить прощения. Нет ни одного доказательства существования богов. Наука не подтверждает, что мир появился за 6 дней. Написанное в Библии опровергалось на протяжении истории много раз. Нет доказательств Всемирного потопа. Чудес не бывает. Развивайте критическое мышление. Почитайте для сравнения священные тексты и конституцию вашего государства. Сравните, что из этих документов более гуманное и менее противоречивое.",
          "link": "К сожалению, до сих пор ЛГБТК+ люди страдают от того, как относятся к  гомосексуальности и трансгендерности разные религии. Мы не воплощение зла и не совершаем ничего, за что можно было бы унижать, преследовать, убивать и требовать просить прощения. Нет ни одного доказательства существования богов. Наука не подтверждает, что мир появился за 6 дней. Написанное в Библии опровергалось на протяжении истории много раз. Нет доказательств Всемирного потопа. Чудес не бывает. Развивайте критическое мышление. Почитайте для сравнения священные тексты и конституцию вашего государства. Сравните, что из этих документов более гуманное и менее противоречивое.",
          "pid": "39"
        }
      ],
      "name": "— Мне трудно принять твои слова.",
      "pid": "37",
      "position": {
        "x": "6050",
        "y": "175"
      },
      "tags": [
        "t:h"
      ]
    },
    {
      "text": "— Хоть бы «благодарю» сказал. Молодежь. Наверное, и не знаешь от каких слов «спасибо» появилось. Пожалуйста.\n---\n[[К сожалению, до сих пор ЛГБТК+ люди страдают от того, как относятся к  гомосексуальности и трансгендерности разные религии. Мы не воплощение зла и не совершаем ничего, за что можно было бы унижать, преследовать, убивать и требовать просить прощения. Нет ни одного доказательства существования богов. Наука не подтверждает, что мир появился за 6 дней. Написанное в Библии опровергалось на протяжении истории много раз. Нет доказательств Всемирного потопа. Чудес не бывает. Развивайте критическое мышление. Почитайте для сравнения священные тексты и конституцию вашего государства. Сравните, что из этих документов более гуманное и менее противоречивое.]]",
      "links": [
        {
          "name": "К сожалению, до сих пор ЛГБТК+ люди страдают от того, как относятся к  гомосексуальности и трансгендерности разные религии. Мы не воплощение зла и не совершаем ничего, за что можно было бы унижать, преследовать, убивать и требовать просить прощения. Нет ни одного доказательства существования богов. Наука не подтверждает, что мир появился за 6 дней. Написанное в Библии опровергалось на протяжении истории много раз. Нет доказательств Всемирного потопа. Чудес не бывает. Развивайте критическое мышление. Почитайте для сравнения священные тексты и конституцию вашего государства. Сравните, что из этих документов более гуманное и менее противоречивое.",
          "link": "К сожалению, до сих пор ЛГБТК+ люди страдают от того, как относятся к  гомосексуальности и трансгендерности разные религии. Мы не воплощение зла и не совершаем ничего, за что можно было бы унижать, преследовать, убивать и требовать просить прощения. Нет ни одного доказательства существования богов. Наука не подтверждает, что мир появился за 6 дней. Написанное в Библии опровергалось на протяжении истории много раз. Нет доказательств Всемирного потопа. Чудес не бывает. Развивайте критическое мышление. Почитайте для сравнения священные тексты и конституцию вашего государства. Сравните, что из этих документов более гуманное и менее противоречивое.",
          "pid": "39"
        }
      ],
      "name": "— Хоть бы «благодарю» сказал. Молодежь. Наверное, и не знаешь, от каких слов «спасибо» появилось. Пожалуйста.",
      "pid": "38",
      "position": {
        "x": "6250",
        "y": "25"
      },
      "tags": [
        "t:p",
        "setReaction:devil-smirk"
      ]
    },
    {
      "text": "{adviceId=80}\nК сожалению, до сих пор ЛГБТК+ люди страдают от того, как относятся к  гомосексуальности и трансгендерности разные религии. Мы не воплощение зла и не совершаем ничего, за что можно было бы унижать, преследовать, убивать и требовать просить прощения. Нет ни одного доказательства существования богов. Наука не подтверждает, что мир появился за 6 дней. Написанное в Библии опровергалось на протяжении истории много раз. Нет доказательств Всемирного потопа. Чудес не бывает. Развивайте критическое мышление. Почитайте для сравнения священные тексты и конституцию вашего государства. Сравните, что из этих документов более гуманное и менее противоречивое.\n---\n[[— После этого разговора у меня осталось впечатление, что религия равно гомофобия.]]",
      "links": [
        {
          "name": "— После этого разговора у меня осталось впечатление, что религия равно гомофобия.",
          "link": "— После этого разговора у меня осталось впечатление, что религия равно гомофобия.",
          "pid": "45"
        }
      ],
      "name": "К сожалению, до сих пор ЛГБТК+ люди страдают от того, как относятся к  гомосексуальности и трансгендерности разные религии. Мы не воплощение зла и не совершаем ничего, за что можно было бы унижать, преследовать, убивать и требовать просить прощения. Нет ни одного доказательства существования богов. Наука не подтверждает, что мир появился за 6 дней. Написанное в Библии опровергалось на протяжении истории много раз. Нет доказательств Всемирного потопа. Чудес не бывает. Развивайте критическое мышление. Почитайте для сравнения священные тексты и конституцию вашего государства. Сравните, что из этих документов более гуманное и менее противоречивое.",
      "pid": "39",
      "position": {
        "x": "6150",
        "y": "350"
      },
      "tags": [
        "t:f",
        "setReaction:devil-main"
      ]
    },
    {
      "text": "<i>Вы шли по тёмной аллее и заметили люк, из которого шёл дым. Рядом с ним стоял высокий джентльмен в пиджаке. Но больше всего в глаза бросались его рога. Он мурлыкал что-то себе под нос. Вы подошли поближе послушать.</i>\n---\n[[— Днем свет божий затмеваю, ночью землю освещаю, месяцем рога блестят, а глаза огнём горят.]]",
      "links": [
        {
          "name": "— Днем свет божий затмеваю, ночью землю освещаю, месяцем рога блестят, а глаза огнём горят.",
          "link": "— Днем свет божий затмеваю, ночью землю освещаю, месяцем рога блестят, а глаза огнём горят.",
          "pid": "1"
        }
      ],
      "name": "Вы шли по тёмной аллее и заметили люк, из которого шёл дым. Рядом с ним стоял высокий джентльмен в пиджаке. Но больше всего в глаза бросались его рога. Он мурлыкал что-то себе под нос. Вы подошли поближе послушать.",
      "pid": "40",
      "position": {
        "x": "200",
        "y": "100"
      },
      "tags": [
        "t:p"
      ]
    },
    {
      "text": "— Пожалуй, нет. Давай поговорим.\n---\n[[— Что ты думаешь о Библии?]]",
      "links": [
        {
          "name": "— Что ты думаешь о Библии?",
          "link": "— Что ты думаешь о Библии?",
          "pid": "10"
        }
      ],
      "name": "— Пожалуй, нет. Давай поговорим.",
      "pid": "41",
      "position": {
        "x": "1625",
        "y": "125"
      },
      "tags": [
        "t:h"
      ]
    },
    {
      "text": "— Да, разговор окончен.\n---\n[[Вы ничего не вынесли из этого диалога.]]",
      "links": [
        {
          "name": "Вы ничего не вынесли из этого диалога.",
          "link": "Вы ничего не вынесли из этого диалога.",
          "pid": "12"
        }
      ],
      "name": "— Да, разговор окончен.",
      "pid": "42",
      "position": {
        "x": "1600",
        "y": "350"
      },
      "tags": [
        "t:h"
      ]
    },
    {
      "text": "<i>Диалог окончен. Вы можете вернуться на главный экран.</i>",
      "name": "Диалог окончен. Вы можете вернуться на главный экран.",
      "pid": "43",
      "position": {
        "x": "2475",
        "y": "600"
      },
      "tags": [
        "t:p"
      ]
    },
    {
      "text": "<i>Данный диалог не преследует цели оскорбить чувства верующих. Не направлен на разжигание ненависти к представителям какой-либо религиозной или иной социальной группы. Мы уважаем все религии, а также тех людей, в чьей жизни вера в Бога занимает важное место.</i>\n---\n[[Вы шли по тёмной аллее и заметили люк, из которого шёл дым. Рядом с ним стоял высокий джентльмен в пиджаке. Но больше всего в глаза бросались его рога. Он мурлыкал что-то себе под нос. Вы подошли поближе послушать.]]",
      "links": [
        {
          "name": "Вы шли по тёмной аллее и заметили люк, из которого шёл дым. Рядом с ним стоял высокий джентльмен в пиджаке. Но больше всего в глаза бросались его рога. Он мурлыкал что-то себе под нос. Вы подошли поближе послушать.",
          "link": "Вы шли по тёмной аллее и заметили люк, из которого шёл дым. Рядом с ним стоял высокий джентльмен в пиджаке. Но больше всего в глаза бросались его рога. Он мурлыкал что-то себе под нос. Вы подошли поближе послушать.",
          "pid": "40"
        }
      ],
      "name": "Данный диалог не преследует цели оскорбить чувства верующих. Не направлен на разжигание ненависти к представителям какой-либо религиозной или иной социальной группы. Мы уважаем все религии, а также тех людей, в чьей жизни вера в Бога занимает важное место.",
      "pid": "44",
      "position": {
        "x": "25",
        "y": "100"
      },
      "tags": [
        "t:sp",
        "delay:7000",
        "setReaction:devil-unexistent"
      ]
    },
    {
      "text": "— После этого разговора у меня осталось впечатление, что религия равно гомофобия.\n---\n[[— Не сказал бы. Есть исключения. Мир меняется. За веру надо платить. За атеизм, свободу и семью тоже. У всего своя цена. Последнее...]]",
      "links": [
        {
          "name": "— Не сказал бы. Есть исключения. Мир меняется. За веру надо платить. За атеизм, свободу и семью тоже. У всего своя цена. Последнее...",
          "link": "— Не сказал бы. Есть исключения. Мир меняется. За веру надо платить. За атеизм, свободу и семью тоже. У всего своя цена. Последнее...",
          "pid": "53"
        }
      ],
      "name": "— После этого разговора у меня осталось впечатление, что религия равно гомофобия.",
      "pid": "45",
      "position": {
        "x": "5975",
        "y": "475"
      },
      "tags": [
        "t:h"
      ]
    },
    {
      "text": "<i>Диалог окончен. Вы можете вернуться на главный экран.</i>",
      "name": "Диалог окончен. Вы можете вернуться на главный экран. (+Предмет)",
      "pid": "46",
      "position": {
        "x": "5100",
        "y": "825"
      },
      "tags": [
        "t:p"
      ]
    },
    {
      "text": "— Оригинально. Мне предлагают прочитать книжку. Сколько в Библии страниц?\n---\n[[— Почему бы и нет? Чтиво занимательное. И ты не представляешь, сколько верующих не читало Библию от корки до корки. Слушай, парень. Вера и страхи многих лежат в невежестве. Если тебе причиняет вред религия и ее последователи, если из-за них ты чувствуешь себя меньшим человеком, то их бога нет, их вера пустая, эти люди сами грешники, не достойные воображаемого рая!]]",
      "links": [
        {
          "name": "— Почему бы и нет? Чтиво занимательное. И ты не представляешь, сколько верующих не читало Библию от корки до корки. Слушай, парень. Вера и страхи многих лежат в невежестве. Если тебе причиняет вред религия и ее последователи, если из-за них ты чувствуешь себя меньшим человеком, то их бога нет, их вера пустая, эти люди сами грешники, не достойные воображаемого рая!",
          "link": "— Почему бы и нет? Чтиво занимательное. И ты не представляешь, сколько верующих не читало Библию от корки до корки. Слушай, парень. Вера и страхи многих лежат в невежестве. Если тебе причиняет вред религия и ее последователи, если из-за них ты чувствуешь себя меньшим человеком, то их бога нет, их вера пустая, эти люди сами грешники, не достойные воображаемого рая!",
          "pid": "33"
        }
      ],
      "name": "— Оригинально. Мне предлагают прочитать книжку. Сколько в Библии страниц?",
      "pid": "47",
      "position": {
        "x": "5150",
        "y": "25"
      },
      "tags": [
        "t:h"
      ]
    },
    {
      "text": "— Оригинально. Дьявол предлагает мне прочитать Библию!\n---\n[[— Почему бы и нет? Чтиво занимательное. И ты не представляешь, сколько верующих не читало Библию от корки до корки. Слушай, парень. Вера и страхи многих лежат в невежестве. Если тебе причиняет вред религия и ее последователи, если из-за них ты чувствуешь себя меньшим человеком, то их бога нет, их вера пустая, эти люди сами грешники, не достойные воображаемого рая!]]",
      "links": [
        {
          "name": "— Почему бы и нет? Чтиво занимательное. И ты не представляешь, сколько верующих не читало Библию от корки до корки. Слушай, парень. Вера и страхи многих лежат в невежестве. Если тебе причиняет вред религия и ее последователи, если из-за них ты чувствуешь себя меньшим человеком, то их бога нет, их вера пустая, эти люди сами грешники, не достойные воображаемого рая!",
          "link": "— Почему бы и нет? Чтиво занимательное. И ты не представляешь, сколько верующих не читало Библию от корки до корки. Слушай, парень. Вера и страхи многих лежат в невежестве. Если тебе причиняет вред религия и ее последователи, если из-за них ты чувствуешь себя меньшим человеком, то их бога нет, их вера пустая, эти люди сами грешники, не достойные воображаемого рая!",
          "pid": "33"
        }
      ],
      "name": "— Оригинально. Дьявол предлагает мне прочитать Библию!",
      "pid": "48",
      "position": {
        "x": "5150",
        "y": "200"
      },
      "tags": [
        "t:h"
      ]
    },
    {
      "text": "— Но благодаря религии же развивалась письменность, появились многие шедевры мирового искусства...\n---\n[[— Религии в своё время послужили развитию цивилизации, а теперь стали пережитком и только вредят. Я не говорю: «Все верующие плохие и церкви нужно разрушить». Но если ты думаешь, что без Церкви и религии люди не будут знать как жить «правильно», то ошибаешься.]]",
      "links": [
        {
          "name": "— Религии в своё время послужили развитию цивилизации, а теперь стали пережитком и только вредят. Я не говорю: «Все верующие плохие и церкви нужно разрушить». Но если ты думаешь, что без Церкви и религии люди не будут знать как жить «правильно», то ошибаешься.",
          "link": "— Религии в своё время послужили развитию цивилизации, а теперь стали пережитком и только вредят. Я не говорю: «Все верующие плохие и церкви нужно разрушить». Но если ты думаешь, что без Церкви и религии люди не будут знать как жить «правильно», то ошибаешься.",
          "pid": "34"
        }
      ],
      "name": "— Но благодаря религии же развивалась письменность, появились многие шедевры мирового искусства...",
      "pid": "49",
      "position": {
        "x": "5500",
        "y": "100"
      },
      "tags": [
        "t:h"
      ]
    },
    {
      "text": "— Напоследок у меня есть для тебя подарок. Есть кое-кто пострашнее мифических созданий. Хочу, чтобы ты поговорил с ним. Интересно будет понаблюдать.\n---\n[[— Что ещё за он?]]",
      "links": [
        {
          "name": "— Что ещё за он?",
          "link": "— Что ещё за он?",
          "pid": "51"
        }
      ],
      "name": "— Напоследок у меня есть для тебя подарок. Есть кое-кто пострашнее мифических созданий. Хочу, чтобы ты поговорил с ним. Интересно будет понаблюдать.",
      "pid": "50",
      "position": {
        "x": "1950",
        "y": "425"
      },
      "tags": [
        "t:p"
      ]
    },
    {
      "text": "— Что ещё за он?\n---\n[[— Терпение, Name, как известно, добродетель.]]",
      "links": [
        {
          "name": "— Терпение, Name, как известно, добродетель.",
          "link": "— Терпение, Name, как известно, добродетель.",
          "pid": "52"
        }
      ],
      "name": "— Что ещё за он?",
      "pid": "51",
      "position": {
        "x": "2125",
        "y": "475"
      },
      "tags": [
        "t:h"
      ]
    },
    {
      "text": "— Терпение, <Name>, как известно, добродетель.\n---\n[[Диалог окончен. Вы можете вернуться на главный экран.]]",
      "links": [
        {
          "name": "Диалог окончен. Вы можете вернуться на главный экран.",
          "link": "Диалог окончен. Вы можете вернуться на главный экран.",
          "pid": "43"
        }
      ],
      "name": "— Терпение, Name, как известно, добродетель.",
      "pid": "52",
      "position": {
        "x": "2300",
        "y": "525"
      },
      "tags": [
        "setReaction:devil-smiling",
        "t:p",
        "unlockPerson:14"
      ]
    },
    {
      "text": "— Не сказал бы. Есть исключения. Мир меняется. За веру надо платить. За атеизм, свободу и семью тоже. У всего своя цена. Последнее...\n---\n[[— Хочу, чтобы ты поговорил поговорил с одним человеком. Он пострашнее мифических монстров и говорящих животных.]]",
      "links": [
        {
          "name": "— Хочу, чтобы ты поговорил поговорил с одним человеком. Он пострашнее мифических монстров и говорящих животных.",
          "link": "— Хочу, чтобы ты поговорил поговорил с одним человеком. Он пострашнее мифических монстров и говорящих животных.",
          "pid": "54"
        }
      ],
      "name": "— Не сказал бы. Есть исключения. Мир меняется. За веру надо платить. За атеизм, свободу и семью тоже. У всего своя цена. Последнее...",
      "pid": "53",
      "position": {
        "x": "5800",
        "y": "550"
      },
      "tags": [
        "setReaction:devil-smiling",
        "t:p",
        "showThing:shadowplay",
        "set:devil-item:1"
      ]
    },
    {
      "text": "— Хочу, чтобы ты поговорил поговорил с одним человеком. Он пострашнее мифических монстров и говорящих животных.\n---\n[[— Кто это?]]",
      "links": [
        {
          "name": "— Кто это?",
          "link": "— Кто это?",
          "pid": "55"
        }
      ],
      "name": "— Хочу, чтобы ты поговорил поговорил с одним человеком. Он пострашнее мифических монстров и говорящих животных.",
      "pid": "54",
      "position": {
        "x": "5625",
        "y": "625"
      },
      "tags": [
        "t:p"
      ]
    },
    {
      "text": "— Кто это?\n---\n[[— Терпение, друг мой. Терпение.]]",
      "links": [
        {
          "name": "— Терпение, друг мой. Терпение.",
          "link": "— Терпение, друг мой. Терпение.",
          "pid": "56"
        }
      ],
      "name": "— Кто это?",
      "pid": "55",
      "position": {
        "x": "5450",
        "y": "700"
      },
      "tags": [
        "t:h"
      ]
    },
    {
      "text": "— Терпение, друг мой. Терпение.\n---\n[[Диалог окончен. Вы можете вернуться на главный экран. (+Предмет)]]",
      "links": [
        {
          "name": "Диалог окончен. Вы можете вернуться на главный экран. (+Предмет)",
          "link": "Диалог окончен. Вы можете вернуться на главный экран. (+Предмет)",
          "pid": "46"
        }
      ],
      "name": "— Терпение, друг мой. Терпение.",
      "pid": "56",
      "position": {
        "x": "5275",
        "y": "775"
      },
      "tags": [
        "t:p",
        "unlockPerson:14"
      ]
    },
    {
      "text": "— Сколько пищи для размышлений.\n---\n[[— Почитай Библию. Она во многом противоречит известной нам на сегодня истории Земли и человечества, тому, как согласно науке появилась Вселенная и люди. И при этом Церковь продолжает утверждать, что в Библии каждое слово — правда.]]",
      "links": [
        {
          "name": "— Почитай Библию. Она во многом противоречит известной нам на сегодня истории Земли и человечества, тому, как согласно науке появилась Вселенная и люди. И при этом Церковь продолжает утверждать, что в Библии каждое слово — правда.",
          "link": "— Почитай Библию. Она во многом противоречит известной нам на сегодня истории Земли и человечества, тому, как согласно науке появилась Вселенная и люди. И при этом Церковь продолжает утверждать, что в Библии каждое слово — правда.",
          "pid": "32"
        }
      ],
      "name": "— Сколько пищи для размышлений.",
      "pid": "57",
      "position": {
        "x": "4800",
        "y": "300"
      },
      "tags": [
        "t:h"
      ]
    },
    {
      "text": "f.jpg\n---\n[[— Неожиданная встреча. Добровечер. Сначала говорящий кот, а теперь и дьявол. Расскажешь мне про адские муки?]]",
      "links": [
        {
          "name": "— Неожиданная встреча. Добровечер. Сначала говорящий кот, а теперь и дьявол. Расскажешь мне про адские муки?",
          "link": "— Неожиданная встреча. Добровечер. Сначала говорящий кот, а теперь и дьявол. Расскажешь мне про адские муки?",
          "pid": "2"
        }
      ],
      "name": "Картинка аллеи",
      "pid": "58",
      "position": {
        "x": "560",
        "y": "274"
      },
      "tags": [
        "t:imgp"
      ]
    }
  ],
  "name": "Дьявол short",
  "startnode": "44",
  "creator": "Twine",
  "creator-version": "2.3.13",
  "ifid": "44FA28A6-D881-4037-B319-B86948AA82D6"
}