{
  "passages": [
    {
      "text": "<i>Александр опаздывал. До неприличия намного.</i>\n---\n[[На улице шёл дождь. Вы на нервах прилетели в кафе за полчаса до встречи и уже потихоньку засыпали за полупустой кружкой. Тут громко и со звоном хлопнула дверь. Худощавый парень в ярком пальто вбежал в зал кафе, звонко и по-приятельски поздоровался с бариста по имени, огляделся и направился прямо в вашу сторону.]]",
      "links": [
        {
          "name": "На улице шёл дождь. Вы на нервах прилетели в кафе за полчаса до встречи и уже потихоньку засыпали за полупустой кружкой. Тут громко и со звоном хлопнула дверь. Худощавый парень в ярком пальто вбежал в зал кафе, звонко и по-приятельски поздоровался с бариста по имени, огляделся и направился прямо в вашу сторону.",
          "link": "На улице шёл дождь. Вы на нервах прилетели в кафе за полчаса до встречи и уже потихоньку засыпали за полупустой кружкой. Тут громко и со звоном хлопнула дверь. Худощавый парень в ярком пальто вбежал в зал кафе, звонко и по-приятельски поздоровался с бариста по имени, огляделся и направился прямо в вашу сторону.",
          "pid": "2"
        }
      ],
      "name": "Друг-гей 2",
      "pid": "1",
      "position": {
        "x": "100",
        "y": "500"
      },
      "tags": [
        "t:sp"
      ]
    },
    {
      "text": "<i>На улице шёл дождь. Вы на нервах прилетели в кафе за полчаса до встречи и уже потихоньку засыпали за полупустой кружкой. Тут громко и со звоном хлопнула дверь. Худощавый парень в ярком пальто вбежал в зал кафе, звонко и по-приятельски поздоровался с бариста по имени, огляделся и направился прямо в вашу сторону.</i>\n---\n[[— Извини, задержался на репетиции. Пробую играть на сцене любительского театра. После прогона спектакля надо было домой обязательно помыться и переодеться. Режиссёрка сегодня загоняла.]]",
      "links": [
        {
          "name": "— Извини, задержался на репетиции. Пробую играть на сцене любительского театра. После прогона спектакля надо было домой обязательно помыться и переодеться. Режиссёрка сегодня загоняла.",
          "link": "— Извини, задержался на репетиции. Пробую играть на сцене любительского театра. После прогона спектакля надо было домой обязательно помыться и переодеться. Режиссёрка сегодня загоняла.",
          "pid": "3"
        }
      ],
      "name": "На улице шёл дождь. Вы на нервах прилетели в кафе за полчаса до встречи и уже потихоньку засыпали за полупустой кружкой. Тут громко и со звоном хлопнула дверь. Худощавый парень в ярком пальто вбежал в зал кафе, звонко и по-приятельски поздоровался с бариста по имени, огляделся и направился прямо в вашу сторону.",
      "pid": "2",
      "position": {
        "x": "275",
        "y": "500"
      },
      "tags": [
        "t:p"
      ]
    },
    {
      "text": "— Извини, задержался на репетиции. Пробую играть на сцене любительского театра. После прогона спектакля надо было домой обязательно помыться и переодеться. Режиссёрка сегодня загоняла.\n---\n[[В качестве доказательства он продемонстрировал фото с репетиции.]]",
      "links": [
        {
          "name": "В качестве доказательства он продемонстрировал фото с репетиции.",
          "link": "В качестве доказательства он продемонстрировал фото с репетиции.",
          "pid": "60"
        }
      ],
      "name": "— Извини, задержался на репетиции. Пробую играть на сцене любительского театра. После прогона спектакля надо было домой обязательно помыться и переодеться. Режиссёрка сегодня загоняла.",
      "pid": "3",
      "position": {
        "x": "450",
        "y": "500"
      },
      "tags": [
        "t:p",
        "setReaction:friend-gay-glamorous"
      ]
    },
    {
      "text": "— Давай знакомиться ещё раз! Как тебя зовут, напомни?\n---\n[[Name]]",
      "links": [
        {
          "name": "Name",
          "link": "Name",
          "pid": "5"
        }
      ],
      "name": "— Давай знакомиться ещё раз! Как тебя зовут, напомни?",
      "pid": "4",
      "position": {
        "x": "625",
        "y": "500"
      },
      "tags": [
        "t:p",
        "setReaction:friend-gay-main"
      ]
    },
    {
      "text": "— <Name>\n---\n[[— А меня Александр, Саша, Сашок, Сашка, Алек, Алекса, Ксандр. Только не Шура.]]",
      "links": [
        {
          "name": "— А меня Александр, Саша, Сашок, Сашка, Алек, Алекса, Ксандр. Только не Шура.",
          "link": "— А меня Александр, Саша, Сашок, Сашка, Алек, Алекса, Ксандр. Только не Шура.",
          "pid": "6"
        }
      ],
      "name": "Name",
      "pid": "5",
      "position": {
        "x": "800",
        "y": "500"
      },
      "tags": [
        "t:h"
      ]
    },
    {
      "text": "— А меня Александр, Саша, Сашок, Сашка, Алек, Алекса, Ксандр. Только не Шура.\n---\n[[— У тебя глаза очень яркие.]]",
      "links": [
        {
          "name": "— У тебя глаза очень яркие.",
          "link": "— У тебя глаза очень яркие.",
          "pid": "7"
        }
      ],
      "name": "— А меня Александр, Саша, Сашок, Сашка, Алек, Алекса, Ксандр. Только не Шура.",
      "pid": "6",
      "position": {
        "x": "975",
        "y": "500"
      },
      "tags": [
        "t:p"
      ]
    },
    {
      "text": "— У тебя глаза очень яркие.\n---\n[[— Это линзы. Они у меня без них обыкновенно голубые, а с ними синие.]]",
      "links": [
        {
          "name": "— Это линзы. Они у меня без них обыкновенно голубые, а с ними синие.",
          "link": "— Это линзы. Они у меня без них обыкновенно голубые, а с ними синие.",
          "pid": "8"
        }
      ],
      "name": "— У тебя глаза очень яркие.",
      "pid": "7",
      "position": {
        "x": "1150",
        "y": "500"
      },
      "tags": [
        "t:h"
      ]
    },
    {
      "text": "— Это линзы. Они у меня без них обыкновенно голубые, а с ними синие.\n---\n[[— Что за репетиция?]]",
      "links": [
        {
          "name": "— Что за репетиция?",
          "link": "— Что за репетиция?",
          "pid": "9"
        }
      ],
      "name": "— Это линзы. Они у меня без них обыкновенно голубые, а с ними синие.",
      "pid": "8",
      "position": {
        "x": "1325",
        "y": "500"
      },
      "tags": [
        "t:p",
        "setReaction:friend-gay-glamorous"
      ]
    },
    {
      "text": "— Что за репетиция?\n---\n[[— Спектакль с квир-тематикой. Смесь из лёгкой эротики, драмы и танца. У пьесы два рабочих названия: «И жили они долго и счастливо» и «А в конце все умерли». Будем дальше общаться, то позову на премьеру.]]",
      "links": [
        {
          "name": "— Спектакль с квир-тематикой. Смесь из лёгкой эротики, драмы и танца. У пьесы два рабочих названия: «И жили они долго и счастливо» и «А в конце все умерли». Будем дальше общаться, то позову на премьеру.",
          "link": "— Спектакль с квир-тематикой. Смесь из лёгкой эротики, драмы и танца. У пьесы два рабочих названия: «И жили они долго и счастливо» и «А в конце все умерли». Будем дальше общаться, то позову на премьеру.",
          "pid": "10"
        }
      ],
      "name": "— Что за репетиция?",
      "pid": "9",
      "position": {
        "x": "1500",
        "y": "500"
      },
      "tags": [
        "t:h"
      ]
    },
    {
      "text": "— Спектакль с квир-тематикой. Смесь из лёгкой эротики, драмы и танца. У пьесы два рабочих названия: «И жили они долго и счастливо» и «А в конце все умерли». Будем дальше общаться, то позову на премьеру.\n---\n[[— Ты очень громко разговариваешь. Не боишься, что нас услышат?]]",
      "links": [
        {
          "name": "— Ты очень громко разговариваешь. Не боишься, что нас услышат?",
          "link": "— Ты очень громко разговариваешь. Не боишься, что нас услышат?",
          "pid": "11"
        }
      ],
      "name": "— Спектакль с квир-тематикой. Смесь из лёгкой эротики, драмы и танца. У пьесы два рабочих названия: «И жили они долго и счастливо» и «А в конце все умерли». Будем дальше общаться, то позову на премьеру.",
      "pid": "10",
      "position": {
        "x": "1675",
        "y": "500"
      },
      "tags": [
        "t:p"
      ]
    },
    {
      "text": "— Ты очень громко разговариваешь. Не боишься, что нас услышат?\n---\n[[— Мы в центре города. Рядом никого. Чего бояться? Слово \"квир\" вряд ли кто поймёт. Если хочешь, то буду потише.]]",
      "links": [
        {
          "name": "— Мы в центре города. Рядом никого. Чего бояться? Слово \"квир\" вряд ли кто поймёт. Если хочешь, то буду потише.",
          "link": "— Мы в центре города. Рядом никого. Чего бояться? Слово \"квир\" вряд ли кто поймёт. Если хочешь, то буду потише.",
          "pid": "12"
        }
      ],
      "name": "— Ты очень громко разговариваешь. Не боишься, что нас услышат?",
      "pid": "11",
      "position": {
        "x": "1850",
        "y": "500"
      },
      "tags": [
        "t:h"
      ]
    },
    {
      "text": "— Мы в центре города. Рядом никого. Чего бояться? Слово «квир» вряд ли кто поймёт. Если хочешь, то буду потише.\n---\n[[— Нет, я так спросил.]]\n[[— Да, пожалуйста.]]",
      "links": [
        {
          "name": "— Нет, я так спросил.",
          "link": "— Нет, я так спросил.",
          "pid": "13"
        },
        {
          "name": "— Да, пожалуйста.",
          "link": "— Да, пожалуйста.",
          "pid": "14"
        }
      ],
      "name": "— Мы в центре города. Рядом никого. Чего бояться? Слово \"квир\" вряд ли кто поймёт. Если хочешь, то буду потише.",
      "pid": "12",
      "position": {
        "x": "2025",
        "y": "500"
      },
      "tags": [
        "t:p",
        "setReaction:friend-gay-main"
      ]
    },
    {
      "text": "— Нет, я так спросил.\n---\n[[— Продолжим разговор. Ты откуда?]]",
      "links": [
        {
          "name": "— Продолжим разговор. Ты откуда?",
          "link": "— Продолжим разговор. Ты откуда?",
          "pid": "15"
        }
      ],
      "name": "— Нет, я так спросил.",
      "pid": "13",
      "position": {
        "x": "2200",
        "y": "400"
      },
      "tags": [
        "t:h"
      ]
    },
    {
      "text": "— Да, пожалуйста.\n---\n[[— Продолжим разговор. Ты откуда?]]",
      "links": [
        {
          "name": "— Продолжим разговор. Ты откуда?",
          "link": "— Продолжим разговор. Ты откуда?",
          "pid": "15"
        }
      ],
      "name": "— Да, пожалуйста.",
      "pid": "14",
      "position": {
        "x": "2200",
        "y": "600"
      },
      "tags": [
        "t:h"
      ]
    },
    {
      "text": "— Продолжим разговор. Ты откуда?\n---\n[[— Из небольшого города довольно далеко отсюда. Почему спрашиваешь?]]\n[[— Почему спрашиваешь?]]",
      "links": [
        {
          "name": "— Из небольшого города довольно далеко отсюда. Почему спрашиваешь?",
          "link": "— Из небольшого города довольно далеко отсюда. Почему спрашиваешь?",
          "pid": "16"
        },
        {
          "name": "— Почему спрашиваешь?",
          "link": "— Почему спрашиваешь?",
          "pid": "18"
        }
      ],
      "name": "— Продолжим разговор. Ты откуда?",
      "pid": "15",
      "position": {
        "x": "2375",
        "y": "500"
      },
      "tags": [
        "t:p"
      ]
    },
    {
      "text": "— Из небольшого города довольно далеко отсюда.\n---\n[[— Интересно узнавать про места, где жили или живут другие люди. О том, что там происходит. Как ты относишься к своей малой родине?]]",
      "links": [
        {
          "name": "— Интересно узнавать про места, где жили или живут другие люди. О том, что там происходит. Как ты относишься к своей малой родине?",
          "link": "— Интересно узнавать про места, где жили или живут другие люди. О том, что там происходит. Как ты относишься к своей малой родине?",
          "pid": "17"
        }
      ],
      "name": "— Из небольшого города довольно далеко отсюда. Почему спрашиваешь?",
      "pid": "16",
      "position": {
        "x": "2550",
        "y": "400"
      },
      "tags": [
        "t:h"
      ]
    },
    {
      "text": "— Интересно узнавать про места, где жили или живут другие люди. О том, что там происходит. Как ты относишься к своей малой родине?\n---\n[[— Нормально.]]\n[[— Никогда не хочу больше там жить.]]\n[[— Люблю те места. Спокойно, много приятных воспоминаний, и родители там.]]",
      "links": [
        {
          "name": "— Нормально.",
          "link": "— Нормально.",
          "pid": "20"
        },
        {
          "name": "— Никогда не хочу больше там жить.",
          "link": "— Никогда не хочу больше там жить.",
          "pid": "21"
        },
        {
          "name": "— Люблю те места. Спокойно, много приятных воспоминаний, и родители там.",
          "link": "— Люблю те места. Спокойно, много приятных воспоминаний, и родители там.",
          "pid": "29"
        }
      ],
      "name": "— Интересно узнавать про места, где жили или живут другие люди. О том, что там происходит. Как ты относишься к своей малой родине?",
      "pid": "17",
      "position": {
        "x": "2725",
        "y": "500"
      },
      "tags": [
        "t:p"
      ]
    },
    {
      "text": "— Почему спрашиваешь?\n---\n[[— Интересно узнавать про места, где жили или живут другие люди. О том, что там происходит. Как ты относишься к своей малой родине?]]",
      "links": [
        {
          "name": "— Интересно узнавать про места, где жили или живут другие люди. О том, что там происходит. Как ты относишься к своей малой родине?",
          "link": "— Интересно узнавать про места, где жили или живут другие люди. О том, что там происходит. Как ты относишься к своей малой родине?",
          "pid": "17"
        }
      ],
      "name": "— Почему спрашиваешь?",
      "pid": "18",
      "position": {
        "x": "2550",
        "y": "600"
      },
      "tags": [
        "t:h"
      ]
    },
    {
      "text": "— Кул-кул. Коротко, как в Хорнете.\n---\n[[— Продолжим. Какую музыку ты слушаешь?]]",
      "links": [
        {
          "name": "— Продолжим. Какую музыку ты слушаешь?",
          "link": "— Продолжим. Какую музыку ты слушаешь?",
          "pid": "38"
        }
      ],
      "name": "— Кул-кул. Коротко, как в Хорнете.",
      "pid": "19",
      "position": {
        "x": "3075",
        "y": "250"
      },
      "tags": [
        "t:p"
      ]
    },
    {
      "text": "— Нормально.\n---\n[[— Кул-кул. Коротко, как в Хорнете.]]",
      "links": [
        {
          "name": "— Кул-кул. Коротко, как в Хорнете.",
          "link": "— Кул-кул. Коротко, как в Хорнете.",
          "pid": "19"
        }
      ],
      "name": "— Нормально.",
      "pid": "20",
      "position": {
        "x": "2900",
        "y": "300"
      },
      "tags": [
        "t:h"
      ]
    },
    {
      "text": "— Никогда не хочу больше там жить.\n---\n[[— Чего так?]]",
      "links": [
        {
          "name": "— Чего так?",
          "link": "— Чего так?",
          "pid": "22"
        }
      ],
      "name": "— Никогда не хочу больше там жить.",
      "pid": "21",
      "position": {
        "x": "2900",
        "y": "500"
      },
      "tags": [
        "t:h"
      ]
    },
    {
      "text": "— Чего так?\n---\n[[— Плохие воспоминания, бесперспективняк в плане работы и отношений.]]",
      "links": [
        {
          "name": "— Плохие воспоминания, бесперспективняк в плане работы и отношений.",
          "link": "— Плохие воспоминания, бесперспективняк в плане работы и отношений.",
          "pid": "23"
        }
      ],
      "name": "— Чего так?",
      "pid": "22",
      "position": {
        "x": "3075",
        "y": "500"
      },
      "tags": [
        "t:p"
      ]
    },
    {
      "text": "— Плохие воспоминания, бесперспективняк в плане работы и отношений.\n---\n[[— Проблемка универсальная и общемировая. Особенно для ЛГБТК+.]]",
      "links": [
        {
          "name": "— Проблемка универсальная и общемировая. Особенно для ЛГБТК+.",
          "link": "— Проблемка универсальная и общемировая. Особенно для ЛГБТК+.",
          "pid": "24"
        }
      ],
      "name": "— Плохие воспоминания, бесперспективняк в плане работы и отношений.",
      "pid": "23",
      "position": {
        "x": "3250",
        "y": "500"
      },
      "tags": [
        "t:h"
      ]
    },
    {
      "text": "— Проблемка универсальная и общемировая. Особенно для ЛГБТК+.\n---\n[[— Я и из страны хочу уехать.]]",
      "links": [
        {
          "name": "— Я и из страны хочу уехать.",
          "link": "— Я и из страны хочу уехать.",
          "pid": "25"
        }
      ],
      "name": "— Проблемка универсальная и общемировая. Особенно для ЛГБТК+.",
      "pid": "24",
      "position": {
        "x": "3425",
        "y": "500"
      },
      "tags": [
        "t:p"
      ]
    },
    {
      "text": "— Я и из страны хочу уехать.\n---\n[[— До нашей свадьбы или после?]]",
      "links": [
        {
          "name": "— До нашей свадьбы или после?",
          "link": "— До нашей свадьбы или после?",
          "pid": "26"
        }
      ],
      "name": "— Я и из страны хочу уехать.",
      "pid": "25",
      "position": {
        "x": "3600",
        "y": "500"
      },
      "tags": [
        "t:h"
      ]
    },
    {
      "text": "— До нашей свадьбы или после?\n---\n[[— ?]]",
      "links": [
        {
          "name": "— ?",
          "link": "— ?",
          "pid": "27"
        }
      ],
      "name": "— До нашей свадьбы или после?",
      "pid": "26",
      "position": {
        "x": "3771.6666666666665",
        "y": "611.6666666666666"
      },
      "tags": [
        "t:p",
        "setReaction:friend-gay-playful"
      ]
    },
    {
      "text": "— ?\n---\n[[— Не смотри на меня так. Шучу.]]",
      "links": [
        {
          "name": "— Не смотри на меня так. Шучу.",
          "link": "— Не смотри на меня так. Шучу.",
          "pid": "28"
        }
      ],
      "name": "— ?",
      "pid": "27",
      "position": {
        "x": "3950",
        "y": "500"
      },
      "tags": [
        "t:h"
      ]
    },
    {
      "text": "— Не смотри на меня так. Шучу.\n---\n[[— Продолжим. Какую музыку ты слушаешь?]]",
      "links": [
        {
          "name": "— Продолжим. Какую музыку ты слушаешь?",
          "link": "— Продолжим. Какую музыку ты слушаешь?",
          "pid": "38"
        }
      ],
      "name": "— Не смотри на меня так. Шучу.",
      "pid": "28",
      "position": {
        "x": "4125",
        "y": "500"
      },
      "tags": [
        "t:p"
      ]
    },
    {
      "text": "— Люблю те места. Спокойно, много приятных воспоминаний, и родители там.\n---\n[[— Как мими-мило! Любишь родных. Лапа.]]",
      "links": [
        {
          "name": "— Как мими-мило! Любишь родных. Лапа.",
          "link": "— Как мими-мило! Любишь родных. Лапа.",
          "pid": "30"
        }
      ],
      "name": "— Люблю те места. Спокойно, много приятных воспоминаний, и родители там.",
      "pid": "29",
      "position": {
        "x": "2900",
        "y": "700"
      },
      "tags": [
        "t:h"
      ]
    },
    {
      "text": "— Как мими-мило! Любишь родных. Лапа.\n---\n[[— Что такой скованный?]]",
      "links": [
        {
          "name": "— Что такой скованный?",
          "link": "— Что такой скованный?",
          "pid": "31"
        }
      ],
      "name": "— Как мими-мило! Любишь родных. Лапа.",
      "pid": "30",
      "position": {
        "x": "3075",
        "y": "750"
      },
      "tags": [
        "t:p",
        "setReaction:friend-gay-happy"
      ]
    },
    {
      "text": "— Что такой скованный?\n---\n[[— Мне хочется выказать недовольство опозданием, но стесняюсь.]]",
      "links": [
        {
          "name": "— Мне хочется выказать недовольство опозданием, но стесняюсь.",
          "link": "— Мне хочется выказать недовольство опозданием, но стесняюсь.",
          "pid": "32"
        }
      ],
      "name": "— Что такой скованный?",
      "pid": "31",
      "position": {
        "x": "3250",
        "y": "800"
      },
      "tags": [
        "t:p"
      ]
    },
    {
      "text": "— Мне хочется выказать недовольство опозданием, но стесняюсь.\n---\n[[— Выказывай и привыкай. Я вряд ли смогу измениться. Не могу носить мятые вещи и чувствую себя неуютно с немытыми волосами. Нужно время, чтобы выглядеть так хорошо, как я выгляжу.]]",
      "links": [
        {
          "name": "— Выказывай и привыкай. Я вряд ли смогу измениться. Не могу носить мятые вещи и чувствую себя неуютно с немытыми волосами. Нужно время, чтобы выглядеть так хорошо, как я выгляжу.",
          "link": "— Выказывай и привыкай. Я вряд ли смогу измениться. Не могу носить мятые вещи и чувствую себя неуютно с немытыми волосами. Нужно время, чтобы выглядеть так хорошо, как я выгляжу.",
          "pid": "33"
        }
      ],
      "name": "— Мне хочется выказать недовольство опозданием, но стесняюсь.",
      "pid": "32",
      "position": {
        "x": "3425",
        "y": "850"
      },
      "tags": [
        "t:h"
      ]
    },
    {
      "text": "— Выказывай и привыкай. Я вряд ли смогу измениться. Не могу носить мятые вещи и чувствую себя неуютно с немытыми волосами. Нужно время, чтобы выглядеть так хорошо, как я выгляжу.\n---\n[[— Это немного слишком для парня.]]\n[[— Ты молодец, но мы же договорились о встрече заранее.]]",
      "links": [
        {
          "name": "— Это немного слишком для парня.",
          "link": "— Это немного слишком для парня.",
          "pid": "34"
        },
        {
          "name": "— Ты молодец, но мы же договорились о встрече заранее.",
          "link": "— Ты молодец, но мы же договорились о встрече заранее.",
          "pid": "35"
        }
      ],
      "name": "— Выказывай и привыкай. Я вряд ли смогу измениться. Не могу носить мятые вещи и чувствую себя неуютно с немытыми волосами. Нужно время, чтобы выглядеть так хорошо, как я выгляжу.",
      "pid": "33",
      "position": {
        "x": "3600",
        "y": "900"
      },
      "tags": [
        "t:p",
        "setReaction:friend-gay-glamorous"
      ]
    },
    {
      "text": "— Это немного слишком для парня.\n---\n[[— На мой взгляд, все должны следить за собой. Это не женская обязанность. Я и косметикой пользуюсь, когда хочу. Не будь таким узколобым.]]",
      "links": [
        {
          "name": "— На мой взгляд, все должны следить за собой. Это не женская обязанность. Я и косметикой пользуюсь, когда хочу. Не будь таким узколобым.",
          "link": "— На мой взгляд, все должны следить за собой. Это не женская обязанность. Я и косметикой пользуюсь, когда хочу. Не будь таким узколобым.",
          "pid": "36"
        }
      ],
      "name": "— Это немного слишком для парня.",
      "pid": "34",
      "position": {
        "x": "3775",
        "y": "800"
      },
      "tags": [
        "t:h"
      ]
    },
    {
      "text": "— Ты молодец, но мы же договорились о встрече заранее.\n---\n[[— Да ладно тебе!]]",
      "links": [
        {
          "name": "— Да ладно тебе!",
          "link": "— Да ладно тебе!",
          "pid": "51"
        }
      ],
      "name": "— Ты молодец, но мы же договорились о встрече заранее.",
      "pid": "35",
      "position": {
        "x": "3775",
        "y": "1050"
      },
      "tags": [
        "t:h"
      ]
    },
    {
      "text": "— На мой взгляд, все должны следить за собой. Это не женская обязанность. Я и косметикой пользуюсь, когда хочу. Не будь таким узколобым.\n---\n[[— Это не я узколобый, а ты непомерно раскованный. Это ненормально.]]\n[[— Может, ты и прав.]]",
      "links": [
        {
          "name": "— Это не я узколобый, а ты непомерно раскованный. Это ненормально.",
          "link": "— Это не я узколобый, а ты непомерно раскованный. Это ненормально.",
          "pid": "37"
        },
        {
          "name": "— Может, ты и прав.",
          "link": "— Может, ты и прав.",
          "pid": "50"
        }
      ],
      "name": "— На мой взгляд, все должны следить за собой. Это не женская обязанность. Я и косметикой пользуюсь, когда хочу. Не будь таким узколобым.",
      "pid": "36",
      "position": {
        "x": "3950",
        "y": "750"
      },
      "tags": [
        "t:p"
      ]
    },
    {
      "text": "— Это не я узколобый, а ты непомерно раскованный. Это ненормально.\n---\n[[— Продолжим. Какую музыку ты слушаешь?]]",
      "links": [
        {
          "name": "— Продолжим. Какую музыку ты слушаешь?",
          "link": "— Продолжим. Какую музыку ты слушаешь?",
          "pid": "38"
        }
      ],
      "name": "— Это не я узколобый, а ты непомерно раскованный. Это ненормально.",
      "pid": "37",
      "position": {
        "x": "4046",
        "y": "926"
      },
      "tags": [
        "t:h"
      ]
    },
    {
      "text": "— Продолжим. Какую музыку ты слушаешь?\n---\n[[— Современную попсу.]]\n[[— Любую, что понравится.]]\n[[— Предпочитаю рок, хеви-метал.]]\n[[— Ищу что-нибудь интересное и необычное.]]",
      "links": [
        {
          "name": "— Современную попсу.",
          "link": "— Современную попсу.",
          "pid": "39"
        },
        {
          "name": "— Любую, что понравится.",
          "link": "— Любую, что понравится.",
          "pid": "40"
        },
        {
          "name": "— Предпочитаю рок, хеви-метал.",
          "link": "— Предпочитаю рок, хеви-метал.",
          "pid": "41"
        },
        {
          "name": "— Ищу что-нибудь интересное и необычное.",
          "link": "— Ищу что-нибудь интересное и необычное.",
          "pid": "42"
        }
      ],
      "name": "— Продолжим. Какую музыку ты слушаешь?",
      "pid": "38",
      "position": {
        "x": "4296.666666666667",
        "y": "996.6666666666666"
      },
      "tags": [
        "t:p",
        "setReaction:friend-gay-main"
      ]
    },
    {
      "text": "— Современную попсу.\n---\n[[— Как и я. В принципе, слушаю её, ну, и что попадется интересное.]]",
      "links": [
        {
          "name": "— Как и я. В принципе, слушаю её, ну, и что попадется интересное.",
          "link": "— Как и я. В принципе, слушаю её, ну, и что попадется интересное.",
          "pid": "45"
        }
      ],
      "name": "— Современную попсу.",
      "pid": "39",
      "position": {
        "x": "4500",
        "y": "750"
      },
      "tags": [
        "t:h"
      ]
    },
    {
      "text": "— Любую, что понравится.\n---\n[[— Как и я. Но в основном, всё-таки, попсу.]]",
      "links": [
        {
          "name": "— Как и я. Но в основном, всё-таки, попсу.",
          "link": "— Как и я. Но в основном, всё-таки, попсу.",
          "pid": "44"
        }
      ],
      "name": "— Любую, что понравится.",
      "pid": "40",
      "position": {
        "x": "4500",
        "y": "925"
      },
      "tags": [
        "t:h"
      ]
    },
    {
      "text": "— Предпочитаю рок, хеви-метал.\n---\n[[— Вау. Никогда бы не подумал. Совсем не моё.]]",
      "links": [
        {
          "name": "— Вау. Никогда бы не подумал. Совсем не моё.",
          "link": "— Вау. Никогда бы не подумал. Совсем не моё.",
          "pid": "47"
        }
      ],
      "name": "— Предпочитаю рок, хеви-метал.",
      "pid": "41",
      "position": {
        "x": "4500",
        "y": "1100"
      },
      "tags": [
        "t:h"
      ]
    },
    {
      "text": "— Ищу что-нибудь интересное и необычное.\n---\n[[— Вау. Как интересно. Буду рад рекомендациям.]]",
      "links": [
        {
          "name": "— Вау. Как интересно. Буду рад рекомендациям.",
          "link": "— Вау. Как интересно. Буду рад рекомендациям.",
          "pid": "43"
        }
      ],
      "name": "— Ищу что-нибудь интересное и необычное.",
      "pid": "42",
      "position": {
        "x": "4500",
        "y": "1275"
      },
      "tags": [
        "t:h"
      ]
    },
    {
      "text": "— Вау. Как интересно. Буду рад рекомендациям.\n---\n[[— А по кино что?]]",
      "links": [
        {
          "name": "— А по кино что?",
          "link": "— А по кино что?",
          "pid": "46"
        }
      ],
      "name": "— Вау. Как интересно. Буду рад рекомендациям.",
      "pid": "43",
      "position": {
        "x": "4675",
        "y": "1250"
      },
      "tags": [
        "t:p"
      ]
    },
    {
      "text": "— Как и я. Но в основном, всё-таки, попсу.\n---\n[[— А по кино что?]]",
      "links": [
        {
          "name": "— А по кино что?",
          "link": "— А по кино что?",
          "pid": "46"
        }
      ],
      "name": "— Как и я. Но в основном, всё-таки, попсу.",
      "pid": "44",
      "position": {
        "x": "4675",
        "y": "950"
      },
      "tags": [
        "t:p"
      ]
    },
    {
      "text": "— Как и я. В принципе, слушаю её, ну, и что попадется интересное.\n---\n[[— А по кино что?]]",
      "links": [
        {
          "name": "— А по кино что?",
          "link": "— А по кино что?",
          "pid": "46"
        }
      ],
      "name": "— Как и я. В принципе, слушаю её, ну, и что попадется интересное.",
      "pid": "45",
      "position": {
        "x": "4675",
        "y": "800"
      },
      "tags": [
        "t:p"
      ]
    },
    {
      "text": "— А по кино что?\n---\n[[— Люблю анимационные фильмы. Такие мультики, как...]]\n[[— Интересны трагедии и драмы. Психологическое кино...]]\n[[— Люблю боевики, приключения...]]\n[[— Авторское кино, артхаус, что-нибудь необычное...]]\n[[— Фантастика, триллеры, мистика...]]",
      "links": [
        {
          "name": "— Люблю анимационные фильмы. Такие мультики, как...",
          "link": "— Люблю анимационные фильмы. Такие мультики, как...",
          "pid": "54"
        },
        {
          "name": "— Интересны трагедии и драмы. Психологическое кино...",
          "link": "— Интересны трагедии и драмы. Психологическое кино...",
          "pid": "55"
        },
        {
          "name": "— Люблю боевики, приключения...",
          "link": "— Люблю боевики, приключения...",
          "pid": "56"
        },
        {
          "name": "— Авторское кино, артхаус, что-нибудь необычное...",
          "link": "— Авторское кино, артхаус, что-нибудь необычное...",
          "pid": "57"
        },
        {
          "name": "— Фантастика, триллеры, мистика...",
          "link": "— Фантастика, триллеры, мистика...",
          "pid": "58"
        }
      ],
      "name": "— А по кино что?",
      "pid": "46",
      "position": {
        "x": "4850",
        "y": "1050"
      },
      "tags": [
        "t:p"
      ]
    },
    {
      "text": "— Вау. Никогда бы не подумал. Совсем не моё.\n---\n[[— А по кино что?]]",
      "links": [
        {
          "name": "— А по кино что?",
          "link": "— А по кино что?",
          "pid": "46"
        }
      ],
      "name": "— Вау. Никогда бы не подумал. Совсем не моё.",
      "pid": "47",
      "position": {
        "x": "4675",
        "y": "1100"
      },
      "tags": [
        "t:p"
      ]
    },
    {
      "text": "<i>Разговор был очень похож на тот, что бывает на первом свидании. Саша вам понравился. Хотелось провести с ним побольше времени.</i>\n---\n[[— Хочу заказать ещё сырного пирога. Тебе чего-нибудь взять? Может, чай?]]",
      "links": [
        {
          "name": "— Хочу заказать ещё сырного пирога. Тебе чего-нибудь взять? Может, чай?",
          "link": "— Хочу заказать ещё сырного пирога. Тебе чего-нибудь взять? Может, чай?",
          "pid": "53"
        }
      ],
      "name": "Разговор был очень похож на тот, что бывает на первом свидании. Саша вам понравился. Хотелось провести с ним побольше времени.",
      "pid": "48",
      "position": {
        "x": "5225",
        "y": "1050"
      },
      "tags": [
        "t:p"
      ]
    },
    {
      "text": "<i>Диалог окончен. Вы можете вернуться на главный экран.</i>",
      "name": "Диалог окончен. Вы можете вернуться на главный экран.",
      "pid": "49",
      "position": {
        "x": "5750",
        "y": "1050"
      },
      "tags": [
        "t:p",
        "finishBlock"
      ]
    },
    {
      "text": "— Может, ты и прав.\n---\n[[— Продолжим. Какую музыку ты слушаешь?]]",
      "links": [
        {
          "name": "— Продолжим. Какую музыку ты слушаешь?",
          "link": "— Продолжим. Какую музыку ты слушаешь?",
          "pid": "38"
        }
      ],
      "name": "— Может, ты и прав.",
      "pid": "50",
      "position": {
        "x": "4150",
        "y": "700"
      },
      "tags": [
        "t:h"
      ]
    },
    {
      "text": "— Да ладно тебе!\n---\n[[— Продолжим. Какую музыку ты слушаешь?]]",
      "links": [
        {
          "name": "— Продолжим. Какую музыку ты слушаешь?",
          "link": "— Продолжим. Какую музыку ты слушаешь?",
          "pid": "38"
        }
      ],
      "name": "— Да ладно тебе!",
      "pid": "51",
      "position": {
        "x": "3950",
        "y": "1175"
      },
      "tags": [
        "t:p"
      ]
    },
    {
      "text": "— Ага. Чай. Зелёный. Спасибо.\n---\n[[Диалог окончен. Вы можете вернуться на главный экран.]]",
      "links": [
        {
          "name": "Диалог окончен. Вы можете вернуться на главный экран.",
          "link": "Диалог окончен. Вы можете вернуться на главный экран.",
          "pid": "49"
        }
      ],
      "name": "— Ага. Чай. Зелёный. Спасибо.",
      "pid": "52",
      "position": {
        "x": "5575",
        "y": "1050"
      },
      "tags": [
        "t:h",
        "unlockPerson:10"
      ]
    },
    {
      "text": "— Хочу заказать ещё сырного пирога. Тебе чего-нибудь взять? Может, чай?\n---\n[[— Ага. Чай. Зелёный. Спасибо.]]",
      "links": [
        {
          "name": "— Ага. Чай. Зелёный. Спасибо.",
          "link": "— Ага. Чай. Зелёный. Спасибо.",
          "pid": "52"
        }
      ],
      "name": "— Хочу заказать ещё сырного пирога. Тебе чего-нибудь взять? Может, чай?",
      "pid": "53",
      "position": {
        "x": "5400",
        "y": "1050"
      },
      "tags": [
        "t:p"
      ]
    },
    {
      "text": "— Люблю анимационные фильмы. Такие мультики, как...\n---\n[[Разговор был очень похож на тот, что бывает на первом свидании. Саша вам понравился. Хотелось провести с ним побольше времени.]]",
      "links": [
        {
          "name": "Разговор был очень похож на тот, что бывает на первом свидании. Саша вам понравился. Хотелось провести с ним побольше времени.",
          "link": "Разговор был очень похож на тот, что бывает на первом свидании. Саша вам понравился. Хотелось провести с ним побольше времени.",
          "pid": "48"
        }
      ],
      "name": "— Люблю анимационные фильмы. Такие мультики, как...",
      "pid": "54",
      "position": {
        "x": "5050",
        "y": "875"
      },
      "tags": [
        "startVideo:friendship",
        "t:h"
      ]
    },
    {
      "text": "— Интересны трагедии и драмы. Психологическое кино...\n---\n[[Разговор был очень похож на тот, что бывает на первом свидании. Саша вам понравился. Хотелось провести с ним побольше времени.]]",
      "links": [
        {
          "name": "Разговор был очень похож на тот, что бывает на первом свидании. Саша вам понравился. Хотелось провести с ним побольше времени.",
          "link": "Разговор был очень похож на тот, что бывает на первом свидании. Саша вам понравился. Хотелось провести с ним побольше времени.",
          "pid": "48"
        }
      ],
      "name": "— Интересны трагедии и драмы. Психологическое кино...",
      "pid": "55",
      "position": {
        "x": "5050",
        "y": "700"
      },
      "tags": [
        "startVideo:friendship",
        "t:h"
      ]
    },
    {
      "text": "— Люблю боевики, приключения...\n---\n[[Разговор был очень похож на тот, что бывает на первом свидании. Саша вам понравился. Хотелось провести с ним побольше времени.]]",
      "links": [
        {
          "name": "Разговор был очень похож на тот, что бывает на первом свидании. Саша вам понравился. Хотелось провести с ним побольше времени.",
          "link": "Разговор был очень похож на тот, что бывает на первом свидании. Саша вам понравился. Хотелось провести с ним побольше времени.",
          "pid": "48"
        }
      ],
      "name": "— Люблю боевики, приключения...",
      "pid": "56",
      "position": {
        "x": "5050",
        "y": "1050"
      },
      "tags": [
        "startVideo:friendship",
        "t:h"
      ]
    },
    {
      "text": "— Авторское кино, артхаус, что-нибудь необычное...\n---\n[[Разговор был очень похож на тот, что бывает на первом свидании. Саша вам понравился. Хотелось провести с ним побольше времени.]]",
      "links": [
        {
          "name": "Разговор был очень похож на тот, что бывает на первом свидании. Саша вам понравился. Хотелось провести с ним побольше времени.",
          "link": "Разговор был очень похож на тот, что бывает на первом свидании. Саша вам понравился. Хотелось провести с ним побольше времени.",
          "pid": "48"
        }
      ],
      "name": "— Авторское кино, артхаус, что-нибудь необычное...",
      "pid": "57",
      "position": {
        "x": "5050",
        "y": "1225"
      },
      "tags": [
        "startVideo:friendship",
        "t:h"
      ]
    },
    {
      "text": "— Фантастика, триллеры, мистика...\n---\n[[Разговор был очень похож на тот, что бывает на первом свидании. Саша вам понравился. Хотелось провести с ним побольше времени.]]",
      "links": [
        {
          "name": "Разговор был очень похож на тот, что бывает на первом свидании. Саша вам понравился. Хотелось провести с ним побольше времени.",
          "link": "Разговор был очень похож на тот, что бывает на первом свидании. Саша вам понравился. Хотелось провести с ним побольше времени.",
          "pid": "48"
        }
      ],
      "name": "— Фантастика, триллеры, мистика...",
      "pid": "58",
      "position": {
        "x": "5050",
        "y": "1400"
      },
      "tags": [
        "startVideo:friendship",
        "t:h"
      ]
    },
    {
      "text": "l.jpg\n---\n[[— Давай знакомиться ещё раз! Как тебя зовут, напомни?]]",
      "links": [
        {
          "name": "— Давай знакомиться ещё раз! Как тебя зовут, напомни?",
          "link": "— Давай знакомиться ещё раз! Как тебя зовут, напомни?",
          "pid": "4"
        }
      ],
      "name": "Картинка поклон",
      "pid": "59",
      "position": {
        "x": "576",
        "y": "810"
      },
      "tags": [
        "t:imgp"
      ]
    },
    {
      "text": "<i>В качестве доказательства он продемонстрировал фото с репетиции.</i>\n---\n[[Картинка поклон]]",
      "links": [
        {
          "name": "Картинка поклон",
          "link": "Картинка поклон",
          "pid": "59"
        }
      ],
      "name": "В качестве доказательства он продемонстрировал фото с репетиции.",
      "pid": "60",
      "position": {
        "x": "440",
        "y": "642"
      },
      "tags": [
        "t:p"
      ]
    }
  ],
  "name": "Друг-гей 2 Short",
  "startnode": "1",
  "creator": "Twine",
  "creator-version": "2.3.14",
  "ifid": "F4C3445F-290B-44E2-A4D3-EEA837ED07F7"
}