{
  "passages": [
    {
      "text": "<i>Никита дал вам пригласительный на вечеринку на двоих совсем незадолго до события. Вы смогли придумать только одного человека, с кем хотели бы сходить. С момента встречи в кафе вы с ним переписывались каждый день. Вы кинули Саше фотку приглашения. Он в ответ прислал задумчивый смайлик, а через десять минут после позвонил.</i>\n---\n[[— Это свидание?]]",
      "links": [
        {
          "name": "— Это свидание?",
          "link": "— Это свидание?",
          "pid": "2"
        }
      ],
      "name": "Друг-гей 3",
      "pid": "1",
      "position": {
        "x": "646",
        "y": "29"
      },
      "tags": [
        "t:sh"
      ]
    },
    {
      "text": "— Это свидание?:)\n---\n[[— Да.]]\n[[— Возможно.]]\n[[— Нет. Дружеский поход.]]",
      "links": [
        {
          "name": "— Да.",
          "link": "— Да.",
          "pid": "3"
        },
        {
          "name": "— Возможно.",
          "link": "— Возможно.",
          "pid": "4"
        },
        {
          "name": "— Нет. Дружеский поход.",
          "link": "— Нет. Дружеский поход.",
          "pid": "5"
        }
      ],
      "name": "— Это свидание?",
      "pid": "2",
      "position": {
        "x": "650",
        "y": "200"
      },
      "tags": [
        "t:p"
      ]
    },
    {
      "text": "— Да.\n---\n[[— Спасибо за предупреждение. Возьму противозачаточные тогда на всякий. А то залечу - мама убьёт. Сначала сильно удивится, а потом придушит.]]",
      "links": [
        {
          "name": "— Спасибо за предупреждение. Возьму противозачаточные тогда на всякий. А то залечу - мама убьёт. Сначала сильно удивится, а потом придушит.",
          "link": "— Спасибо за предупреждение. Возьму противозачаточные тогда на всякий. А то залечу - мама убьёт. Сначала сильно удивится, а потом придушит.",
          "pid": "6"
        }
      ],
      "name": "— Да.",
      "pid": "3",
      "position": {
        "x": "475",
        "y": "375"
      },
      "tags": [
        "t:h"
      ]
    },
    {
      "text": "— Возможно.\n---\n[[— Возможное свидание? Свидание Шрёдингера? Презервативы взять, но оставить на столике в коридоре?]]",
      "links": [
        {
          "name": "— Возможное свидание? Свидание Шрёдингера? Презервативы взять, но оставить на столике в коридоре?",
          "link": "— Возможное свидание? Свидание Шрёдингера? Презервативы взять, но оставить на столике в коридоре?",
          "pid": "7"
        }
      ],
      "name": "— Возможно.",
      "pid": "4",
      "position": {
        "x": "650",
        "y": "375"
      },
      "tags": [
        "t:h"
      ]
    },
    {
      "text": "— Нет. Дружеский поход.\n---\n[[— Окей. Хочу. Давно не танцевал в клубе. Минимум месяц.]]",
      "links": [
        {
          "name": "— Окей. Хочу. Давно не танцевал в клубе. Минимум месяц.",
          "link": "— Окей. Хочу. Давно не танцевал в клубе. Минимум месяц.",
          "pid": "8"
        }
      ],
      "name": "— Нет. Дружеский поход.",
      "pid": "5",
      "position": {
        "x": "825",
        "y": "375"
      },
      "tags": [
        "t:h"
      ]
    },
    {
      "text": "— Спасибо за предупреждение. Возьму противозачаточные тогда на всякий. А то залечу — мама убьёт. Сначала сильно удивится, а потом придушит.\n---\n[[— Шучу. С мамой у нас норм. И живём отдельно. Короче, шучу.]]",
      "links": [
        {
          "name": "— Шучу. С мамой у нас норм. И живём отдельно. Короче, шучу.",
          "link": "— Шучу. С мамой у нас норм. И живём отдельно. Короче, шучу.",
          "pid": "9"
        }
      ],
      "name": "— Спасибо за предупреждение. Возьму противозачаточные тогда на всякий. А то залечу - мама убьёт. Сначала сильно удивится, а потом придушит.",
      "pid": "6",
      "position": {
        "x": "475",
        "y": "550"
      },
      "tags": [
        "t:p"
      ]
    },
    {
      "text": "— Возможное свидание? Свидание Шрёдингера? Презервативы взять, но оставить на столике в коридоре?\n---\n[[— Шучу! Презервативы у меня всегда с собой. Не для тебя, не подумай. Привычка. Мама научила. Боялась, что я залечу.]]",
      "links": [
        {
          "name": "— Шучу! Презервативы у меня всегда с собой. Не для тебя, не подумай. Привычка. Мама научила. Боялась, что я залечу.",
          "link": "— Шучу! Презервативы у меня всегда с собой. Не для тебя, не подумай. Привычка. Мама научила. Боялась, что я залечу.",
          "pid": "21"
        }
      ],
      "name": "— Возможное свидание? Свидание Шрёдингера? Презервативы взять, но оставить на столике в коридоре?",
      "pid": "7",
      "position": {
        "x": "650",
        "y": "550"
      },
      "tags": [
        "t:p"
      ]
    },
    {
      "text": "— Окей. Хочу. Давно не танцевал в клубе. Минимум месяц.\n---\n[[— Спасибо за приглашение! Буду рад с тобой потанцевать.]]",
      "links": [
        {
          "name": "— Спасибо за приглашение! Буду рад с тобой потанцевать.",
          "link": "— Спасибо за приглашение! Буду рад с тобой потанцевать.",
          "pid": "10"
        }
      ],
      "name": "— Окей. Хочу. Давно не танцевал в клубе. Минимум месяц.",
      "pid": "8",
      "position": {
        "x": "825",
        "y": "725"
      },
      "tags": [
        "t:p"
      ]
    },
    {
      "text": "— Шучу. С мамой у нас норм. И живём отдельно. Короче, шучу.\n---\n[[— Спасибо за приглашение! Буду рад с тобой потанцевать.]]",
      "links": [
        {
          "name": "— Спасибо за приглашение! Буду рад с тобой потанцевать.",
          "link": "— Спасибо за приглашение! Буду рад с тобой потанцевать.",
          "pid": "10"
        }
      ],
      "name": "— Шучу. С мамой у нас норм. И живём отдельно. Короче, шучу.",
      "pid": "9",
      "position": {
        "x": "475",
        "y": "725"
      },
      "tags": [
        "t:p",
        "setReaction:friend-gay-playful"
      ]
    },
    {
      "text": "— Спасибо за приглашение! Буду рад с тобой потанцевать.\n---\n[[— Взаимно.]]",
      "links": [
        {
          "name": "— Взаимно.",
          "link": "— Взаимно.",
          "pid": "11"
        }
      ],
      "name": "— Спасибо за приглашение! Буду рад с тобой потанцевать.",
      "pid": "10",
      "position": {
        "x": "650",
        "y": "900"
      },
      "tags": [
        "t:p"
      ]
    },
    {
      "text": "— Взаимно.\n---\n[[— Бай. Обнимаю. Оденься на вечеринку!]]",
      "links": [
        {
          "name": "— Бай. Обнимаю. Оденься на вечеринку!",
          "link": "— Бай. Обнимаю. Оденься на вечеринку!",
          "pid": "12"
        }
      ],
      "name": "— Взаимно.",
      "pid": "11",
      "position": {
        "x": "650",
        "y": "1075"
      },
      "tags": [
        "t:h",
        "setReaction:friend-gay-main"
      ]
    },
    {
      "text": "— Бай. Обнимаю. Оденься на вечеринку!\n---\n[[— Ты хотел сказать «оденься на вечеринку поприличнее»?]]\n[[— Естественно. Не в трусах же идти.]]\n[[— Не понял.]]",
      "links": [
        {
          "name": "— Ты хотел сказать «оденься на вечеринку поприличнее»?",
          "link": "— Ты хотел сказать «оденься на вечеринку поприличнее»?",
          "pid": "13"
        },
        {
          "name": "— Естественно. Не в трусах же идти.",
          "link": "— Естественно. Не в трусах же идти.",
          "pid": "14"
        },
        {
          "name": "— Не понял.",
          "link": "— Не понял.",
          "pid": "15"
        }
      ],
      "name": "— Бай. Обнимаю. Оденься на вечеринку!",
      "pid": "12",
      "position": {
        "x": "650",
        "y": "1250"
      },
      "tags": [
        "t:p",
        "setReaction:friend-gay-happy"
      ]
    },
    {
      "text": "— Ты хотел сказать «оденься на вечеринку поприличнее»?\n---\n[[— Лучше неприлично. Люди оценят.]]",
      "links": [
        {
          "name": "— Лучше неприлично. Люди оценят.",
          "link": "— Лучше неприлично. Люди оценят.",
          "pid": "16"
        }
      ],
      "name": "— Ты хотел сказать «оденься на вечеринку поприличнее»?",
      "pid": "13",
      "position": {
        "x": "450",
        "y": "1425"
      },
      "tags": [
        "t:h",
        "showThing:gloss",
        "set:friend-gay-item:1"
      ]
    },
    {
      "text": "— Естественно. Не в трусах же идти.\n---\n[[— Да-да. Конечно.]]",
      "links": [
        {
          "name": "— Да-да. Конечно.",
          "link": "— Да-да. Конечно.",
          "pid": "17"
        }
      ],
      "name": "— Естественно. Не в трусах же идти.",
      "pid": "14",
      "position": {
        "x": "650",
        "y": "1425"
      },
      "tags": [
        "t:h",
        "showThing:gloss",
        "set:friend-gay-item:1"
      ]
    },
    {
      "text": "— Не понял.\n---\n[[— Я про более парадный вид говорю.]]",
      "links": [
        {
          "name": "— Я про более парадный вид говорю.",
          "link": "— Я про более парадный вид говорю.",
          "pid": "18"
        }
      ],
      "name": "— Не понял.",
      "pid": "15",
      "position": {
        "x": "825",
        "y": "1425"
      },
      "tags": [
        "t:h",
        "showThing:gloss",
        "set:friend-gay-item:1"
      ]
    },
    {
      "text": "— Лучше неприлично. Люди оценят.\n---\n[[— До скорой встречи!]]",
      "links": [
        {
          "name": "— До скорой встречи!",
          "link": "— До скорой встречи!",
          "pid": "19"
        }
      ],
      "name": "— Лучше неприлично. Люди оценят.",
      "pid": "16",
      "position": {
        "x": "450",
        "y": "1600"
      },
      "tags": [
        "t:p"
      ]
    },
    {
      "text": "— Да-да. Конечно.\n---\n[[— До скорой встречи!]]",
      "links": [
        {
          "name": "— До скорой встречи!",
          "link": "— До скорой встречи!",
          "pid": "19"
        }
      ],
      "name": "— Да-да. Конечно.",
      "pid": "17",
      "position": {
        "x": "650",
        "y": "1600"
      },
      "tags": [
        "t:p"
      ]
    },
    {
      "text": "— Я про более парадный вид говорю.\n---\n[[— До скорой встречи!]]",
      "links": [
        {
          "name": "— До скорой встречи!",
          "link": "— До скорой встречи!",
          "pid": "19"
        }
      ],
      "name": "— Я про более парадный вид говорю.",
      "pid": "18",
      "position": {
        "x": "825",
        "y": "1600"
      },
      "tags": [
        "t:p"
      ]
    },
    {
      "text": "— До скорой встречи!\n---\n[[Диалог окончен. Вы можете вернуться на главный экран.]]",
      "links": [
        {
          "name": "Диалог окончен. Вы можете вернуться на главный экран.",
          "link": "Диалог окончен. Вы можете вернуться на главный экран.",
          "pid": "20"
        }
      ],
      "name": "— До скорой встречи!",
      "pid": "19",
      "position": {
        "x": "650",
        "y": "1800"
      },
      "tags": [
        "t:h",
        "unlockDialog:12",
        "setReaction:friend-gay-main"
      ]
    },
    {
      "text": "<i>Диалог окончен. Вы можете вернуться на главный экран.</i>",
      "name": "Диалог окончен. Вы можете вернуться на главный экран.",
      "pid": "20",
      "position": {
        "x": "650",
        "y": "1975"
      },
      "tags": [
        "t:p",
        "startVideo:club",
        "finishBlock"
      ]
    },
    {
      "text": "— Шучу! Презервативы у меня всегда с собой. Не для тебя, не подумай. Привычка. Мама научила. Боялась, что я залечу.\n---\n[[— Спасибо за приглашение! Буду рад с тобой потанцевать.]]",
      "links": [
        {
          "name": "— Спасибо за приглашение! Буду рад с тобой потанцевать.",
          "link": "— Спасибо за приглашение! Буду рад с тобой потанцевать.",
          "pid": "10"
        }
      ],
      "name": "— Шучу! Презервативы у меня всегда с собой. Не для тебя, не подумай. Привычка. Мама научила. Боялась, что я залечу.",
      "pid": "21",
      "position": {
        "x": "650",
        "y": "725"
      },
      "tags": [
        "t:p",
        "setReaction:friend-gay-playful"
      ]
    }
  ],
  "name": "Друг-гей 3",
  "startnode": "1",
  "creator": "Twine",
  "creator-version": "2.3.14",
  "ifid": "F2997B5F-7C75-4463-AD77-91BBA92089F9"
}