{
  "passages": [
    {
      "text": "<i>Слишком много событий в этом году. И главное из них являлось вам во снах. В последнем из них голубоглазый статный юноша медленно танцевал в центре пустого зала. В зале было жарко, белая рубашка на парне от пота стала прозрачной и плотно облегала фигуру. Вы не могли оторвать от него взгляда.</i>\n---\n[[Юношу из снов освободили на следующий день после задержания в клубе.]]",
      "links": [
        {
          "name": "Юношу из снов освободили на следующий день после задержания в клубе.",
          "link": "Юношу из снов освободили на следующий день после задержания в клубе.",
          "pid": "2"
        }
      ],
      "name": "Друг-гей 3",
      "pid": "1",
      "position": {
        "x": "100",
        "y": "550"
      },
      "tags": [
        "t:sp"
      ]
    },
    {
      "text": "<i>Юношу из снов освободили на следующий день после задержания в клубе.</i>\n---\n[[Вы позвали Александра «просто поболтать в кафе», но на самом деле готовились к свиданию. Он был вам до боли в руках симпатичен и вы решили не держать чувства в себе.]]",
      "links": [
        {
          "name": "Вы позвали Александра «просто поболтать в кафе», но на самом деле готовились к свиданию. Он был вам до боли в руках симпатичен и вы решили не держать чувства в себе.",
          "link": "Вы позвали Александра «просто поболтать в кафе», но на самом деле готовились к свиданию. Он был вам до боли в руках симпатичен и вы решили не держать чувства в себе.",
          "pid": "3"
        }
      ],
      "name": "Юношу из снов освободили на следующий день после задержания в клубе.",
      "pid": "2",
      "position": {
        "x": "275",
        "y": "550"
      },
      "tags": [
        "t:p"
      ]
    },
    {
      "text": "<i>Вы позвали Александра «просто поболтать в кафе», но на самом деле готовились к свиданию. Он был вам до боли в руках симпатичен и вы решили не держать чувства в себе.</i>\n---\n[[Пришли вы вовремя, а вот Саша...]]\n",
      "links": [
        {
          "name": "Пришли вы вовремя, а вот Саша...",
          "link": "Пришли вы вовремя, а вот Саша...",
          "pid": "4"
        }
      ],
      "name": "Вы позвали Александра «просто поболтать в кафе», но на самом деле готовились к свиданию. Он был вам до боли в руках симпатичен и вы решили не держать чувства в себе.",
      "pid": "3",
      "position": {
        "x": "450",
        "y": "550"
      },
      "tags": [
        "t:p"
      ]
    },
    {
      "text": "<i>Пришли вы вовремя, а вот Саша...</i>\n---\n[[— Ты, как всегда, опаздываешь! Рад тебя видеть, наконец.]]",
      "links": [
        {
          "name": "— Ты, как всегда, опаздываешь! Рад тебя видеть, наконец.",
          "link": "— Ты, как всегда, опаздываешь! Рад тебя видеть, наконец.",
          "pid": "5"
        }
      ],
      "name": "Пришли вы вовремя, а вот Саша...",
      "pid": "4",
      "position": {
        "x": "633",
        "y": "558"
      },
      "tags": [
        "t:p"
      ]
    },
    {
      "text": "— Ты, как всегда, опаздываешь! Рад тебя видеть, наконец.\n---\n[[— Не возмущайся. Моя красота требует жертв! C твоей стороны. Бесишься словно час прошёл.]]",
      "links": [
        {
          "name": "— Не возмущайся. Моя красота требует жертв! C твоей стороны. Бесишься словно час прошёл.",
          "link": "— Не возмущайся. Моя красота требует жертв! C твоей стороны. Бесишься словно час прошёл.",
          "pid": "6"
        }
      ],
      "name": "— Ты, как всегда, опаздываешь! Рад тебя видеть, наконец.",
      "pid": "5",
      "position": {
        "x": "804",
        "y": "550"
      },
      "tags": [
        "t:h"
      ]
    },
    {
      "text": "— Не возмущайся. Моя красота требует жертв! C твоей стороны. Бесишься словно час прошёл.\n---\n[[— 48 минут, если быть точным.]]",
      "links": [
        {
          "name": "— 48 минут, если быть точным.",
          "link": "— 48 минут, если быть точным.",
          "pid": "7"
        }
      ],
      "name": "— Не возмущайся. Моя красота требует жертв! C твоей стороны. Бесишься словно час прошёл.",
      "pid": "6",
      "position": {
        "x": "975",
        "y": "550"
      },
      "tags": [
        "t:p",
        "setReaction:friend-gay-glamorous"
      ]
    },
    {
      "text": "— 48 минут, если быть точным.\n---\n[[— Зануда!]]",
      "links": [
        {
          "name": "— Зануда!",
          "link": "— Зануда!",
          "pid": "8"
        }
      ],
      "name": "— 48 минут, если быть точным.",
      "pid": "7",
      "position": {
        "x": "1150",
        "y": "550"
      },
      "tags": [
        "t:h"
      ]
    },
    {
      "text": "— Зануда!\n---\n[[— Расскажи, что с тобой было в участке?]]\n",
      "links": [
        {
          "name": "— Расскажи, что с тобой было в участке?",
          "link": "— Расскажи, что с тобой было в участке?",
          "pid": "9"
        }
      ],
      "name": "— Зануда!",
      "pid": "8",
      "position": {
        "x": "1325",
        "y": "550"
      },
      "tags": [
        "t:p"
      ]
    },
    {
      "text": "— Расскажи, что с тобой было в участке?\n---\n[[— Держали до выяснения личности, пока сестра не привезла документы из моей съёмной квартиры. Спрашивали, кто я в сексе. Нравятся ли мне их большие дубинки. Жалели, что сами из органов, а то бы избили. Сколько у меня было партнёров пытались узнать... Ладно. Не хочу об этом.]]",
      "links": [
        {
          "name": "— Держали до выяснения личности, пока сестра не привезла документы из моей съёмной квартиры. Спрашивали, кто я в сексе. Нравятся ли мне их большие дубинки. Жалели, что сами из органов, а то бы избили. Сколько у меня было партнёров пытались узнать... Ладно. Не хочу об этом.",
          "link": "— Держали до выяснения личности, пока сестра не привезла документы из моей съёмной квартиры. Спрашивали, кто я в сексе. Нравятся ли мне их большие дубинки. Жалели, что сами из органов, а то бы избили. Сколько у меня было партнёров пытались узнать... Ладно. Не хочу об этом.",
          "pid": "10"
        }
      ],
      "name": "— Расскажи, что с тобой было в участке?",
      "pid": "9",
      "position": {
        "x": "1500",
        "y": "550"
      },
      "tags": [
        "t:h"
      ]
    },
    {
      "text": "— Держали до выяснения личности, пока сестра не привезла документы из моей съёмной квартиры. Спрашивали, кто я в сексе. Нравятся ли мне их большие дубинки. Жалели, что сами из органов, а то бы избили. Сколько у меня было партнёров пытались узнать... Ладно. Не хочу об этом.\n---\n[[— Извини, я чувствую себя виноватым, что тебя потащил в клуб.]]\n[[— Жёстко.]]",
      "links": [
        {
          "name": "— Извини, я чувствую себя виноватым, что тебя потащил в клуб.",
          "link": "— Извини, я чувствую себя виноватым, что тебя потащил в клуб.",
          "pid": "11"
        },
        {
          "name": "— Жёстко.",
          "link": "— Жёстко.",
          "pid": "12"
        }
      ],
      "name": "— Держали до выяснения личности, пока сестра не привезла документы из моей съёмной квартиры. Спрашивали, кто я в сексе. Нравятся ли мне их большие дубинки. Жалели, что сами из органов, а то бы избили. Сколько у меня было партнёров пытались узнать... Ладно. Не хочу об этом.",
      "pid": "10",
      "position": {
        "x": "1679",
        "y": "550"
      },
      "tags": [
        "t:p",
        "setReaction:friend-gay-main"
      ]
    },
    {
      "text": "— Извини, я чувствую себя виноватым, что тебя потащил в клуб.\n---\n[[— Глупый! Ты не мог предсказать будущее. Я взрослый мальчик и не перекладываю ответственность на невиновных. Это сделали работники участка и точка.]]",
      "links": [
        {
          "name": "— Глупый! Ты не мог предсказать будущее. Я взрослый мальчик и не перекладываю ответственность на невиновных. Это сделали работники участка и точка.",
          "link": "— Глупый! Ты не мог предсказать будущее. Я взрослый мальчик и не перекладываю ответственность на невиновных. Это сделали работники участка и точка.",
          "pid": "13"
        }
      ],
      "name": "— Извини, я чувствую себя виноватым, что тебя потащил в клуб.",
      "pid": "11",
      "position": {
        "x": "1850",
        "y": "450"
      },
      "tags": [
        "t:h"
      ]
    },
    {
      "text": "— Жёстко.\n---\n[[— Да, неприятно. Но я был готов. Слышал об облавах. Конечно, невесело, что я рассчитываю попасть на маски-шоу при походе в квир-клуб.]]",
      "links": [
        {
          "name": "— Да, неприятно. Но я был готов. Слышал об облавах. Конечно, невесело, что я рассчитываю попасть на маски-шоу при походе в квир-клуб.",
          "link": "— Да, неприятно. Но я был готов. Слышал об облавах. Конечно, невесело, что я рассчитываю попасть на маски-шоу при походе в квир-клуб.",
          "pid": "14"
        }
      ],
      "name": "— Жёстко.",
      "pid": "12",
      "position": {
        "x": "1850",
        "y": "650"
      },
      "tags": [
        "t:h"
      ]
    },
    {
      "text": "— Глупый! Ты не мог предсказать будущее. Я взрослый мальчик и не перекладываю ответственность на невиновных. Это сделали работники участка и точка.\n---\n[[— У тебя новая рубашка. И глаженая! Какой повод?]]",
      "links": [
        {
          "name": "— У тебя новая рубашка. И глаженая! Какой повод?",
          "link": "— У тебя новая рубашка. И глаженая! Какой повод?",
          "pid": "15"
        }
      ],
      "name": "— Глупый! Ты не мог предсказать будущее. Я взрослый мальчик и не перекладываю ответственность на невиновных. Это сделали работники участка и точка.",
      "pid": "13",
      "position": {
        "x": "2025",
        "y": "450"
      },
      "tags": [
        "t:p"
      ]
    },
    {
      "text": "— Да, неприятно. Но я был готов. Слышал об облавах. Конечно, невесело, что я рассчитываю попасть на маски-шоу при походе в квир-клуб.\n---\n[[— У тебя новая рубашка. И глаженая! Какой повод?]]",
      "links": [
        {
          "name": "— У тебя новая рубашка. И глаженая! Какой повод?",
          "link": "— У тебя новая рубашка. И глаженая! Какой повод?",
          "pid": "15"
        }
      ],
      "name": "— Да, неприятно. Но я был готов. Слышал об облавах. Конечно, невесело, что я рассчитываю попасть на маски-шоу при походе в квир-клуб.",
      "pid": "14",
      "position": {
        "x": "2025",
        "y": "650"
      },
      "tags": [
        "t:p"
      ]
    },
    {
      "text": "— У тебя новая рубашка. И глаженая! Какой повод?\n---\n[[— Без повода.]]\n[[— Ко встрече с тобой готовился.]]",
      "links": [
        {
          "name": "— Без повода.",
          "link": "— Без повода.",
          "pid": "16"
        },
        {
          "name": "— Ко встрече с тобой готовился.",
          "link": "— Ко встрече с тобой готовился.",
          "pid": "18"
        }
      ],
      "name": "— У тебя новая рубашка. И глаженая! Какой повод?",
      "pid": "15",
      "position": {
        "x": "2175",
        "y": "550"
      },
      "tags": [
        "t:p"
      ]
    },
    {
      "text": "— Без повода.\n---\n[[— Окей.]]",
      "links": [
        {
          "name": "— Окей.",
          "link": "— Окей.",
          "pid": "17"
        }
      ],
      "name": "— Без повода.",
      "pid": "16",
      "position": {
        "x": "2350",
        "y": "450"
      },
      "tags": [
        "t:h"
      ]
    },
    {
      "text": "— Окей.\n---\n[[— Я хочу поговорить.]]",
      "links": [
        {
          "name": "— Я хочу поговорить.",
          "link": "— Я хочу поговорить.",
          "pid": "20"
        }
      ],
      "name": "— Окей.",
      "pid": "17",
      "position": {
        "x": "2525",
        "y": "450"
      },
      "tags": [
        "t:p",
        "setReaction:friend-gay-happy"
      ]
    },
    {
      "text": "— Ко встрече с тобой готовился.\n---\n[[— Мило.]]",
      "links": [
        {
          "name": "— Мило.",
          "link": "— Мило.",
          "pid": "19"
        }
      ],
      "name": "— Ко встрече с тобой готовился.",
      "pid": "18",
      "position": {
        "x": "2350",
        "y": "650"
      },
      "tags": [
        "t:h"
      ]
    },
    {
      "text": "— Мило.\n---\n[[— Я хочу поговорить.]]",
      "links": [
        {
          "name": "— Я хочу поговорить.",
          "link": "— Я хочу поговорить.",
          "pid": "20"
        }
      ],
      "name": "— Мило.",
      "pid": "19",
      "position": {
        "x": "2525",
        "y": "650"
      },
      "tags": [
        "t:p",
        "setReaction:friend-gay-happy"
      ]
    },
    {
      "text": "— Я хочу поговорить.\n---\n[[— О чём?]]",
      "links": [
        {
          "name": "— О чём?",
          "link": "— О чём?",
          "pid": "21"
        }
      ],
      "name": "— Я хочу поговорить.",
      "pid": "20",
      "position": {
        "x": "2680",
        "y": "538"
      },
      "tags": [
        "t:h"
      ]
    },
    {
      "text": "— О чём?\n---\n[[— Ты мне нравишься.]]\n[[— Я тебя люблю.]]",
      "links": [
        {
          "name": "— Ты мне нравишься.",
          "link": "— Ты мне нравишься.",
          "pid": "22"
        },
        {
          "name": "— Я тебя люблю.",
          "link": "— Я тебя люблю.",
          "pid": "24"
        }
      ],
      "name": "— О чём?",
      "pid": "21",
      "position": {
        "x": "2875",
        "y": "550"
      },
      "tags": [
        "t:p",
        "setReaction:friend-gay-main"
      ]
    },
    {
      "text": "— Ты мне нравишься.\n---\n[[— Спасибо. Ты мне тоже.]]",
      "links": [
        {
          "name": "— Спасибо. Ты мне тоже.",
          "link": "— Спасибо. Ты мне тоже.",
          "pid": "23"
        }
      ],
      "name": "— Ты мне нравишься.",
      "pid": "22",
      "position": {
        "x": "3050",
        "y": "450"
      },
      "tags": [
        "t:h"
      ]
    },
    {
      "text": "— Спасибо. Ты мне тоже.\n---\n[[— Я бы хотел с тобой встречаться.]]",
      "links": [
        {
          "name": "— Я бы хотел с тобой встречаться.",
          "link": "— Я бы хотел с тобой встречаться.",
          "pid": "28"
        }
      ],
      "name": "— Спасибо. Ты мне тоже.",
      "pid": "23",
      "position": {
        "x": "3225",
        "y": "450"
      },
      "tags": [
        "t:p"
      ]
    },
    {
      "text": "— Я тебя люблю.\n---\n[[— Воу-воу. Помедленнее. Не гони. Мы с тобой два месяца знакомы.]]",
      "links": [
        {
          "name": "— Воу-воу. Помедленнее. Не гони. Мы с тобой два месяца знакомы.",
          "link": "— Воу-воу. Помедленнее. Не гони. Мы с тобой два месяца знакомы.",
          "pid": "25"
        }
      ],
      "name": "— Я тебя люблю.",
      "pid": "24",
      "position": {
        "x": "3050",
        "y": "650"
      },
      "tags": [
        "t:h"
      ]
    },
    {
      "text": "— Воу-воу. Помедленнее. Не гони. Мы с тобой два месяца знакомы.\n---\n[[— Это очень долго!]]",
      "links": [
        {
          "name": "— Это очень долго!",
          "link": "— Это очень долго!",
          "pid": "26"
        }
      ],
      "name": "— Воу-воу. Помедленнее. Не гони. Мы с тобой два месяца знакомы.",
      "pid": "25",
      "position": {
        "x": "3225",
        "y": "650"
      },
      "tags": [
        "t:p"
      ]
    },
    {
      "text": "— Это очень долго!\n---\n[[— Серьёзно? Это долго, если ты кошкой родился, а не человеческим детёнышем.]]",
      "links": [
        {
          "name": "— Серьёзно? Это долго, если ты кошкой родился, а не человеческим детёнышем.",
          "link": "— Серьёзно? Это долго, если ты кошкой родился, а не человеческим детёнышем.",
          "pid": "27"
        }
      ],
      "name": "— Это очень долго!",
      "pid": "26",
      "position": {
        "x": "3396",
        "y": "650"
      },
      "tags": [
        "t:h"
      ]
    },
    {
      "text": "— Серьёзно? Это долго, если ты кошкой родился, а не человеческим детёнышем.\n---\n[[— Я бы хотел с тобой встречаться.]]",
      "links": [
        {
          "name": "— Я бы хотел с тобой встречаться.",
          "link": "— Я бы хотел с тобой встречаться.",
          "pid": "28"
        }
      ],
      "name": "— Серьёзно? Это долго, если ты кошкой родился, а не человеческим детёнышем.",
      "pid": "27",
      "position": {
        "x": "3575",
        "y": "650"
      },
      "tags": [
        "t:p"
      ]
    },
    {
      "text": "— Я бы хотел с тобой встречаться.\n---\n[[— Сколько тебе лет, напомни?]]",
      "links": [
        {
          "name": "— Сколько тебе лет, напомни?",
          "link": "— Сколько тебе лет, напомни?",
          "pid": "29"
        }
      ],
      "name": "— Я бы хотел с тобой встречаться.",
      "pid": "28",
      "position": {
        "x": "3750",
        "y": "550"
      },
      "tags": [
        "t:h"
      ]
    },
    {
      "text": "— Сколько тебе лет, напомни?\n---\n[[— 19.]]\n[[— Какое это имеет значение?]]",
      "links": [
        {
          "name": "— 19.",
          "link": "— 19.",
          "pid": "30"
        },
        {
          "name": "— Какое это имеет значение?",
          "link": "— Какое это имеет значение?",
          "pid": "42"
        }
      ],
      "name": "— Сколько тебе лет, напомни?",
      "pid": "29",
      "position": {
        "x": "3925",
        "y": "550"
      },
      "tags": [
        "t:p"
      ]
    },
    {
      "text": "— 19.\n---\n[[— Мне 22. У меня уже были отношения и секса без обязательств порядочно. А ты уверен, что оно тебе нужно сейчас?]]",
      "links": [
        {
          "name": "— Мне 22. У меня уже были отношения и секса без обязательств порядочно. А ты уверен, что оно тебе нужно сейчас?",
          "link": "— Мне 22. У меня уже были отношения и секса без обязательств порядочно. А ты уверен, что оно тебе нужно сейчас?",
          "pid": "31"
        }
      ],
      "name": "— 19.",
      "pid": "30",
      "position": {
        "x": "4100",
        "y": "550"
      },
      "tags": [
        "t:h"
      ]
    },
    {
      "text": "— Мне 22. У меня уже были отношения и секса без обязательств порядочно. А ты уверен, что оно тебе нужно сейчас?\n---\n[[— Уверен.]]\n[[— Уверен? Ну, наверное, да.]]",
      "links": [
        {
          "name": "— Уверен.",
          "link": "— Уверен.",
          "pid": "32"
        },
        {
          "name": "— Уверен? Ну, наверное, да.",
          "link": "— Уверен? Ну, наверное, да.",
          "pid": "33"
        }
      ],
      "name": "— Мне 22. У меня уже были отношения и секса без обязательств порядочно. А ты уверен, что оно тебе нужно сейчас?",
      "pid": "31",
      "position": {
        "x": "4275",
        "y": "550"
      },
      "tags": [
        "t:p"
      ]
    },
    {
      "text": "— Уверен.\n---\n[[— У тебя были парни и отношения?]]",
      "links": [
        {
          "name": "— У тебя были парни и отношения?",
          "link": "— У тебя были парни и отношения?",
          "pid": "34"
        }
      ],
      "name": "— Уверен.",
      "pid": "32",
      "position": {
        "x": "4450",
        "y": "525"
      },
      "tags": [
        "t:h"
      ]
    },
    {
      "text": "— Уверен? Ну, наверное, да.\n---\n[[— Звучит о-о-очень убедительно. У тебя были парни и отношения?]]",
      "links": [
        {
          "name": "— Звучит о-о-очень убедительно. У тебя были парни и отношения?",
          "link": "— Звучит о-о-очень убедительно. У тебя были парни и отношения?",
          "pid": "35"
        }
      ],
      "name": "— Уверен? Ну, наверное, да.",
      "pid": "33",
      "position": {
        "x": "4450",
        "y": "725"
      },
      "tags": [
        "t:h"
      ]
    },
    {
      "text": "— У тебя были парни и отношения?\n---\n[[— Да.]]\n[[— Нет.]]",
      "links": [
        {
          "name": "— Да.",
          "link": "— Да.",
          "pid": "36"
        },
        {
          "name": "— Нет.",
          "link": "— Нет.",
          "pid": "38"
        }
      ],
      "name": "— У тебя были парни и отношения?",
      "pid": "34",
      "position": {
        "x": "4625",
        "y": "525"
      },
      "tags": [
        "t:p"
      ]
    },
    {
      "text": "— Звучит о-о-очень убедительно. У тебя были парни и отношения?\n---\n[[— Да.]]\n[[— Нет.]]",
      "links": [
        {
          "name": "— Да.",
          "link": "— Да.",
          "pid": "36"
        },
        {
          "name": "— Нет.",
          "link": "— Нет.",
          "pid": "38"
        }
      ],
      "name": "— Звучит о-о-очень убедительно. У тебя были парни и отношения?",
      "pid": "35",
      "position": {
        "x": "4625",
        "y": "725"
      },
      "tags": [
        "t:p"
      ]
    },
    {
      "text": "— Да.\n---\n[[— Неужели? Иногда создаётся впечатление, что ты новичок в романтике и заигрывании.]]",
      "links": [
        {
          "name": "— Неужели? Иногда создаётся впечатление, что ты новичок в романтике и заигрывании.",
          "link": "— Неужели? Иногда создаётся впечатление, что ты новичок в романтике и заигрывании.",
          "pid": "37"
        }
      ],
      "name": "— Да.",
      "pid": "36",
      "position": {
        "x": "4825",
        "y": "725"
      },
      "tags": [
        "t:h"
      ]
    },
    {
      "text": "— Неужели? Иногда создаётся впечатление, что ты новичок в романтике и заигрывании.\n---\n[[— Мы с тобой очень молоды и неопытны. Не будем спешить. Окей?]]",
      "links": [
        {
          "name": "— Мы с тобой очень молоды и неопытны. Не будем спешить. Окей?",
          "link": "— Мы с тобой очень молоды и неопытны. Не будем спешить. Окей?",
          "pid": "45"
        }
      ],
      "name": "— Неужели? Иногда создаётся впечатление, что ты новичок в романтике и заигрывании.",
      "pid": "37",
      "position": {
        "x": "5000",
        "y": "725"
      },
      "tags": [
        "t:p"
      ]
    },
    {
      "text": "— Нет.\n---\n[[— Значит, впечатление правильное.]]",
      "links": [
        {
          "name": "— Значит, впечатление правильное.",
          "link": "— Значит, впечатление правильное.",
          "pid": "39"
        }
      ],
      "name": "— Нет.",
      "pid": "38",
      "position": {
        "x": "4825",
        "y": "525"
      },
      "tags": [
        "t:h"
      ]
    },
    {
      "text": "— Значит, впечатление правильное.\n---\n[[— Теперь ты не захочешь со мной встречаться?]]",
      "links": [
        {
          "name": "— Теперь ты не захочешь со мной встречаться?",
          "link": "— Теперь ты не захочешь со мной встречаться?",
          "pid": "40"
        }
      ],
      "name": "— Значит, впечатление правильное.",
      "pid": "39",
      "position": {
        "x": "5000",
        "y": "525"
      },
      "tags": [
        "t:p"
      ]
    },
    {
      "text": "— Теперь ты не захочешь со мной встречаться?\n---\n[[— Захочу, не переживай. Мы общаемся и я постепенно узнаю тебя лучше.]]",
      "links": [
        {
          "name": "— Захочу, не переживай. Мы общаемся и я постепенно узнаю тебя лучше.",
          "link": "— Захочу, не переживай. Мы общаемся и я постепенно узнаю тебя лучше.",
          "pid": "41"
        }
      ],
      "name": "— Теперь ты не захочешь со мной встречаться?",
      "pid": "40",
      "position": {
        "x": "5175",
        "y": "525"
      },
      "tags": [
        "t:h"
      ]
    },
    {
      "text": "— Захочу, не переживай. Мы общаемся и я постепенно узнаю тебя лучше.\n---\n[[— Ладно. Все будет хорошо. Дай лапы.]]",
      "links": [
        {
          "name": "— Ладно. Все будет хорошо. Дай лапы.",
          "link": "— Ладно. Все будет хорошо. Дай лапы.",
          "pid": "46"
        }
      ],
      "name": "— Захочу, не переживай. Мы общаемся и я постепенно узнаю тебя лучше.",
      "pid": "41",
      "position": {
        "x": "5350",
        "y": "525"
      },
      "tags": [
        "t:p"
      ]
    },
    {
      "text": "— Какое это имеет значение?\n---\n[[— Ты иногда ведёшь себя так, что паспорт спросить хочется. Не говорю, что твой возраст показатель неопытности, но на всё нужно время. Есть, конечно, и парни в тридцать, не способные на отношения.]]",
      "links": [
        {
          "name": "— Ты иногда ведёшь себя так, что паспорт спросить хочется. Не говорю, что твой возраст показатель неопытности, но на всё нужно время. Есть, конечно, и парни в тридцать, не способные на отношения.",
          "link": "— Ты иногда ведёшь себя так, что паспорт спросить хочется. Не говорю, что твой возраст показатель неопытности, но на всё нужно время. Есть, конечно, и парни в тридцать, не способные на отношения.",
          "pid": "43"
        }
      ],
      "name": "— Какое это имеет значение?",
      "pid": "42",
      "position": {
        "x": "3925",
        "y": "725"
      },
      "tags": [
        "t:h"
      ]
    },
    {
      "text": "— Ты иногда ведёшь себя так, что паспорт спросить хочется. Не говорю, что твой возраст показатель неопытности, но на всё нужно время. Есть, конечно, и парни в тридцать, не способные на отношения.\n---\n[[— Мне полных 19 лет.]]",
      "links": [
        {
          "name": "— Мне полных 19 лет.",
          "link": "— Мне полных 19 лет.",
          "pid": "44"
        }
      ],
      "name": "— Ты иногда ведёшь себя так, что паспорт спросить хочется. Не говорю, что твой возраст показатель неопытности, но на всё нужно время. Есть, конечно, и парни в тридцать, не способные на отношения.",
      "pid": "43",
      "position": {
        "x": "4100",
        "y": "725"
      },
      "tags": [
        "t:p"
      ]
    },
    {
      "text": "— Мне полных 19 лет.\n---\n[[— Мне 22. У меня уже были отношения и секса без обязательств порядочно. А ты уверен, что оно тебе нужно сейчас?]]",
      "links": [
        {
          "name": "— Мне 22. У меня уже были отношения и секса без обязательств порядочно. А ты уверен, что оно тебе нужно сейчас?",
          "link": "— Мне 22. У меня уже были отношения и секса без обязательств порядочно. А ты уверен, что оно тебе нужно сейчас?",
          "pid": "31"
        }
      ],
      "name": "— Мне полных 19 лет.",
      "pid": "44",
      "position": {
        "x": "4275",
        "y": "725"
      },
      "tags": [
        "t:h"
      ]
    },
    {
      "text": "— Мы с тобой очень молоды и неопытны. Не будем спешить. Окей?\n---\n[[— Ладно. Все будет хорошо. Дай лапы.]]",
      "links": [
        {
          "name": "— Ладно. Все будет хорошо. Дай лапы.",
          "link": "— Ладно. Все будет хорошо. Дай лапы.",
          "pid": "46"
        }
      ],
      "name": "— Мы с тобой очень молоды и неопытны. Не будем спешить. Окей?",
      "pid": "45",
      "position": {
        "x": "5175",
        "y": "725"
      },
      "tags": [
        "t:p"
      ]
    },
    {
      "text": "— Ладно. Все будет хорошо. Дай лапы.\n---\n[[Он нежно сжал твои руки. Посмотрел тебе в глаза и сказал.]]",
      "links": [
        {
          "name": "Он нежно сжал твои руки. Посмотрел тебе в глаза и сказал.",
          "link": "Он нежно сжал твои руки. Посмотрел тебе в глаза и сказал.",
          "pid": "47"
        }
      ],
      "name": "— Ладно. Все будет хорошо. Дай лапы.",
      "pid": "46",
      "position": {
        "x": "5500",
        "y": "650"
      },
      "tags": [
        "t:p"
      ]
    },
    {
      "text": "<i>Он нежно сжал твои руки. Посмотрел тебе в глаза и сказал.</i>\n---\n[[— Ты очень-очень-очень мне нравишься.]]",
      "links": [
        {
          "name": "— Ты очень-очень-очень мне нравишься.",
          "link": "— Ты очень-очень-очень мне нравишься.",
          "pid": "48"
        }
      ],
      "name": "Он нежно сжал твои руки. Посмотрел тебе в глаза и сказал.",
      "pid": "47",
      "position": {
        "x": "5675",
        "y": "650"
      },
      "tags": [
        "t:p"
      ]
    },
    {
      "text": "— Ты очень-очень-очень мне нравишься.\n---\n[[— Что ты подразумеваешь под встречаться?]]",
      "links": [
        {
          "name": "— Что ты подразумеваешь под встречаться?",
          "link": "— Что ты подразумеваешь под встречаться?",
          "pid": "49"
        }
      ],
      "name": "— Ты очень-очень-очень мне нравишься.",
      "pid": "48",
      "position": {
        "x": "5850",
        "y": "650"
      },
      "tags": [
        "t:p"
      ]
    },
    {
      "text": "— Что ты подразумеваешь под встречаться?\n---\n[[— Жить вместе.]]\n[[— Сексом заниматься там.]]\n[[— Быть парой.]]\n",
      "links": [
        {
          "name": "— Жить вместе.",
          "link": "— Жить вместе.",
          "pid": "50"
        },
        {
          "name": "— Сексом заниматься там.",
          "link": "— Сексом заниматься там.",
          "pid": "59"
        },
        {
          "name": "— Быть парой.",
          "link": "— Быть парой.",
          "pid": "61"
        }
      ],
      "name": "— Что ты подразумеваешь под встречаться?",
      "pid": "49",
      "position": {
        "x": "6025",
        "y": "650"
      },
      "tags": [
        "t:p"
      ]
    },
    {
      "text": "— Жить вместе.\n---\n[[— Знаешь, я ищу соседа в двушку. Если ты можешь себе позволить, то заселяйся. Пойми только – это рисково начинать сразу с переезда. И слишком быстро. Не против с тобой попытаться «строить отношения». Могу пару месяцев медленно искать кого на подселение, а ты будешь ко мне приходить и на ночь оставаться, если у нас пойдёт дело.]]",
      "links": [
        {
          "name": "— Знаешь, я ищу соседа в двушку. Если ты можешь себе позволить, то заселяйся. Пойми только – это рисково начинать сразу с переезда. И слишком быстро. Не против с тобой попытаться «строить отношения». Могу пару месяцев медленно искать кого на подселение, а ты будешь ко мне приходить и на ночь оставаться, если у нас пойдёт дело.",
          "link": "— Знаешь, я ищу соседа в двушку. Если ты можешь себе позволить, то заселяйся. Пойми только – это рисково начинать сразу с переезда. И слишком быстро. Не против с тобой попытаться «строить отношения». Могу пару месяцев медленно искать кого на подселение, а ты будешь ко мне приходить и на ночь оставаться, если у нас пойдёт дело.",
          "pid": "51"
        }
      ],
      "name": "— Жить вместе.",
      "pid": "50",
      "position": {
        "x": "6225",
        "y": "425"
      },
      "tags": [
        "t:h"
      ]
    },
    {
      "text": "— Знаешь, я ищу соседа в двушку. Если ты можешь себе позволить, то заселяйся. Пойми только – это рисково начинать сразу с переезда. И слишком быстро. Не против с тобой попытаться «строить отношения». Могу пару месяцев медленно искать кого на подселение, а ты будешь ко мне приходить и на ночь оставаться, если у нас пойдёт дело.\n---\n[[— Чего ты от меня ждёшь?]]",
      "links": [
        {
          "name": "— Чего ты от меня ждёшь?",
          "link": "— Чего ты от меня ждёшь?",
          "pid": "52"
        }
      ],
      "name": "— Знаешь, я ищу соседа в двушку. Если ты можешь себе позволить, то заселяйся. Пойми только – это рисково начинать сразу с переезда. И слишком быстро. Не против с тобой попытаться «строить отношения». Могу пару месяцев медленно искать кого на подселение, а ты будешь ко мне приходить и на ночь оставаться, если у нас пойдёт дело.",
      "pid": "51",
      "position": {
        "x": "6400",
        "y": "425"
      },
      "tags": [
        "t:p"
      ]
    },
    {
      "text": "— Чего ты от меня ждёшь?\n---\n[[— Что ты меня полюбишь и мы будем вместе всегда.]]\n[[— Ничего конкретного. Хочу посмотреть, что получится у нас.]]",
      "links": [
        {
          "name": "— Что ты меня полюбишь и мы будем вместе всегда.",
          "link": "— Что ты меня полюбишь и мы будем вместе всегда.",
          "pid": "53"
        },
        {
          "name": "— Ничего конкретного. Хочу посмотреть, что получится у нас.",
          "link": "— Ничего конкретного. Хочу посмотреть, что получится у нас.",
          "pid": "57"
        }
      ],
      "name": "— Чего ты от меня ждёшь?",
      "pid": "52",
      "position": {
        "x": "6575",
        "y": "525"
      },
      "tags": [
        "t:p"
      ]
    },
    {
      "text": "— Что ты меня полюбишь и мы будем вместе всегда.\n---\n[[— Знаю. Я неотразим как бог. Устоять невозможно. И в то же время ты меня пугаешь своими «всегда». В меня уже влюблялись неопытные юнцы и заканчивалось истериками и драмой. Я к такому снова не готов. Побереги мои нервы.]]",
      "links": [
        {
          "name": "— Знаю. Я неотразим как бог. Устоять невозможно. И в то же время ты меня пугаешь своими «всегда». В меня уже влюблялись неопытные юнцы и заканчивалось истериками и драмой. Я к такому снова не готов. Побереги мои нервы.",
          "link": "— Знаю. Я неотразим как бог. Устоять невозможно. И в то же время ты меня пугаешь своими «всегда». В меня уже влюблялись неопытные юнцы и заканчивалось истериками и драмой. Я к такому снова не готов. Побереги мои нервы.",
          "pid": "54"
        }
      ],
      "name": "— Что ты меня полюбишь и мы будем вместе всегда.",
      "pid": "53",
      "position": {
        "x": "6750",
        "y": "400"
      },
      "tags": [
        "t:h"
      ]
    },
    {
      "text": "— Знаю. Я неотразим как бог, устоять невозможно. И в то же время ты меня пугаешь своим «всегда». В меня уже влюблялись неопытные юнцы и заканчивалось истериками и драмой. Я к такому снова не готов. Побереги мои нервы.\n---\n[[— Прошу тебя протрезветь. Ты мне, повторяю, нравишься, но ничего не обещаю.]]",
      "links": [
        {
          "name": "— Прошу тебя протрезветь. Ты мне, повторяю, нравишься, но ничего не обещаю.",
          "link": "— Прошу тебя протрезветь. Ты мне, повторяю, нравишься, но ничего не обещаю.",
          "pid": "55"
        }
      ],
      "name": "— Знаю. Я неотразим как бог. Устоять невозможно. И в то же время ты меня пугаешь своими «всегда». В меня уже влюблялись неопытные юнцы и заканчивалось истериками и драмой. Я к такому снова не готов. Побереги мои нервы.",
      "pid": "54",
      "position": {
        "x": "6925",
        "y": "400"
      },
      "tags": [
        "t:p",
        "setReaction:friend-gay-glamorous"
      ]
    },
    {
      "text": "— Прошу тебя протрезветь. Ты мне, повторяю, нравишься. Сильно. Но ничего не обещаю.\n---\n[[— Дело в том, что я недавно расстался с любимым. Невероятно быстро к нему привязался. Отношения развивались с той же скоростью, что и с тобой сейчас. Страшновато. Вдруг история повторится так скоро?]] ",
      "links": [
        {
          "name": "— Дело в том, что я недавно расстался с любимым. Невероятно быстро к нему привязался. Отношения развивались с той же скоростью, что и с тобой сейчас. Страшновато. Вдруг история повторится так скоро?",
          "link": "— Дело в том, что я недавно расстался с любимым. Невероятно быстро к нему привязался. Отношения развивались с той же скоростью, что и с тобой сейчас. Страшновато. Вдруг история повторится так скоро?",
          "pid": "58"
        }
      ],
      "name": "— Прошу тебя протрезветь. Ты мне, повторяю, нравишься, но ничего не обещаю.",
      "pid": "55",
      "position": {
        "x": "7100",
        "y": "425"
      },
      "tags": [
        "t:p"
      ]
    },
    {
      "text": "— Будем потихоньку двигаться навстречу друг другу. Секс, дружба, свидания, ночёвки. Я не могу тебе гарантировать любовь. Сейчас у меня к тебе сильная симпатия. Не более.\n---\n[[— Мне было приятно твоё беспокойство, когда я в участке застрял. Я жду наших встреч, ты меня возбуждаешь и с тобой легко общаться.]]",
      "links": [
        {
          "name": "— Мне было приятно твоё беспокойство, когда я в участке застрял. Я жду наших встреч, ты меня возбуждаешь и с тобой легко общаться.",
          "link": "— Мне было приятно твоё беспокойство, когда я в участке застрял. Я жду наших встреч, ты меня возбуждаешь и с тобой легко общаться.",
          "pid": "73"
        }
      ],
      "name": "— Будем потихоньку двигаться навстречу друг другу. Секс, дружба, свидания, ночёвки. Я не могу тебе гарантировать любовь. Сейчас у меня к тебе сильная симпатия. Не более.",
      "pid": "56",
      "position": {
        "x": "7450",
        "y": "600"
      },
      "tags": [
        "t:p",
        "setReaction:friend-gay-main"
      ]
    },
    {
      "text": "— Ничего конкретного. Хочу посмотреть, что получится у нас.\n---\n[[— Разумные слова. 10 баллов Гриффиндору и здравому смыслу! Ты, оказывается, молодой мудрец. На словах, по крайней мере.]]",
      "links": [
        {
          "name": "— Разумные слова. 10 баллов Гриффиндору и здравому смыслу! Ты, оказывается, молодой мудрец. На словах, по крайней мере.",
          "link": "— Разумные слова. 10 баллов Гриффиндору и здравому смыслу! Ты, оказывается, молодой мудрец. На словах, по крайней мере.",
          "pid": "69"
        }
      ],
      "name": "— Ничего конкретного. Хочу посмотреть, что получится у нас.",
      "pid": "57",
      "position": {
        "x": "6750",
        "y": "600"
      },
      "tags": [
        "t:h"
      ]
    },
    {
      "text": "— Дело в том, что я недавно расстался с любимым. Невероятно быстро к нему привязался. Отношения развивались с той же скоростью, что и с тобой сейчас. Страшновато. Вдруг история повторится так скоро?\n---\n[[— Будем потихоньку двигаться навстречу друг другу. Секс, дружба, свидания, ночёвки. Я не могу тебе гарантировать любовь. Сейчас у меня к тебе сильная симпатия. Не более.]]",
      "links": [
        {
          "name": "— Будем потихоньку двигаться навстречу друг другу. Секс, дружба, свидания, ночёвки. Я не могу тебе гарантировать любовь. Сейчас у меня к тебе сильная симпатия. Не более.",
          "link": "— Будем потихоньку двигаться навстречу друг другу. Секс, дружба, свидания, ночёвки. Я не могу тебе гарантировать любовь. Сейчас у меня к тебе сильная симпатия. Не более.",
          "pid": "56"
        }
      ],
      "name": "— Дело в том, что я недавно расстался с любимым. Невероятно быстро к нему привязался. Отношения развивались с той же скоростью, что и с тобой сейчас. Страшновато. Вдруг история повторится так скоро?",
      "pid": "58",
      "position": {
        "x": "7275",
        "y": "475"
      },
      "tags": [
        "t:p"
      ]
    },
    {
      "text": "— Ну, сексом заниматься...\n---\n[[— Давно пора. Я думал, ты никогда не предложишь. Предпочитаю, чтобы секс случался без предварительного согласования, но и так можно.]]",
      "links": [
        {
          "name": "— Давно пора. Я думал, ты никогда не предложишь. Предпочитаю, чтобы секс случался без предварительного согласования, но и так можно.",
          "link": "— Давно пора. Я думал, ты никогда не предложишь. Предпочитаю, чтобы секс случался без предварительного согласования, но и так можно.",
          "pid": "60"
        }
      ],
      "name": "— Сексом заниматься там.",
      "pid": "59",
      "position": {
        "x": "6225",
        "y": "650"
      },
      "tags": [
        "t:h"
      ]
    },
    {
      "text": "— Давно пора. Я думал, ты никогда не предложишь. Предпочитаю, чтобы секс случался без предварительного согласования, но и так можно.\n---\n[[— Чего ты от меня ждёшь?]]",
      "links": [
        {
          "name": "— Чего ты от меня ждёшь?",
          "link": "— Чего ты от меня ждёшь?",
          "pid": "52"
        }
      ],
      "name": "— Давно пора. Я думал, ты никогда не предложишь. Предпочитаю, чтобы секс случался без предварительного согласования, но и так можно.",
      "pid": "60",
      "position": {
        "x": "6400",
        "y": "650"
      },
      "tags": [
        "t:p"
      ]
    },
    {
      "text": "— Быть парой.\n---\n[[— Что для тебя пара?]]",
      "links": [
        {
          "name": "— Что для тебя пара?",
          "link": "— Что для тебя пара?",
          "pid": "62"
        }
      ],
      "name": "— Быть парой.",
      "pid": "61",
      "position": {
        "x": "6225",
        "y": "925"
      },
      "tags": [
        "t:h"
      ]
    },
    {
      "text": "— Что для тебя пара?\n---\n[[— Ну, люди называют себя парой и они пара. Разве не так?]]\n[[— Те, кто спят вместе.]]\n[[— Те, кто вместе какое-то время и взаимно любят и уважают друг друга, наверное.]]",
      "links": [
        {
          "name": "— Ну, люди называют себя парой и они пара. Разве не так?",
          "link": "— Ну, люди называют себя парой и они пара. Разве не так?",
          "pid": "70"
        },
        {
          "name": "— Те, кто спят вместе.",
          "link": "— Те, кто спят вместе.",
          "pid": "63"
        },
        {
          "name": "— Те, кто вместе какое-то время и взаимно любят и уважают друг друга, наверное.",
          "link": "— Те, кто вместе какое-то время и взаимно любят и уважают друг друга, наверное.",
          "pid": "68"
        }
      ],
      "name": "— Что для тебя пара?",
      "pid": "62",
      "position": {
        "x": "6400",
        "y": "925"
      },
      "tags": [
        "t:p"
      ]
    },
    {
      "text": "— Те, кто спят вместе.\n---\n[[— Если ты про секс, то он не делает парней парой. Наблюдал, как пацаны, переспав пару раз, называли себя семьёй и так по двадцать отношений в год сменяли. Скорее, это для них оправдание любвеобильности. Решили, что секс вне отношений – плохо и поэтому врут себе и партнёру про сильные чувства.]]",
      "links": [
        {
          "name": "— Если ты про секс, то он не делает парней парой. Наблюдал, как пацаны, переспав пару раз, называли себя семьёй и так по двадцать отношений в год сменяли. Скорее, это для них оправдание любвеобильности. Решили, что секс вне отношений – плохо и поэтому врут себе и партнёру про сильные чувства.",
          "link": "— Если ты про секс, то он не делает парней парой. Наблюдал, как пацаны, переспав пару раз, называли себя семьёй и так по двадцать отношений в год сменяли. Скорее, это для них оправдание любвеобильности. Решили, что секс вне отношений – плохо и поэтому врут себе и партнёру про сильные чувства.",
          "pid": "64"
        }
      ],
      "name": "— Те, кто спят вместе.",
      "pid": "63",
      "position": {
        "x": "6575",
        "y": "975"
      },
      "tags": [
        "t:h"
      ]
    },
    {
      "text": "— Если ты про секс, то он не делает парней парой. Наблюдал, как пацаны, переспав пару раз, называли себя семьёй и так по двадцать отношений в год сменяли. Скорее, это для них оправдание любвеобильности. Решили, что секс вне отношений — плохо и поэтому врут себе и партнёру про сильные чувства.\n---\n[[— Нет. Я про полный комплект. Романтика, поддержка, верность, долгоиграбельность.]]\n[[— Я считаю, любое время вместе – отношения. Они имеют право называть отношениями даже одну ночь вместе. Если что-то не соответствует твоим субъективным представлениям о некоем общественным явлении, то это не значит автоматически твою абсолютную правоту.]]",
      "links": [
        {
          "name": "— Нет. Я про полный комплект. Романтика, поддержка, верность, долгоиграбельность.",
          "link": "— Нет. Я про полный комплект. Романтика, поддержка, верность, долгоиграбельность.",
          "pid": "65"
        },
        {
          "name": "— Я считаю, любое время вместе – отношения. Они имеют право называть отношениями даже одну ночь вместе. Если что-то не соответствует твоим субъективным представлениям о некоем общественным явлении, то это не значит автоматически твою абсолютную правоту.",
          "link": "— Я считаю, любое время вместе – отношения. Они имеют право называть отношениями даже одну ночь вместе. Если что-то не соответствует твоим субъективным представлениям о некоем общественным явлении, то это не значит автоматически твою абсолютную правоту.",
          "pid": "66"
        }
      ],
      "name": "— Если ты про секс, то он не делает парней парой. Наблюдал, как пацаны, переспав пару раз, называли себя семьёй и так по двадцать отношений в год сменяли. Скорее, это для них оправдание любвеобильности. Решили, что секс вне отношений – плохо и поэтому врут себе и партнёру про сильные чувства.",
      "pid": "64",
      "position": {
        "x": "6750",
        "y": "975"
      },
      "tags": [
        "t:p"
      ]
    },
    {
      "text": "— Нет. Я про полный комплект. Романтика, поддержка, верность, долгоиграбельность.\n---\n[[— Ух, это большая ответственность.]]",
      "links": [
        {
          "name": "— Ух, это большая ответственность.",
          "link": "— Ух, это большая ответственность.",
          "pid": "79"
        }
      ],
      "name": "— Нет. Я про полный комплект. Романтика, поддержка, верность, долгоиграбельность.",
      "pid": "65",
      "position": {
        "x": "6925",
        "y": "850"
      },
      "tags": [
        "t:h"
      ]
    },
    {
      "text": "— Я считаю, любое время вместе — отношения. Они имеют право называть отношениями даже одну ночь вместе. Если что-то не соответствует твоим субъективным представлениям о некоем общественным явлении, то это не значит автоматически твою абсолютную правоту.\n---\n[[— Разумно. Только не для меня. У меня таких «отношений» больше, чем пальцев на руках и ногах. И называются они обычным сексом.]]\n",
      "links": [
        {
          "name": "— Разумно. Только не для меня. У меня таких «отношений» больше, чем пальцев на руках и ногах. И называются они обычным сексом.",
          "link": "— Разумно. Только не для меня. У меня таких «отношений» больше, чем пальцев на руках и ногах. И называются они обычным сексом.",
          "pid": "67"
        }
      ],
      "name": "— Я считаю, любое время вместе – отношения. Они имеют право называть отношениями даже одну ночь вместе. Если что-то не соответствует твоим субъективным представлениям о некоем общественным явлении, то это не значит автоматически твою абсолютную правоту.",
      "pid": "66",
      "position": {
        "x": "6925",
        "y": "1125"
      },
      "tags": [
        "t:h"
      ]
    },
    {
      "text": "— Разумно. Только не для меня. У меня таких «отношений» больше, чем пальцев на руках и ногах. И называются они обычным сексом.\n---\n[[— Давай объяснюсь. Я ищу партнёра по жизни, необязательно сразу любовь. Хочу дружбы с бонусами. Любовь появляется и проверяется временем. Мы с тобой только в начале длиннющего пути.]]",
      "links": [
        {
          "name": "— Давай объяснюсь. Я ищу партнёра по жизни, необязательно сразу любовь. Хочу дружбы с бонусами. Любовь появляется и проверяется временем. Мы с тобой только в начале длиннющего пути.",
          "link": "— Давай объяснюсь. Я ищу партнёра по жизни, необязательно сразу любовь. Хочу дружбы с бонусами. Любовь появляется и проверяется временем. Мы с тобой только в начале длиннющего пути.",
          "pid": "72"
        }
      ],
      "name": "— Разумно. Только не для меня. У меня таких «отношений» больше, чем пальцев на руках и ногах. И называются они обычным сексом.",
      "pid": "67",
      "position": {
        "x": "7100",
        "y": "1125"
      },
      "tags": [
        "t:p"
      ]
    },
    {
      "text": "— Те, кто вместе какое-то время и взаимно любят и уважают друг друга, наверное.\n---\n[[— Разумные слова. 10 баллов Гриффиндору и здравому смыслу! Ты, оказывается, молодой мудрец. На словах, по крайней мере.]]",
      "links": [
        {
          "name": "— Разумные слова. 10 баллов Гриффиндору и здравому смыслу! Ты, оказывается, молодой мудрец. На словах, по крайней мере.",
          "link": "— Разумные слова. 10 баллов Гриффиндору и здравому смыслу! Ты, оказывается, молодой мудрец. На словах, по крайней мере.",
          "pid": "69"
        }
      ],
      "name": "— Те, кто вместе какое-то время и взаимно любят и уважают друг друга, наверное.",
      "pid": "68",
      "position": {
        "x": "6575",
        "y": "800"
      },
      "tags": [
        "t:h"
      ]
    },
    {
      "text": "— Разумные слова. 10 баллов Гриффиндору и здравому смыслу! Ты, оказывается, молодой мудрец. На словах, по крайней мере.\n---\n[[— Давай объяснюсь. Я ищу партнёра по жизни, необязательно сразу любовь. Хочу дружбы с бонусами. Любовь появляется и проверяется временем. Мы с тобой только в начале длиннющего пути.]]\n",
      "links": [
        {
          "name": "— Давай объяснюсь. Я ищу партнёра по жизни, необязательно сразу любовь. Хочу дружбы с бонусами. Любовь появляется и проверяется временем. Мы с тобой только в начале длиннющего пути.",
          "link": "— Давай объяснюсь. Я ищу партнёра по жизни, необязательно сразу любовь. Хочу дружбы с бонусами. Любовь появляется и проверяется временем. Мы с тобой только в начале длиннющего пути.",
          "pid": "72"
        }
      ],
      "name": "— Разумные слова. 10 баллов Гриффиндору и здравому смыслу! Ты, оказывается, молодой мудрец. На словах, по крайней мере.",
      "pid": "69",
      "position": {
        "x": "7075",
        "y": "700"
      },
      "tags": [
        "t:p"
      ]
    },
    {
      "text": "— Ну, люди называют себя парой и они пара. Разве не так?\n---\n[[— Возможно, так и есть. Назвались парой и стали парой.]]",
      "links": [
        {
          "name": "— Возможно, так и есть. Назвались парой и стали парой.",
          "link": "— Возможно, так и есть. Назвались парой и стали парой.",
          "pid": "71"
        }
      ],
      "name": "— Ну, люди называют себя парой и они пара. Разве не так?",
      "pid": "70",
      "position": {
        "x": "6571",
        "y": "1225"
      },
      "tags": [
        "t:h"
      ]
    },
    {
      "text": "— Возможно, так и есть. Назвались парой и стали парой.\n---\n[[— Давай объяснюсь. Я ищу партнёра по жизни, необязательно сразу любовь. Хочу дружбы с бонусами. Любовь появляется и проверяется временем. Мы с тобой только в начале длиннющего пути.]]",
      "links": [
        {
          "name": "— Давай объяснюсь. Я ищу партнёра по жизни, необязательно сразу любовь. Хочу дружбы с бонусами. Любовь появляется и проверяется временем. Мы с тобой только в начале длиннющего пути.",
          "link": "— Давай объяснюсь. Я ищу партнёра по жизни, необязательно сразу любовь. Хочу дружбы с бонусами. Любовь появляется и проверяется временем. Мы с тобой только в начале длиннющего пути.",
          "pid": "72"
        }
      ],
      "name": "— Возможно, так и есть. Назвались парой и стали парой.",
      "pid": "71",
      "position": {
        "x": "6925",
        "y": "1450"
      },
      "tags": [
        "t:p"
      ]
    },
    {
      "text": "— Давай объяснюсь. Я ищу партнёра по жизни, необязательно сразу любовь. Хочу дружбы с бонусами. Любовь появляется и проверяется временем. Мы с тобой только в начале длиннющего пути.\n---\n[[— Мне было приятно твоё беспокойство, когда я в участке застрял. Я жду наших встреч, ты меня возбуждаешь и с тобой легко общаться.]]",
      "links": [
        {
          "name": "— Мне было приятно твоё беспокойство, когда я в участке застрял. Я жду наших встреч, ты меня возбуждаешь и с тобой легко общаться.",
          "link": "— Мне было приятно твоё беспокойство, когда я в участке застрял. Я жду наших встреч, ты меня возбуждаешь и с тобой легко общаться.",
          "pid": "73"
        }
      ],
      "name": "— Давай объяснюсь. Я ищу партнёра по жизни, необязательно сразу любовь. Хочу дружбы с бонусами. Любовь появляется и проверяется временем. Мы с тобой только в начале длиннющего пути.",
      "pid": "72",
      "position": {
        "x": "7675",
        "y": "1100"
      },
      "tags": [
        "t:p"
      ]
    },
    {
      "text": "— Мне было приятно твоё беспокойство, когда я в участке застрял. Я жду наших встреч, ты меня возбуждаешь и с тобой легко общаться.\n---\n[[— Чем я тебе нравлюсь?]]",
      "links": [
        {
          "name": "— Чем я тебе нравлюсь?",
          "link": "— Чем я тебе нравлюсь?",
          "pid": "74"
        }
      ],
      "name": "— Мне было приятно твоё беспокойство, когда я в участке застрял. Я жду наших встреч, ты меня возбуждаешь и с тобой легко общаться.",
      "pid": "73",
      "position": {
        "x": "7875",
        "y": "1100"
      },
      "tags": [
        "t:p"
      ]
    },
    {
      "text": "— Чем я тебе нравлюсь?\n---\n[[— Не знаю. Я просто чувствую себя рядом с тобой по-другому.]]\n[[— Ты открытый, красивый, уверенный в себе, неунывающий.]]",
      "links": [
        {
          "name": "— Не знаю. Я просто чувствую себя рядом с тобой по-другому.",
          "link": "— Не знаю. Я просто чувствую себя рядом с тобой по-другому.",
          "pid": "77"
        },
        {
          "name": "— Ты открытый, красивый, уверенный в себе, неунывающий.",
          "link": "— Ты открытый, красивый, уверенный в себе, неунывающий.",
          "pid": "75"
        }
      ],
      "name": "— Чем я тебе нравлюсь?",
      "pid": "74",
      "position": {
        "x": "8075",
        "y": "1100"
      },
      "tags": [
        "t:p"
      ]
    },
    {
      "text": "— Ты открытый, красивый, уверенный в себе, неунывающий.\n---\n[[— Ты понимаешь, что это поверхностное впечатление. Ты познакомишься со мной настоящим в процессе. Мнение изменится.]]",
      "links": [
        {
          "name": "— Ты понимаешь, что это поверхностное впечатление. Ты познакомишься со мной настоящим в процессе. Мнение изменится.",
          "link": "— Ты понимаешь, что это поверхностное впечатление. Ты познакомишься со мной настоящим в процессе. Мнение изменится.",
          "pid": "76"
        }
      ],
      "name": "— Ты открытый, красивый, уверенный в себе, неунывающий.",
      "pid": "75",
      "position": {
        "x": "8250",
        "y": "975"
      },
      "tags": [
        "t:h"
      ]
    },
    {
      "text": "— Ты понимаешь, что это поверхностное впечатление? Ты познакомишься со мной настоящим в процессе. Мнение изменится.\n---\n[[— Спасибо за встречу. Будем расходиться?]]\n",
      "links": [
        {
          "name": "— Спасибо за встречу. Будем расходиться?",
          "link": "— Спасибо за встречу. Будем расходиться?",
          "pid": "80"
        }
      ],
      "name": "— Ты понимаешь, что это поверхностное впечатление. Ты познакомишься со мной настоящим в процессе. Мнение изменится.",
      "pid": "76",
      "position": {
        "x": "8425",
        "y": "975"
      },
      "tags": [
        "t:p"
      ]
    },
    {
      "text": "— Не знаю. Я просто чувствую себя рядом с тобой по-другому.\n---\n[[— Мог бы постараться сказать пару добрых слов о моей внешности и прекрасном характере. Ок.)]]",
      "links": [
        {
          "name": "— Мог бы постараться сказать пару добрых слов о моей внешности и прекрасном характере. Ок.)",
          "link": "— Мог бы постараться сказать пару добрых слов о моей внешности и прекрасном характере. Ок.)",
          "pid": "78"
        }
      ],
      "name": "— Не знаю. Я просто чувствую себя рядом с тобой по-другому.",
      "pid": "77",
      "position": {
        "x": "8250",
        "y": "1225"
      },
      "tags": [
        "t:h"
      ]
    },
    {
      "text": "— Мог бы постараться сказать пару добрых слов о моей внешности и прекрасном характере. Ок.)\n---\n[[— Спасибо за встречу. Будем расходиться?]]",
      "links": [
        {
          "name": "— Спасибо за встречу. Будем расходиться?",
          "link": "— Спасибо за встречу. Будем расходиться?",
          "pid": "80"
        }
      ],
      "name": "— Мог бы постараться сказать пару добрых слов о моей внешности и прекрасном характере. Ок.)",
      "pid": "78",
      "position": {
        "x": "8425",
        "y": "1225"
      },
      "tags": [
        "t:p",
        "setReaction:friend-gay-happy"
      ]
    },
    {
      "text": "— Ух, это большая ответственность.\n---\n[[— Давай объяснюсь. Я ищу партнёра по жизни, необязательно сразу любовь. Хочу дружбы с бонусами. Любовь появляется и проверяется временем. Мы с тобой только в начале длиннющего пути.]]",
      "links": [
        {
          "name": "— Давай объяснюсь. Я ищу партнёра по жизни, необязательно сразу любовь. Хочу дружбы с бонусами. Любовь появляется и проверяется временем. Мы с тобой только в начале длиннющего пути.",
          "link": "— Давай объяснюсь. Я ищу партнёра по жизни, необязательно сразу любовь. Хочу дружбы с бонусами. Любовь появляется и проверяется временем. Мы с тобой только в начале длиннющего пути.",
          "pid": "72"
        }
      ],
      "name": "— Ух, это большая ответственность.",
      "pid": "79",
      "position": {
        "x": "7100",
        "y": "850"
      },
      "tags": [
        "t:p"
      ]
    },
    {
      "text": "— Спасибо за встречу. Будем расходиться?\n---\n[[— Да, давай.]]",
      "links": [
        {
          "name": "— Да, давай.",
          "link": "— Да, давай.",
          "pid": "81"
        }
      ],
      "name": "— Спасибо за встречу. Будем расходиться?",
      "pid": "80",
      "position": {
        "x": "8600",
        "y": "1100"
      },
      "tags": [
        "t:p",
        "startVideo:love",
        "setReaction:friend-gay-main"
      ]
    },
    {
      "text": "— Да, давай.\n---\n[[— Счастливо.]]",
      "links": [
        {
          "name": "— Счастливо.",
          "link": "— Счастливо.",
          "pid": "82"
        }
      ],
      "name": "— Да, давай.",
      "pid": "81",
      "position": {
        "x": "8775",
        "y": "1100"
      },
      "tags": [
        "t:h"
      ]
    },
    {
      "text": "— Счастливо.\n---\n[[Диалог окончен. Вы можете вернуться на главный экран. Unlock]]\n[[Диалог окончен. Вы можете вернуться на главный экран.]]",
      "links": [
        {
          "name": "Диалог окончен. Вы можете вернуться на главный экран. Unlock",
          "link": "Диалог окончен. Вы можете вернуться на главный экран. Unlock",
          "pid": "83"
        },
        {
          "name": "Диалог окончен. Вы можете вернуться на главный экран.",
          "link": "Диалог окончен. Вы можете вернуться на главный экран.",
          "pid": "84"
        }
      ],
      "name": "— Счастливо.",
      "pid": "82",
      "position": {
        "x": "8950",
        "y": "1100"
      },
      "tags": [
        "t:p"
      ]
    },
    {
      "text": "<i>Диалог окончен. Вы можете вернуться на главный экран.</i>",
      "name": "Диалог окончен. Вы можете вернуться на главный экран. Unlock",
      "pid": "83",
      "position": {
        "x": "9125",
        "y": "1000"
      },
      "tags": [
        "t:p",
        "unlockPerson:25",
        "hide:unicornUnlocked:=:1",
        "set:unicornUnlocked:1"
      ]
    },
    {
      "text": "<i>Диалог окончен. Вы можете вернуться на главный экран.</i>",
      "name": "Диалог окончен. Вы можете вернуться на главный экран.",
      "pid": "84",
      "position": {
        "x": "9125",
        "y": "1200"
      },
      "tags": [
        "t:p",
        "hide:unicornUnlocked:=:0"
      ]
    }
  ],
  "name": "Друг-гей 4",
  "startnode": "1",
  "creator": "Twine",
  "creator-version": "2.3.14",
  "ifid": "331968F0-888F-4719-B422-209AC0E1067F"
}