{
  "passages": [
    {
      "text": "— Не ждал тебя так рано. С возвращением! Хорошо провёл первые студенческие каникулы?\n---\n[[— Прив, сосед! Каникулы нормально. Родители беспокоились, что мне станет скучно и я брошу учёбу, как грозился, ради создания своего бизнеса. Я пообещал не спешить, дать университету шанс, а со второго-третьего курса подумаю о заочке и работе.]]",
      "links": [
        {
          "name": "— Прив, сосед! Каникулы нормально. Родители беспокоились, что мне станет скучно и я брошу учёбу, как грозился, ради создания своего бизнеса. Я пообещал не спешить, дать университету шанс, а со второго-третьего курса подумаю о заочке и работе.",
          "link": "— Прив, сосед! Каникулы нормально. Родители беспокоились, что мне станет скучно и я брошу учёбу, как грозился, ради создания своего бизнеса. Я пообещал не спешить, дать университету шанс, а со второго-третьего курса подумаю о заочке и работе.",
          "pid": "2"
        }
      ],
      "name": "— Не ждал тебя так рано. С возвращением! Хорошо провёл первые студенческие каникулы?",
      "pid": "1",
      "position": {
        "x": "175",
        "y": "600"
      },
      "tags": [
        "t:h",
        "set:bad-priest-item:0",
        "set:ex-schoolmate-item:0",
        "set:government-agent-item:0",
        "set:accepting-parent-item:0",
        "set:psychologist-man-item:0",
        "set:psychoterapist-woman-item:0",
        "set:transgender-item:0",
        "set:good-priest-item:0",
        "set:lawyer-item:0",
        "set:unicornUnlocked:0",
        "set:hasJob:0"
      ]
    },
    {
      "text": "— Здарова, сосед! Каникулы нормально. Родители достали: беспокоились, что мне станет скучно и я брошу учёбу, как грозился, ради создания своего бизнеса. Я пообещал не спешить, дать университету шанс, а со второго-третьего курса подумаю о заочке и работе.\n---\n[[— И, знаешь, теперь я тебя больше ценю. Мы с тобой год в одной комнате и не придушили друг друга. Это успех. Я вот на каникулах пытался две недели с Катей снимать квартиру и мы на грани разрыва.]]",
      "links": [
        {
          "name": "— И, знаешь, теперь я тебя больше ценю. Мы с тобой год в одной комнате и не придушили друг друга. Это успех. Я вот на каникулах пытался две недели с Катей снимать квартиру и мы на грани разрыва.",
          "link": "— И, знаешь, теперь я тебя больше ценю. Мы с тобой год в одной комнате и не придушили друг друга. Это успех. Я вот на каникулах пытался две недели с Катей снимать квартиру и мы на грани разрыва.",
          "pid": "3"
        }
      ],
      "name": "— Прив, сосед! Каникулы нормально. Родители беспокоились, что мне станет скучно и я брошу учёбу, как грозился, ради создания своего бизнеса. Я пообещал не спешить, дать университету шанс, а со второго-третьего курса подумаю о заочке и работе.",
      "pid": "2",
      "position": {
        "x": "350",
        "y": "600"
      },
      "tags": [
        "t:p"
      ]
    },
    {
      "text": "— И, знаешь, теперь я тебя больше ценю. Мы с тобой год в одной комнате и не придушили друг друга. Это успех. Я вот на каникулах пытался две недели с Катей снимать квартиру и мы, представь, на грани разрыва.\n---\n[[— Сочувствую. Она приятная девушка.]]",
      "links": [
        {
          "name": "— Сочувствую. Она приятная девушка.",
          "link": "— Сочувствую. Она приятная девушка.",
          "pid": "4"
        }
      ],
      "name": "— И, знаешь, теперь я тебя больше ценю. Мы с тобой год в одной комнате и не придушили друг друга. Это успех. Я вот на каникулах пытался две недели с Катей снимать квартиру и мы на грани разрыва.",
      "pid": "3",
      "position": {
        "x": "500",
        "y": "600"
      },
      "tags": [
        "t:p"
      ]
    },
    {
      "text": "— Сочувствую. Она приятная девушка.\n---\n[[— Да, надеюсь, мы справимся с последствиями совместного быта. Но она такая грязнуля! И домашние обязанности делить поровну не хочет. Люблю кухарить и порядок наводить, но в разумных пределах.]]",
      "links": [
        {
          "name": "— Да, надеюсь, мы справимся с последствиями совместного быта. Но она такая грязнуля! И домашние обязанности делить поровну не хочет. Люблю кухарить и порядок наводить, но в разумных пределах.",
          "link": "— Да, надеюсь, мы справимся с последствиями совместного быта. Но она такая грязнуля! И домашние обязанности делить поровну не хочет. Люблю кухарить и порядок наводить, но в разумных пределах.",
          "pid": "5"
        }
      ],
      "name": "— Сочувствую. Она приятная девушка.",
      "pid": "4",
      "position": {
        "x": "675",
        "y": "604"
      },
      "tags": [
        "t:h"
      ]
    },
    {
      "text": "— Да, надеюсь, мы справимся с последствиями совместного быта. Но она такая грязнуля! И домашние обязанности делить поровну не хочет. Люблю кухарить и порядок наводить, но в разумных пределах.\n---\n[[Богдан начал разбирать сумки, продолжая болтать. Поделившись новостями, он отлучился на кухню сварганить кофе с бутербродом. После небольшого перекуса он обосновался у себя за столом и уставился в телефон.]]",
      "links": [
        {
          "name": "Богдан начал разбирать сумки, продолжая болтать. Поделившись новостями, он отлучился на кухню сварганить кофе с бутербродом. После небольшого перекуса он обосновался у себя за столом и уставился в телефон.",
          "link": "Богдан начал разбирать сумки, продолжая болтать. Поделившись новостями, он отлучился на кухню сварганить кофе с бутербродом. После небольшого перекуса он обосновался у себя за столом и уставился в телефон.",
          "pid": "46"
        }
      ],
      "name": "— Да, надеюсь, мы справимся с последствиями совместного быта. Но она такая грязнуля! И домашние обязанности делить поровну не хочет. Люблю кухарить и порядок наводить, но в разумных пределах.",
      "pid": "5",
      "position": {
        "x": "850",
        "y": "600"
      },
      "tags": [
        "t:p",
        "setReaction:friend-confused"
      ]
    },
    {
      "text": "— Ты же играл в РПГ-серию «Масс дефект»? С кем мутил из команды?\n---\n[[— Конечно! В Дефекте я играл за командоршу. А из союзников мне приглянулась голубокожая ведьма Моргала. Был уверен, что мы с ней слесбинимся. К сожалению, её интересовало только зачатие демонических детей. Поэтому, подарив друг другу несколько марсианских дней полных любви, мы расстались, после чего я заключил политический брак с галактическим принцем Нытиком.]]",
      "links": [
        {
          "name": "— Конечно! В Дефекте я играл за командоршу. А из союзников мне приглянулась голубокожая ведьма Моргала. Был уверен, что мы с ней слесбинимся. К сожалению, её интересовало только зачатие демонических детей. Поэтому, подарив друг другу несколько марсианских дней полных любви, мы расстались, после чего я заключил политический брак с галактическим принцем Нытиком.",
          "link": "— Конечно! В Дефекте я играл за командоршу. А из союзников мне приглянулась голубокожая ведьма Моргала. Был уверен, что мы с ней слесбинимся. К сожалению, её интересовало только зачатие демонических детей. Поэтому, подарив друг другу несколько марсианских дней полных любви, мы расстались, после чего я заключил политический брак с галактическим принцем Нытиком.",
          "pid": "7"
        }
      ],
      "name": "— Ты же играл в РПГ-серию \"Масс дефект\"? С кем мутил из команды?",
      "pid": "6",
      "position": {
        "x": "1546",
        "y": "592"
      },
      "tags": [
        "t:h"
      ]
    },
    {
      "text": "— Конечно! В Дефекте я играл за командоршу. А из союзников мне приглянулась голубокожая ведьма Моргала. Был уверен, что мы с ней слесбинимся. К сожалению, её интересовало только зачатие демонических детей. Поэтому, подарив друг другу несколько марсианских дней полных любви, мы расстались, после чего я заключил политический брак с галактическим принцем Нытиком.\n---\n[[— Что смотрел на каникулах? Я заценил экранизацию комикса, который ты мне давал почитать — «Леденящие душу приключения Сардины», и мне интересно было бы узнать твои мысли по сериалу. Кстати, возвращаю комикс.]]",
      "links": [
        {
          "name": "— Что смотрел на каникулах? Я заценил экранизацию комикса, который ты мне давал почитать — «Леденящие душу приключения Сардины», и мне интересно было бы узнать твои мысли по сериалу. Кстати, возвращаю комикс.",
          "link": "— Что смотрел на каникулах? Я заценил экранизацию комикса, который ты мне давал почитать — «Леденящие душу приключения Сардины», и мне интересно было бы узнать твои мысли по сериалу. Кстати, возвращаю комикс.",
          "pid": "8"
        }
      ],
      "name": "— Конечно! В Дефекте я играл за командоршу. А из союзников мне приглянулась голубокожая ведьма Моргала. Был уверен, что мы с ней слесбинимся. К сожалению, её интересовало только зачатие демонических детей. Поэтому, подарив друг другу несколько марсианских дней полных любви, мы расстались, после чего я заключил политический брак с галактическим принцем Нытиком.",
      "pid": "7",
      "position": {
        "x": "1725",
        "y": "600"
      },
      "tags": [
        "t:p",
        "setReaction:friend-embarrassed"
      ]
    },
    {
      "text": "— Что смотрел на каникулах? Я заценил экранизацию комикса, который ты мне давал почитать — «Леденящие душу приключения Сардины», — и мне интересно было бы узнать твои мысли по сериалу. Кстати, возвращаю комикс.\n---\n[[Картинка комикса]]",
      "links": [
        {
          "name": "Картинка комикса",
          "link": "Картинка комикса",
          "pid": "71"
        }
      ],
      "name": "— Что смотрел на каникулах? Я заценил экранизацию комикса, который ты мне давал почитать — «Леденящие душу приключения Сардины», и мне интересно было бы узнать твои мысли по сериалу. Кстати, возвращаю комикс.",
      "pid": "8",
      "position": {
        "x": "1896",
        "y": "600"
      },
      "tags": [
        "t:h"
      ]
    },
    {
      "text": "— О, моя макулатурка вернулась! Честно говоря, могли бы все уместить в один сезон, порезать ненужных персов и добавить леденящести и жути. Или добавить жути, вырезав лишних персонажей буквально. А так получилось нелепо и комично. Тетушки-ведьмы вышли хорошо. Сардина и по книге не самый интересный персонаж. Мадам Шайтан – другое дело. Дали бы ей развернуться.\n---\n[[— А как тебе кузен Сардины?]]",
      "links": [
        {
          "name": "— А как тебе кузен Сардины?",
          "link": "— А как тебе кузен Сардины?",
          "pid": "10"
        }
      ],
      "name": "— О, моя макулатурка вернулась! Честно говоря, могли бы все уместить в один сезон, порезать ненужных персов и добавить леденящести и жути. Или добавить жути, вырезав лишних персонажей буквально. А так получилось нелепо и комично. Тетушки-ведьмы вышли хорошо. Сардина и по книге не самый интересный персонаж. Мадам Шайтан – другое дело. Дали бы ей развернуться.",
      "pid": "9",
      "position": {
        "x": "2075",
        "y": "604"
      },
      "tags": [
        "t:p",
        "setReaction:friend-thinking"
      ]
    },
    {
      "text": "— А как тебе кузен Сардины?\n---\n[[— Сыграл неплохо. Меня волновало, что у него будто бы единственный ноутбук на весь их городок, словно они живут в шибко альтернативной реальности, где мобилы и компьютеры – редкость. Я бы там не выжил.]]",
      "links": [
        {
          "name": "— Сыграл неплохо. Меня волновало, что у него будто бы единственный ноутбук на весь их городок, словно они живут в шибко альтернативной реальности, где мобилы и компьютеры – редкость. Я бы там не выжил.",
          "link": "— Сыграл неплохо. Меня волновало, что у него будто бы единственный ноутбук на весь их городок, словно они живут в шибко альтернативной реальности, где мобилы и компьютеры – редкость. Я бы там не выжил.",
          "pid": "11"
        }
      ],
      "name": "— А как тебе кузен Сардины?",
      "pid": "10",
      "position": {
        "x": "2250",
        "y": "600"
      },
      "tags": [
        "t:h"
      ]
    },
    {
      "text": "— Сыграл неплохо. Меня волновало, что у него будто бы единственный ноутбук на весь их городок, словно они живут в шибко альтернативной реальности, где мобилы и компьютеры – редкость. Я бы там не выжил.\n---\n[[— А как тебе сцена оргии на чердаке?]]",
      "links": [
        {
          "name": "— А как тебе сцена оргии на чердаке?",
          "link": "— А как тебе сцена оргии на чердаке?",
          "pid": "19"
        }
      ],
      "name": "— Сыграл неплохо. Меня волновало, что у него будто бы единственный ноутбук на весь их городок, словно они живут в шибко альтернативной реальности, где мобилы и компьютеры – редкость. Я бы там не выжил.",
      "pid": "11",
      "position": {
        "x": "2425",
        "y": "600"
      },
      "tags": [
        "t:p"
      ]
    },
    {
      "text": "— Ну, там ничего не показали. Скучно и по-детски. И странновато, что большинство ведьм и ведьмаков молодых бисексуальны.\n---\n[[— Понравился кот-фамильяр Салями. Напомнил мне тебя.]]",
      "links": [
        {
          "name": "— Понравился кот-фамильяр Салями. Напомнил мне тебя.",
          "link": "— Понравился кот-фамильяр Салями. Напомнил мне тебя.",
          "pid": "48"
        }
      ],
      "name": "— Ну, там ничего не показали. Скучно и по-детски. И странновато, что большинство ведьм и ведьмаков молодых бисексуальны.",
      "pid": "12",
      "position": {
        "x": "2775",
        "y": "600"
      },
      "tags": [
        "t:p",
        "setReaction:friend-confused"
      ]
    },
    {
      "text": "— Ты незаметный и тихий большую часть времени. А в херовые времена рядом: подсобил с черчением, выслушиваешь мои жалобы на Катю, за лекарствами бегал, когда я болел. Только иногда кажется, что ты меня боишься.\n---\n[[— Не боюсь, а не доверяю.]]\n[[— Это не так.]]\n",
      "links": [
        {
          "name": "— Не боюсь, а не доверяю.",
          "link": "— Не боюсь, а не доверяю.",
          "pid": "14"
        },
        {
          "name": "— Это не так.",
          "link": "— Это не так.",
          "pid": "15"
        }
      ],
      "name": "— Ты незаметный и тихий большую часть времени. А в херовые времена рядом: подсобил с черчением, выслушиваешь мои жалобы на Катю, за лекарствами бегал, когда я болел. Только иногда кажется, что ты меня боишься.",
      "pid": "13",
      "position": {
        "x": "3325",
        "y": "600"
      },
      "tags": [
        "t:p",
        "setReaction:friend-thinking"
      ]
    },
    {
      "text": "— Не боюсь, а не доверяю.\n---\n[[— А причём здесь доверие? Я разве сплетник или лезу в твою личную жизнь? Обидно. Мне отец говорил, что студенчество время заводить друзей и быть открытым, а ты сопротивляешься тому и другому.]]",
      "links": [
        {
          "name": "— А причём здесь доверие? Я разве сплетник или лезу в твою личную жизнь? Обидно. Мне отец говорил, что студенчество время заводить друзей и быть открытым, а ты сопротивляешься тому и другому.",
          "link": "— А причём здесь доверие? Я разве сплетник или лезу в твою личную жизнь? Обидно. Мне отец говорил, что студенчество время заводить друзей и быть открытым, а ты сопротивляешься тому и другому.",
          "pid": "17"
        }
      ],
      "name": "— Не боюсь, а не доверяю.",
      "pid": "14",
      "position": {
        "x": "3525",
        "y": "600"
      },
      "tags": [
        "t:h"
      ]
    },
    {
      "text": "— Это не так.\n---\n[[— А что тогда? Мы знакомы год и вроде друзья, но ты скрываешь от меня что-то или стесняешься.]]",
      "links": [
        {
          "name": "— А что тогда? Мы знакомы год и вроде друзья, но ты скрываешь от меня что-то или стесняешься.",
          "link": "— А что тогда? Мы знакомы год и вроде друзья, но ты скрываешь от меня что-то или стесняешься.",
          "pid": "16"
        }
      ],
      "name": "— Это не так.",
      "pid": "15",
      "position": {
        "x": "3525",
        "y": "800"
      },
      "tags": [
        "t:h"
      ]
    },
    {
      "text": "— А что тогда? Мы знакомы год и вроде друзья, но ты скрываешь от меня что-то или стесняешься.\n---\n[[— Дело не в тебе, а во мне.]]",
      "links": [
        {
          "name": "— Дело не в тебе, а во мне.",
          "link": "— Дело не в тебе, а во мне.",
          "pid": "18"
        }
      ],
      "name": "— А что тогда? Мы знакомы год и вроде друзья, но ты скрываешь от меня что-то или стесняешься.",
      "pid": "16",
      "position": {
        "x": "3725",
        "y": "800"
      },
      "tags": [
        "t:p",
        "setReaction:friend-main"
      ]
    },
    {
      "text": "— А причём здесь доверие? Я разве сплетник или лезу в твою личную жизнь? Обидно. Мне отец говорил, что студенчество время заводить друзей и быть открытым, а ты сопротивляешься тому и другому.\n---\n[[— Дело не в тебе, а во мне.]]",
      "links": [
        {
          "name": "— Дело не в тебе, а во мне.",
          "link": "— Дело не в тебе, а во мне.",
          "pid": "18"
        }
      ],
      "name": "— А причём здесь доверие? Я разве сплетник или лезу в твою личную жизнь? Обидно. Мне отец говорил, что студенчество время заводить друзей и быть открытым, а ты сопротивляешься тому и другому.",
      "pid": "17",
      "position": {
        "x": "3725",
        "y": "600"
      },
      "tags": [
        "t:p",
        "setReaction:friend-main"
      ]
    },
    {
      "text": "— Дело не в тебе, а во мне.\n---\n[[— Не будь мудаком. Выкладывай. Ты убил кого-то и труп спрятал в этой комнате? То-то ты удивился меня видеть.]]",
      "links": [
        {
          "name": "— Не будь мудаком. Выкладывай. Ты убил кого-то и труп спрятал в этой комнате? То-то ты удивился меня видеть.",
          "link": "— Не будь мудаком. Выкладывай. Ты убил кого-то и труп спрятал в этой комнате? То-то ты удивился меня видеть.",
          "pid": "21"
        }
      ],
      "name": "— Дело не в тебе, а во мне.",
      "pid": "18",
      "position": {
        "x": "3925",
        "y": "675"
      },
      "tags": [
        "t:h"
      ]
    },
    {
      "text": "— А как тебе сцена оргии на чердаке?\n---\n[[— Ну, там ничего не показали. Скучно и по-детски. И странновато, что большинство ведьм и ведьмаков молодых бисексуальны.]]",
      "links": [
        {
          "name": "— Ну, там ничего не показали. Скучно и по-детски. И странновато, что большинство ведьм и ведьмаков молодых бисексуальны.",
          "link": "— Ну, там ничего не показали. Скучно и по-детски. И странновато, что большинство ведьм и ведьмаков молодых бисексуальны.",
          "pid": "12"
        }
      ],
      "name": "— А как тебе сцена оргии на чердаке?",
      "pid": "19",
      "position": {
        "x": "2600",
        "y": "600"
      },
      "tags": [
        "t:h"
      ]
    },
    {
      "text": "— Почему?\n---\n[[— Ты незаметный и тихий большую часть времени. А в херовые времена рядом: подсобил с черчением, выслушиваешь мои жалобы на Катю, за лекарствами бегал, когда я болел. Только иногда кажется, что ты меня боишься.]]",
      "links": [
        {
          "name": "— Ты незаметный и тихий большую часть времени. А в херовые времена рядом: подсобил с черчением, выслушиваешь мои жалобы на Катю, за лекарствами бегал, когда я болел. Только иногда кажется, что ты меня боишься.",
          "link": "— Ты незаметный и тихий большую часть времени. А в херовые времена рядом: подсобил с черчением, выслушиваешь мои жалобы на Катю, за лекарствами бегал, когда я болел. Только иногда кажется, что ты меня боишься.",
          "pid": "13"
        }
      ],
      "name": "— Почему?",
      "pid": "20",
      "position": {
        "x": "3125",
        "y": "604"
      },
      "tags": [
        "t:h"
      ]
    },
    {
      "text": "— Не будь мудаком. Выкладывай. Ты убил кого-то и труп спрятал в этой комнате? То-то ты удивился меня видеть.\n---\n[[— Это личное.]]\n[[— Я как раз собираюсь с силами тебе кое-что сказать...]]",
      "links": [
        {
          "name": "— Это личное.",
          "link": "— Это личное.",
          "pid": "22"
        },
        {
          "name": "— Я как раз собираюсь с силами тебе кое-что сказать...",
          "link": "— Я как раз собираюсь с силами тебе кое-что сказать...",
          "pid": "64"
        }
      ],
      "name": "— Не будь мудаком. Выкладывай. Ты убил кого-то и труп спрятал в этой комнате? То-то ты удивился меня видеть.",
      "pid": "21",
      "position": {
        "x": "4125",
        "y": "675"
      },
      "tags": [
        "t:p",
        "setReaction:friend-confused"
      ]
    },
    {
      "text": "— Это личное.\n---\n[[— Насколько личное? Я тебя пьяным вдрызг видел и мы говорим на любые темы. Кроме твоей половой жизни.]]",
      "links": [
        {
          "name": "— Насколько личное? Я тебя пьяным вдрызг видел и мы говорим на любые темы. Кроме твоей половой жизни.",
          "link": "— Насколько личное? Я тебя пьяным вдрызг видел и мы говорим на любые темы. Кроме твоей половой жизни.",
          "pid": "23"
        }
      ],
      "name": "— Это личное.",
      "pid": "22",
      "position": {
        "x": "4325",
        "y": "675"
      },
      "tags": [
        "t:h"
      ]
    },
    {
      "text": "— Насколько личное? Я тебя пьяным вдрызг видел и мы говорим на любые темы. Кроме твоей половой жизни.\n---\n[[— Нет у меня секса.]]\n[[— Не думаю, что моя сексуальная жизнь тебе будет интересна.]]",
      "links": [
        {
          "name": "— Нет у меня секса.",
          "link": "— Нет у меня секса.",
          "pid": "24"
        },
        {
          "name": "— Не думаю, что моя сексуальная жизнь тебе будет интересна.",
          "link": "— Не думаю, что моя сексуальная жизнь тебе будет интересна.",
          "pid": "68"
        }
      ],
      "name": "— Насколько личное? Я тебя пьяным вдрызг видел и мы говорим на любые темы. Кроме твоей половой жизни.",
      "pid": "23",
      "position": {
        "x": "4525",
        "y": "675"
      },
      "tags": [
        "t:p"
      ]
    },
    {
      "text": "— Нет у меня секса.\n---\n[[— Ну, такое возможно. И твое решение. Но мне непонятно.]]",
      "links": [
        {
          "name": "— Ну, такое возможно. И твое решение. Но мне непонятно.",
          "link": "— Ну, такое возможно. И твое решение. Но мне непонятно.",
          "pid": "25"
        }
      ],
      "name": "— Нет у меня секса.",
      "pid": "24",
      "position": {
        "x": "4700",
        "y": "625"
      },
      "tags": [
        "t:h"
      ]
    },
    {
      "text": "— Ну, такое возможно. И твое решение. Но мне непонятно.\n---\n[[— Я гей.]]\n[[— Я гомосексуалист.]]\n[[— Ничего, всё нормально. Не обращай внимания.]]",
      "links": [
        {
          "name": "— Я гей.",
          "link": "— Я гей.",
          "pid": "26"
        },
        {
          "name": "— Я гомосексуалист.",
          "link": "— Я гомосексуалист.",
          "pid": "27"
        },
        {
          "name": "— Ничего, всё нормально. Не обращай внимания.",
          "link": "— Ничего, всё нормально. Не обращай внимания.",
          "pid": "28"
        }
      ],
      "name": "— Ну, такое возможно. И твое решение. Но мне непонятно.",
      "pid": "25",
      "position": {
        "x": "4875",
        "y": "625"
      },
      "tags": [
        "t:p",
        "setReaction:friend-main"
      ]
    },
    {
      "text": "— Я гей.\n---\n[[Ага. А дальше? Что случилось?->— Ага. А дальше? Что случилось?]]",
      "links": [
        {
          "name": "Ага. А дальше? Что случилось?",
          "link": "— Ага. А дальше? Что случилось?",
          "pid": "29"
        }
      ],
      "name": "— Я гей.",
      "pid": "26",
      "position": {
        "x": "5075",
        "y": "625"
      },
      "tags": [
        "t:h"
      ]
    },
    {
      "text": "— Я гомосексуалист.\n---\n[[Не использовать это устаревшее слово. Оно отсылает к тому времени, когда гомосексуальность считалась болезнью и гомосексуализм было названием диагноза, а также звучмит как олезни и партии. Словно это название идеологии партии, в которую можно вступить по желанию->Слова \"гомосексуализм\" и \"гомосексуалист\" отсылают к тому времени, когда гомосексуальность считалась болезнью и преступлением, а \"гомосексуализм\" было названием диагноза. Лучше вместо них использовать слова \"гомосексуальность\" и \"гомосексуал\".]]",
      "links": [
        {
          "name": "Не использовать это устаревшее слово. Оно отсылает к тому времени, когда гомосексуальность считалась болезнью и гомосексуализм было названием диагноза, а также звучмит как олезни и партии. Словно это название идеологии партии, в которую можно вступить по желанию",
          "link": "Слова \"гомосексуализм\" и \"гомосексуалист\" отсылают к тому времени, когда гомосексуальность считалась болезнью и преступлением, а \"гомосексуализм\" было названием диагноза. Лучше вместо них использовать слова \"гомосексуальность\" и \"гомосексуал\".",
          "pid": "31"
        }
      ],
      "name": "— Я гомосексуалист.",
      "pid": "27",
      "position": {
        "x": "5075",
        "y": "775"
      },
      "tags": [
        "t:h"
      ]
    },
    {
      "text": "— Ничего, всё нормально. Не обращай внимания.\n---\n[[Богдан задумывается на секунду и говорит: «Это случаем не про то, что ты гей?»->— Богдан задумывается на секунду и говорит: \"Это случаем не про то, что ты гей?\"]]",
      "links": [
        {
          "name": "Богдан задумывается на секунду и говорит: «Это случаем не про то, что ты гей?»",
          "link": "— Богдан задумывается на секунду и говорит: \"Это случаем не про то, что ты гей?\"",
          "pid": "33"
        }
      ],
      "name": "— Ничего, всё нормально. Не обращай внимания.",
      "pid": "28",
      "position": {
        "x": "5075",
        "y": "925"
      },
      "tags": [
        "t:h"
      ]
    },
    {
      "text": "— Ага. А дальше? Что случилось?\n---\n[[— Я гей.2]]",
      "links": [
        {
          "name": "— Я гей.2",
          "link": "— Я гей.2",
          "pid": "30"
        }
      ],
      "name": "— Ага. А дальше? Что случилось?",
      "pid": "29",
      "position": {
        "x": "5475",
        "y": "700"
      },
      "tags": [
        "t:p"
      ]
    },
    {
      "text": "— Я гей.\n---\n[[— Я услышал. И дальше?]]\n",
      "links": [
        {
          "name": "— Я услышал. И дальше?",
          "link": "— Я услышал. И дальше?",
          "pid": "32"
        }
      ],
      "name": "— Я гей.2",
      "pid": "30",
      "position": {
        "x": "5675",
        "y": "700"
      },
      "tags": [
        "t:h"
      ]
    },
    {
      "text": "{adviceId=0}\nСлова «гомосексуализм» и «гомосексуалист» отсылают к тому времени, когда гомосексуальность считалась болезнью и преступлением, а «гомосексуализм» было названием диагноза. Лучше вместо них использовать слова «гомосексуальность» и «гомосексуал».\n---\n[[— Ага. А дальше? Что случилось?]]",
      "links": [
        {
          "name": "— Ага. А дальше? Что случилось?",
          "link": "— Ага. А дальше? Что случилось?",
          "pid": "29"
        }
      ],
      "name": "Слова \"гомосексуализм\" и \"гомосексуалист\" отсылают к тому времени, когда гомосексуальность считалась болезнью и преступлением, а \"гомосексуализм\" было названием диагноза. Лучше вместо них использовать слова \"гомосексуальность\" и \"гомосексуал\".",
      "pid": "31",
      "position": {
        "x": "5275",
        "y": "775"
      },
      "tags": [
        "t:f"
      ]
    },
    {
      "text": "— Я услышал. И дальше?\n---\n[[— И тебе нормально?]]",
      "links": [
        {
          "name": "— И тебе нормально?",
          "link": "— И тебе нормально?",
          "pid": "36"
        }
      ],
      "name": "— Я услышал. И дальше?",
      "pid": "32",
      "position": {
        "x": "5875",
        "y": "700"
      },
      "tags": [
        "t:p"
      ]
    },
    {
      "text": "— Богдан задумывается на секунду и говорит: «Это случаем не про то, что ты гей?»\n---\n[[— ?!]]",
      "links": [
        {
          "name": "— ?!",
          "link": "— ?!",
          "pid": "34"
        }
      ],
      "name": "— Богдан задумывается на секунду и говорит: \"Это случаем не про то, что ты гей?\"",
      "pid": "33",
      "position": {
        "x": "5475",
        "y": "925"
      },
      "tags": [
        "t:p",
        "setReaction:friend-thinking"
      ]
    },
    {
      "text": "— ?!\n---\n[[— Я видел Грайндр и Хорнет у тебя на телефоне. Да, я знаю аппы для геев. В своё время изучал доступные в регионе приложения для знакомств.]]",
      "links": [
        {
          "name": "— Я видел Грайндр и Хорнет у тебя на телефоне. Да, я знаю аппы для геев. В своё время изучал доступные в регионе приложения для знакомств.",
          "link": "— Я видел Грайндр и Хорнет у тебя на телефоне. Да, я знаю аппы для геев. В своё время изучал доступные в регионе приложения для знакомств.",
          "pid": "35"
        }
      ],
      "name": "— ?!",
      "pid": "34",
      "position": {
        "x": "5675",
        "y": "925"
      },
      "tags": [
        "t:h"
      ]
    },
    {
      "text": "— Я видел Грайндр и Хорнет у тебя на телефоне. Да, я знаю аппы для геев. В своё время изучал доступные в регионе приложения для знакомств.\n---\n[[— И тебе нормально?]]",
      "links": [
        {
          "name": "— И тебе нормально?",
          "link": "— И тебе нормально?",
          "pid": "36"
        }
      ],
      "name": "— Я видел Грайндр и Хорнет у тебя на телефоне. Да, я знаю аппы для геев. В своё время изучал доступные в регионе приложения для знакомств.",
      "pid": "35",
      "position": {
        "x": "5875",
        "y": "925"
      },
      "tags": [
        "t:p",
        "setReaction:friend-main"
      ]
    },
    {
      "text": "— И тебе нормально?\n---\n[[— Да, норм. Ты конкретный чувак, который уважительно относится ко мне и с которым комфортно вместе жить. Не маньяк какой. Ты мне друг. Это же взаимно?]]",
      "links": [
        {
          "name": "— Да, норм. Ты конкретный чувак, который уважительно относится ко мне и с которым комфортно вместе жить. Не маньяк какой. Ты мне друг. Это же взаимно?",
          "link": "— Да, норм. Ты конкретный чувак, который уважительно относится ко мне и с которым комфортно вместе жить. Не маньяк какой. Ты мне друг. Это же взаимно?",
          "pid": "37"
        }
      ],
      "name": "— И тебе нормально?",
      "pid": "36",
      "position": {
        "x": "6075",
        "y": "800"
      },
      "tags": [
        "t:h"
      ]
    },
    {
      "text": "— Да, норм. Ты конкретный чувак, который уважительно относится ко мне и с которым комфортно вместе жить. Не маньяк какой. Ты мне друг. Это же взаимно?\n---\n[[— Слушай. Парни могут по-разному реагировать. Меня Тимур из 105 спрашивал \"как ты с педиком в одной комнате жить можешь\". Я в ответ попытался уточнить, как он может делить одно тело с безмозглой свиньёй. Считай, тебе повезло с соседом. Я рад, что ты больше не будешь париться. Видно, ты боялся сказать.]]",
      "links": [
        {
          "name": "— Слушай. Парни могут по-разному реагировать. Меня Тимур из 105 спрашивал \"как ты с педиком в одной комнате жить можешь\". Я в ответ попытался уточнить, как он может делить одно тело с безмозглой свиньёй. Считай, тебе повезло с соседом. Я рад, что ты больше не будешь париться. Видно, ты боялся сказать.",
          "link": "— Слушай. Парни могут по-разному реагировать. Меня Тимур из 105 спрашивал \"как ты с педиком в одной комнате жить можешь\". Я в ответ попытался уточнить, как он может делить одно тело с безмозглой свиньёй. Считай, тебе повезло с соседом. Я рад, что ты больше не будешь париться. Видно, ты боялся сказать.",
          "pid": "38"
        }
      ],
      "name": "— Да, норм. Ты конкретный чувак, который уважительно относится ко мне и с которым комфортно вместе жить. Не маньяк какой. Ты мне друг. Это же взаимно?",
      "pid": "37",
      "position": {
        "x": "6275",
        "y": "808"
      },
      "tags": [
        "t:p",
        "setReaction:friend-confused"
      ]
    },
    {
      "text": "— Слушай. Парни могут по-разному реагировать. Меня Тимур из 105 спрашивал «как ты с педиком в одной комнате жить можешь». Я в ответ попытался уточнить, как он может делить одно тело с безмозглой свиньёй. Считай, тебе повезло с соседом. Я рад, что ты больше не будешь париться. Видно, ты боялся сказать.\n---\n[[— Ты даже можешь меня про отношения спрашивать. Я поопытнее буду. Девушки, как по мне, не так уж от парней отличаются. Всем хочется любви.]]",
      "links": [
        {
          "name": "— Ты даже можешь меня про отношения спрашивать. Я поопытнее буду. Девушки, как по мне, не так уж от парней отличаются. Всем хочется любви.",
          "link": "— Ты даже можешь меня про отношения спрашивать. Я поопытнее буду. Девушки, как по мне, не так уж от парней отличаются. Всем хочется любви.",
          "pid": "39"
        }
      ],
      "name": "— Слушай. Парни могут по-разному реагировать. Меня Тимур из 105 спрашивал \"как ты с педиком в одной комнате жить можешь\". Я в ответ попытался уточнить, как он может делить одно тело с безмозглой свиньёй. Считай, тебе повезло с соседом. Я рад, что ты больше не будешь париться. Видно, ты боялся сказать.",
      "pid": "38",
      "position": {
        "x": "6475",
        "y": "804"
      },
      "tags": [
        "t:p",
        "setReaction:friend-main"
      ]
    },
    {
      "text": "— Ты даже можешь меня про отношения спрашивать. Я поопытнее буду. Девушки, как по мне, не так уж от парней отличаются. Всем хочется любви.\n---\n[[— А ты... гетеросексуал?]]",
      "links": [
        {
          "name": "— А ты... гетеросексуал?",
          "link": "— А ты... гетеросексуал?",
          "pid": "40"
        }
      ],
      "name": "— Ты даже можешь меня про отношения спрашивать. Я поопытнее буду. Девушки, как по мне, не так уж от парней отличаются. Всем хочется любви.",
      "pid": "39",
      "position": {
        "x": "6675",
        "y": "800"
      },
      "tags": [
        "t:p",
        "setReaction:friend-smiling"
      ]
    },
    {
      "text": "— А ты... гетеросексуал?\n---\n[[— Да. И ты мне как младший брат.]]",
      "links": [
        {
          "name": "— Да. И ты мне как младший брат.",
          "link": "— Да. И ты мне как младший брат.",
          "pid": "41"
        }
      ],
      "name": "— А ты... гетеросексуал?",
      "pid": "40",
      "position": {
        "x": "6850",
        "y": "800"
      },
      "tags": [
        "t:h"
      ]
    },
    {
      "text": "— Да. И ты мне как младший брат.\n---\n[[— Я очень удивлён, что ты спокойно отнёсся к новости...]]",
      "links": [
        {
          "name": "— Я очень удивлён, что ты спокойно отнёсся к новости...",
          "link": "— Я очень удивлён, что ты спокойно отнёсся к новости...",
          "pid": "42"
        }
      ],
      "name": "— Да. И ты мне как младший брат.",
      "pid": "41",
      "position": {
        "x": "7025",
        "y": "800"
      },
      "tags": [
        "t:p",
        "setReaction:friend-main"
      ]
    },
    {
      "text": "— Я очень удивлён, что ты спокойно отнёсся к новости...\n---\n[[— Раньше я всякое говорил и думал о ЛГБТ. А потом оказалось, что мой друг детства гей. Он мне признался два года назад. Сразу принял. Он мне семья. Лёва дал мне литературку почитать, познакомил с разным народом. Сейчас не понимаю, почему я был такой сволочью. Быть ограниченным ксенофобом невыгодно.]]",
      "links": [
        {
          "name": "— Раньше я всякое говорил и думал о ЛГБТ. А потом оказалось, что мой друг детства гей. Он мне признался два года назад. Сразу принял. Он мне семья. Лёва дал мне литературку почитать, познакомил с разным народом. Сейчас не понимаю, почему я был такой сволочью. Быть ограниченным ксенофобом невыгодно.",
          "link": "— Раньше я всякое говорил и думал о ЛГБТ. А потом оказалось, что мой друг детства гей. Он мне признался два года назад. Сразу принял. Он мне семья. Лёва дал мне литературку почитать, познакомил с разным народом. Сейчас не понимаю, почему я был такой сволочью. Быть ограниченным ксенофобом невыгодно.",
          "pid": "49"
        }
      ],
      "name": "— Я очень удивлён, что ты спокойно отнёсся к новости...",
      "pid": "42",
      "position": {
        "x": "7196",
        "y": "804"
      },
      "tags": [
        "t:h"
      ]
    },
    {
      "text": "— Если тебя волнуют ЛГБТ-вопросы, то поговори с другими ребятами. Вот тебе контакт знакомого активиста из ваших. Вдруг окажется полезным?\n---\n[[— Спасибо, подумаю...]]",
      "links": [
        {
          "name": "— Спасибо, подумаю...",
          "link": "— Спасибо, подумаю...",
          "pid": "63"
        }
      ],
      "name": "— Если тебя волнуют ЛГБТ-вопросы, то поговори с другими ребятами. Вот тебе контакт знакомого активиста из ваших. Вдруг окажется полезным?",
      "pid": "43",
      "position": {
        "x": "8957",
        "y": "800"
      },
      "tags": [
        "t:p",
        "unlockPerson:12",
        "unlockPerson:3",
        "unlockPerson:4",
        "unlockPerson:6",
        "unlockPerson:5"
      ]
    },
    {
      "text": "<i>Пока Богдан молчал вы поняли, что очень рады его видеть.</i>\n---\n[[Мы знакомы уже год и это самый близкий мне сейчас человек. Богдан современный и дружелюбный. Попробовать его прощупать на тему ЛГБТК+? Он смотрит американские сериалы, обожает видеоигры. Он должен знать квирных персонажей из них...]]",
      "links": [
        {
          "name": "Мы знакомы уже год и это самый близкий мне сейчас человек. Богдан современный и дружелюбный. Попробовать его прощупать на тему ЛГБТК+? Он смотрит американские сериалы, обожает видеоигры. Он должен знать квирных персонажей из них...",
          "link": "Мы знакомы уже год и это самый близкий мне сейчас человек. Богдан современный и дружелюбный. Попробовать его прощупать на тему ЛГБТК+? Он смотрит американские сериалы, обожает видеоигры. Он должен знать квирных персонажей из них...",
          "pid": "47"
        }
      ],
      "name": "Пока Богдан молчал вы поняли, что очень рады его видеть.",
      "pid": "44",
      "position": {
        "x": "1200",
        "y": "600"
      },
      "tags": [
        "t:h"
      ]
    },
    {
      "text": "<i>После разговора с матерью вы ещё день приходили в себя. Из постели вылазили только поесть. До начала курса было пару дней, поэтому вы удивились, когда в общажную комнату ввалился Богдан.</i>\n---\n[[Картинка нежданчик]]",
      "links": [
        {
          "name": "Картинка нежданчик",
          "link": "Картинка нежданчик",
          "pid": "70"
        }
      ],
      "name": "После разговора с матерью вы ещё день приходили в себя. Из постели вылазили только поесть. До начала курса было пару дней, поэтому вы удивились, когда в общажную комнату ввалился Богдан.",
      "pid": "45",
      "position": {
        "x": "37",
        "y": "608"
      },
      "tags": [
        "t:sp",
        "set:catFinished:0",
        "set:badPriestFinished:0",
        "set:psychologistFinished:0",
        "set:psyWomanFinished:0",
        "set:lawyerFinished:0",
        "set:friend-item:0",
        "set:activist-man-item:0",
        "set:activist-woman-item:0",
        "set:homophobic-woman-item:0",
        "set:friend-gay-item:0",
        "set:devil-item:0",
        "set:cat-item:0",
        "set:lesbian-item:0",
        "set:underaged-item:0",
        "set:horny-item:0"
      ]
    },
    {
      "text": "<i>Богдан начал разбирать сумки, продолжая болтать. Поделившись новостями, он отлучился на кухню сварганить кофе с бутербродом. После небольшого перекуса он обосновался у себя за столом и уставился в телефон.</i>\n---\n[[Пока Богдан молчал вы поняли, что очень рады его видеть.]]",
      "links": [
        {
          "name": "Пока Богдан молчал вы поняли, что очень рады его видеть.",
          "link": "Пока Богдан молчал вы поняли, что очень рады его видеть.",
          "pid": "44"
        }
      ],
      "name": "Богдан начал разбирать сумки, продолжая болтать. Поделившись новостями, он отлучился на кухню сварганить кофе с бутербродом. После небольшого перекуса он обосновался у себя за столом и уставился в телефон.",
      "pid": "46",
      "position": {
        "x": "1017",
        "y": "600"
      },
      "tags": [
        "t:p",
        "setReaction:friend-main"
      ]
    },
    {
      "text": "<i>Мы знакомы уже год и это самый близкий мне сейчас человек. Богдан современный и дружелюбный. Попробовать его прощупать на тему ЛГБТК+? Он смотрит американские сериалы, обожает видеоигры. Он должен знать квирных персонажей из них...</i>\n---\n[[— Ты же играл в РПГ-серию \"Масс дефект\"? С кем мутил из команды?]]",
      "links": [
        {
          "name": "— Ты же играл в РПГ-серию \"Масс дефект\"? С кем мутил из команды?",
          "link": "— Ты же играл в РПГ-серию \"Масс дефект\"? С кем мутил из команды?",
          "pid": "6"
        }
      ],
      "name": "Мы знакомы уже год и это самый близкий мне сейчас человек. Богдан современный и дружелюбный. Попробовать его прощупать на тему ЛГБТК+? Он смотрит американские сериалы, обожает видеоигры. Он должен знать квирных персонажей из них...",
      "pid": "47",
      "position": {
        "x": "1363",
        "y": "592"
      },
      "tags": [
        "t:h"
      ]
    },
    {
      "text": "— Понравился кот-фамильяр Салями. Напомнил мне тебя.\n---\n[[— Почему?]]",
      "links": [
        {
          "name": "— Почему?",
          "link": "— Почему?",
          "pid": "20"
        }
      ],
      "name": "— Понравился кот-фамильяр Салями. Напомнил мне тебя.",
      "pid": "48",
      "position": {
        "x": "2950",
        "y": "600"
      },
      "tags": [
        "t:p"
      ]
    },
    {
      "text": "— Раньше я всякое говорил и думал о ЛГБТ. А потом оказалось, что мой друг детства гей. Он мне признался два года назад. Сразу принял. Он мне семья. Лёва дал мне литературку почитать, познакомил с разным народом. Сейчас не понимаю, почему я был такой сволочью. Быть ограниченным ксенофобом невыгодно.\n---\n[[— Теперь считаю, надо принимать других людей. Всегда хотел создать свою компанию, а теперь появилась сверхзадача сделать свой бизнес открытым для каждого.]]",
      "links": [
        {
          "name": "— Теперь считаю, надо принимать других людей. Всегда хотел создать свою компанию, а теперь появилась сверхзадача сделать свой бизнес открытым для каждого.",
          "link": "— Теперь считаю, надо принимать других людей. Всегда хотел создать свою компанию, а теперь появилась сверхзадача сделать свой бизнес открытым для каждого.",
          "pid": "50"
        }
      ],
      "name": "— Раньше я всякое говорил и думал о ЛГБТ. А потом оказалось, что мой друг детства гей. Он мне признался два года назад. Сразу принял. Он мне семья. Лёва дал мне литературку почитать, познакомил с разным народом. Сейчас не понимаю, почему я был такой сволочью. Быть ограниченным ксенофобом невыгодно.",
      "pid": "49",
      "position": {
        "x": "7375",
        "y": "800"
      },
      "tags": [
        "t:p"
      ]
    },
    {
      "text": "— Теперь считаю, надо принимать других людей. Всегда хотел создать свою компанию, а теперь появилась сверхзадача сделать свой бизнес открытым для каждого.\n---\n[[— Феминистки, ЛГБТ, люди с инвалидностью и люди всех рас и национальностей - хочу работать со всеми и для всех.]]",
      "links": [
        {
          "name": "— Феминистки, ЛГБТ, люди с инвалидностью и люди всех рас и национальностей - хочу работать со всеми и для всех.",
          "link": "— Феминистки, ЛГБТ, люди с инвалидностью и люди всех рас и национальностей - хочу работать со всеми и для всех.",
          "pid": "51"
        }
      ],
      "name": "— Теперь считаю, надо принимать других людей. Всегда хотел создать свою компанию, а теперь появилась сверхзадача сделать свой бизнес открытым для каждого.",
      "pid": "50",
      "position": {
        "x": "7550",
        "y": "792"
      },
      "tags": [
        "t:p"
      ]
    },
    {
      "text": "— Феминистки, ЛГБТ, люди с инвалидностью и люди всех рас и национальностей — хочу работать со всеми и для всех.\n---\n[[— Чего скис, малой? Обнимемся и ты поплачешь?]]",
      "links": [
        {
          "name": "— Чего скис, малой? Обнимемся и ты поплачешь?",
          "link": "— Чего скис, малой? Обнимемся и ты поплачешь?",
          "pid": "52"
        }
      ],
      "name": "— Феминистки, ЛГБТ, люди с инвалидностью и люди всех рас и национальностей - хочу работать со всеми и для всех.",
      "pid": "51",
      "position": {
        "x": "7732",
        "y": "800"
      },
      "tags": [
        "t:p"
      ]
    },
    {
      "text": "— Чего скис, малой? Обнимемся и ты поплачешь?\n---\n[[— Броооо.]]\n[[— Нит, я гордый.]]\n[[Заплакать.]]",
      "links": [
        {
          "name": "— Броооо.",
          "link": "— Броооо.",
          "pid": "53"
        },
        {
          "name": "— Нит, я гордый.",
          "link": "— Нит, я гордый.",
          "pid": "54"
        },
        {
          "name": "Заплакать.",
          "link": "Заплакать.",
          "pid": "55"
        }
      ],
      "name": "— Чего скис, малой? Обнимемся и ты поплачешь?",
      "pid": "52",
      "position": {
        "x": "7907",
        "y": "800"
      },
      "tags": [
        "t:p",
        "showThing:soul-stone",
        "setReaction:friend-smiling",
        "set:friend-item:1"
      ]
    },
    {
      "text": "— Броооо.\n---\n[[Вы были рады итогу разговора. Дружба с Богданом вам дорога. Вы с охотой обняли человека, ставшего вам ещё немного ближе и почувствовали облегчение. Как камень с души свалился.]]\n",
      "links": [
        {
          "name": "Вы были рады итогу разговора. Дружба с Богданом вам дорога. Вы с охотой обняли человека, ставшего вам ещё немного ближе и почувствовали облегчение. Как камень с души свалился.",
          "link": "Вы были рады итогу разговора. Дружба с Богданом вам дорога. Вы с охотой обняли человека, ставшего вам ещё немного ближе и почувствовали облегчение. Как камень с души свалился.",
          "pid": "58"
        }
      ],
      "name": "— Броооо.",
      "pid": "53",
      "position": {
        "x": "8082",
        "y": "650"
      },
      "tags": [
        "t:h"
      ]
    },
    {
      "text": "— Нит, я гордый.\n---\n[[Вы были раду итогу разговора, но стеснялись обниматься. Задрав нос вы попытались обойти друга, нечаянно споткнулись и упали прямо к нему в руки. В груди что-то ёкнуло.]]",
      "links": [
        {
          "name": "Вы были раду итогу разговора, но стеснялись обниматься. Задрав нос вы попытались обойти друга, нечаянно споткнулись и упали прямо к нему в руки. В груди что-то ёкнуло.",
          "link": "Вы были раду итогу разговора, но стеснялись обниматься. Задрав нос вы попытались обойти друга, нечаянно споткнулись и упали прямо к нему в руки. В груди что-то ёкнуло.",
          "pid": "57"
        }
      ],
      "name": "— Нит, я гордый.",
      "pid": "54",
      "position": {
        "x": "8082",
        "y": "800"
      },
      "tags": [
        "t:h"
      ]
    },
    {
      "text": "<i>Заплакать.</i>\n---\n[[Даже стыдясь собственной реакции, вы заметили, как вам стало легче. Смущённый Богдан же со словами \"всё будет добре\" приобнял вас.]]",
      "links": [
        {
          "name": "Даже стыдясь собственной реакции, вы заметили, как вам стало легче. Смущённый Богдан же со словами \"всё будет добре\" приобнял вас.",
          "link": "Даже стыдясь собственной реакции, вы заметили, как вам стало легче. Смущённый Богдан же со словами \"всё будет добре\" приобнял вас.",
          "pid": "59"
        }
      ],
      "name": "Заплакать.",
      "pid": "55",
      "position": {
        "x": "8082",
        "y": "950"
      },
      "tags": [
        "t:h"
      ]
    },
    {
      "text": "friendly-hug.jpg---\n[[Молодые люди более открыты к общению с представителям ЛГБТК+ сообщества. Но это не универсальное правило. Многое зависит от воспитания, жизненного опыта и круга общения конкретного человека. Перед тем как открыться людям, взаимодействие с которыми неизбежно, можно попытаться выяснить их отношение к теме. Помните, на жизненном пути придётся столкнуться с большим набором реакций на ваш камин-аут: равнодушие, принятие и агрессия лишь три из многих.]]",
      "links": [
        {
          "name": "Молодые люди более открыты к общению с представителям ЛГБТК+ сообщества. Но это не универсальное правило. Многое зависит от воспитания, жизненного опыта и круга общения конкретного человека. Перед тем как открыться людям, взаимодействие с которыми неизбежно, можно попытаться выяснить их отношение к теме. Помните, на жизненном пути придётся столкнуться с большим набором реакций на ваш камин-аут: равнодушие, принятие и агрессия лишь три из многих.",
          "link": "Молодые люди более открыты к общению с представителям ЛГБТК+ сообщества. Но это не универсальное правило. Многое зависит от воспитания, жизненного опыта и круга общения конкретного человека. Перед тем как открыться людям, взаимодействие с которыми неизбежно, можно попытаться выяснить их отношение к теме. Помните, на жизненном пути придётся столкнуться с большим набором реакций на ваш камин-аут: равнодушие, принятие и агрессия лишь три из многих.",
          "pid": "60"
        }
      ],
      "name": "(картинка объятий)",
      "pid": "56",
      "position": {
        "x": "8432",
        "y": "800"
      },
      "tags": [
        "t:imgp",
        "delay:5000"
      ]
    },
    {
      "text": "<i>Вы были раду итогу разговора, но стеснялись обниматься. Задрав нос вы попытались обойти друга, нечаянно споткнулись и упали прямо к нему в руки. В груди что-то ёкнуло.</i>\n---\n[[(картинка объятий)]]",
      "links": [
        {
          "name": "(картинка объятий)",
          "link": "(картинка объятий)",
          "pid": "56"
        }
      ],
      "name": "Вы были раду итогу разговора, но стеснялись обниматься. Задрав нос вы попытались обойти друга, нечаянно споткнулись и упали прямо к нему в руки. В груди что-то ёкнуло.",
      "pid": "57",
      "position": {
        "x": "8257",
        "y": "800"
      },
      "tags": [
        "t:p",
        "delay:5000"
      ]
    },
    {
      "text": "<i>Вы были рады итогу разговора. Дружба с Богданом вам дорога. Вы с охотой обняли человека, ставшего вам ещё немного ближе и почувствовали облегчение. Как камень с души свалился.</i>\n---\n[[(картинка объятий)]]",
      "links": [
        {
          "name": "(картинка объятий)",
          "link": "(картинка объятий)",
          "pid": "56"
        }
      ],
      "name": "Вы были рады итогу разговора. Дружба с Богданом вам дорога. Вы с охотой обняли человека, ставшего вам ещё немного ближе и почувствовали облегчение. Как камень с души свалился.",
      "pid": "58",
      "position": {
        "x": "8257",
        "y": "650"
      },
      "tags": [
        "t:p",
        "delay:5000"
      ]
    },
    {
      "text": "<i>Даже стыдясь собственной реакции, вы заметили, как вам стало легче. Смущённый Богдан же со словами «всё будет добре» приобнял вас.</i>\n---\n[[(картинка объятий)]]",
      "links": [
        {
          "name": "(картинка объятий)",
          "link": "(картинка объятий)",
          "pid": "56"
        }
      ],
      "name": "Даже стыдясь собственной реакции, вы заметили, как вам стало легче. Смущённый Богдан же со словами \"всё будет добре\" приобнял вас.",
      "pid": "59",
      "position": {
        "x": "8257",
        "y": "950"
      },
      "tags": [
        "t:p",
        "delay:4500"
      ]
    },
    {
      "text": "{adviceId=1}\nМолодые люди более открыты к общению с представителям ЛГБТК+ сообщества. Но это не универсальное правило. Многое зависит от воспитания, жизненного опыта и круга общения конкретного человека. Перед тем как открыться людям, взаимодействие с которыми неизбежно, можно попытаться выяснить их отношение к теме. Помните, на жизненном пути придётся столкнуться с большим набором реакций на ваш камин-аут: равнодушие, принятие и агрессия лишь три из многих.\n---\n[[— Всё, хватит, ты меня смущаешь.]]",
      "links": [
        {
          "name": "— Всё, хватит, ты меня смущаешь.",
          "link": "— Всё, хватит, ты меня смущаешь.",
          "pid": "62"
        }
      ],
      "name": "Молодые люди более открыты к общению с представителям ЛГБТК+ сообщества. Но это не универсальное правило. Многое зависит от воспитания, жизненного опыта и круга общения конкретного человека. Перед тем как открыться людям, взаимодействие с которыми неизбежно, можно попытаться выяснить их отношение к теме. Помните, на жизненном пути придётся столкнуться с большим набором реакций на ваш камин-аут: равнодушие, принятие и агрессия лишь три из многих.",
      "pid": "60",
      "position": {
        "x": "8607",
        "y": "800"
      },
      "tags": [
        "t:f"
      ]
    },
    {
      "text": "<i>Диалог окончен. Вы можете вернуться на главный экран.</i>",
      "name": "Диалог окончен. Вы можете вернуться на главный экран.",
      "pid": "61",
      "position": {
        "x": "9307",
        "y": "800"
      },
      "tags": [
        "t:p"
      ]
    },
    {
      "text": "— Всё, хватит, ты меня смущаешь.\n---\n[[— Если тебя волнуют ЛГБТ-вопросы, то поговори с другими ребятами. Вот тебе контакт знакомого активиста из ваших. Вдруг окажется полезным?]]\n",
      "links": [
        {
          "name": "— Если тебя волнуют ЛГБТ-вопросы, то поговори с другими ребятами. Вот тебе контакт знакомого активиста из ваших. Вдруг окажется полезным?",
          "link": "— Если тебя волнуют ЛГБТ-вопросы, то поговори с другими ребятами. Вот тебе контакт знакомого активиста из ваших. Вдруг окажется полезным?",
          "pid": "43"
        }
      ],
      "name": "— Всё, хватит, ты меня смущаешь.",
      "pid": "62",
      "position": {
        "x": "8782",
        "y": "800"
      },
      "tags": [
        "t:h",
        "setReaction:friend-main"
      ]
    },
    {
      "text": "— Спасибо, подумаю...\n---\n[[Диалог окончен. Вы можете вернуться на главный экран.]]",
      "links": [
        {
          "name": "Диалог окончен. Вы можете вернуться на главный экран.",
          "link": "Диалог окончен. Вы можете вернуться на главный экран.",
          "pid": "61"
        }
      ],
      "name": "— Спасибо, подумаю...",
      "pid": "63",
      "position": {
        "x": "9132",
        "y": "800"
      },
      "tags": [
        "t:h"
      ]
    },
    {
      "text": "— Я как раз собираюсь с силами тебе кое-что сказать...\n---\n[[— Так собирайся быстрее. Всё будет хорошо, верь в себя.]]",
      "links": [
        {
          "name": "— Так собирайся быстрее. Всё будет хорошо, верь в себя.",
          "link": "— Так собирайся быстрее. Всё будет хорошо, верь в себя.",
          "pid": "65"
        }
      ],
      "name": "— Я как раз собираюсь с силами тебе кое-что сказать...",
      "pid": "64",
      "position": {
        "x": "4325",
        "y": "1025"
      },
      "tags": [
        "t:h"
      ]
    },
    {
      "text": "— Так собирайся быстрее. Всё будет хорошо, верь в себя.\n---\n[[— Дай перевести дыхание, сообразить. Не торопи меня!]]",
      "links": [
        {
          "name": "— Дай перевести дыхание, сообразить. Не торопи меня!",
          "link": "— Дай перевести дыхание, сообразить. Не торопи меня!",
          "pid": "66"
        }
      ],
      "name": "— Так собирайся быстрее. Всё будет хорошо, верь в себя.",
      "pid": "65",
      "position": {
        "x": "4525",
        "y": "1025"
      },
      "tags": [
        "t:p",
        "setReaction:friend-smiling"
      ]
    },
    {
      "text": "— Дай перевести дыхание, сообразить. Не торопи меня!\n---\n[[— Смотри! Я так усну в ожидании откровений.]]",
      "links": [
        {
          "name": "— Смотри! Я так усну в ожидании откровений.",
          "link": "— Смотри! Я так усну в ожидании откровений.",
          "pid": "67"
        }
      ],
      "name": "— Дай перевести дыхание, сообразить. Не торопи меня!",
      "pid": "66",
      "position": {
        "x": "4725",
        "y": "1025"
      },
      "tags": [
        "t:h"
      ]
    },
    {
      "text": "— Смотри! Я так усну в ожидании откровений.\n---\n[[— Я гей.]]\n[[— Я гомосексуалист.]]\n[[— Ничего, всё нормально. Не обращай внимания.]]",
      "links": [
        {
          "name": "— Я гей.",
          "link": "— Я гей.",
          "pid": "26"
        },
        {
          "name": "— Я гомосексуалист.",
          "link": "— Я гомосексуалист.",
          "pid": "27"
        },
        {
          "name": "— Ничего, всё нормально. Не обращай внимания.",
          "link": "— Ничего, всё нормально. Не обращай внимания.",
          "pid": "28"
        }
      ],
      "name": "— Смотри! Я так усну в ожидании откровений.",
      "pid": "67",
      "position": {
        "x": "4900",
        "y": "1025"
      },
      "tags": [
        "t:p",
        "setReaction:friend-main"
      ]
    },
    {
      "text": "— Не думаю, что моя сексуальная жизнь тебе будет интересна.\n---\n[[— Ты прав, меня интересует только моя. Теперь возвращаемся к тому, что ты хотел сказать.]]",
      "links": [
        {
          "name": "— Ты прав, меня интересует только моя. Теперь возвращаемся к тому, что ты хотел сказать.",
          "link": "— Ты прав, меня интересует только моя. Теперь возвращаемся к тому, что ты хотел сказать.",
          "pid": "69"
        }
      ],
      "name": "— Не думаю, что моя сексуальная жизнь тебе будет интересна.",
      "pid": "68",
      "position": {
        "x": "4675",
        "y": "825"
      },
      "tags": [
        "t:h"
      ]
    },
    {
      "text": "— Ты прав, меня интересует только моя. Теперь возвращаемся к тому, что ты хотел сказать.\n---\n[[— Я гей.]]\n[[— Я гомосексуалист.]]\n[[— Ничего, всё нормально. Не обращай внимания.]]",
      "links": [
        {
          "name": "— Я гей.",
          "link": "— Я гей.",
          "pid": "26"
        },
        {
          "name": "— Я гомосексуалист.",
          "link": "— Я гомосексуалист.",
          "pid": "27"
        },
        {
          "name": "— Ничего, всё нормально. Не обращай внимания.",
          "link": "— Ничего, всё нормально. Не обращай внимания.",
          "pid": "28"
        }
      ],
      "name": "— Ты прав, меня интересует только моя. Теперь возвращаемся к тому, что ты хотел сказать.",
      "pid": "69",
      "position": {
        "x": "4850",
        "y": "825"
      },
      "tags": [
        "t:p",
        "setReaction:friend-main"
      ]
    },
    {
      "text": "c.jpg\n---\n[[— Не ждал тебя так рано. С возвращением! Хорошо провёл первые студенческие каникулы?]]",
      "links": [
        {
          "name": "— Не ждал тебя так рано. С возвращением! Хорошо провёл первые студенческие каникулы?",
          "link": "— Не ждал тебя так рано. С возвращением! Хорошо провёл первые студенческие каникулы?",
          "pid": "1"
        }
      ],
      "name": "Картинка нежданчик",
      "pid": "70",
      "position": {
        "x": "124",
        "y": "842"
      },
      "tags": [
        "t:imgp"
      ]
    },
    {
      "text": "a.jpg\n---\n[[— О, моя макулатурка вернулась! Честно говоря, могли бы все уместить в один сезон, порезать ненужных персов и добавить леденящести и жути. Или добавить жути, вырезав лишних персонажей буквально. А так получилось нелепо и комично. Тетушки-ведьмы вышли хорошо. Сардина и по книге не самый интересный персонаж. Мадам Шайтан – другое дело. Дали бы ей развернуться.]]",
      "links": [
        {
          "name": "— О, моя макулатурка вернулась! Честно говоря, могли бы все уместить в один сезон, порезать ненужных персов и добавить леденящести и жути. Или добавить жути, вырезав лишних персонажей буквально. А так получилось нелепо и комично. Тетушки-ведьмы вышли хорошо. Сардина и по книге не самый интересный персонаж. Мадам Шайтан – другое дело. Дали бы ей развернуться.",
          "link": "— О, моя макулатурка вернулась! Честно говоря, могли бы все уместить в один сезон, порезать ненужных персов и добавить леденящести и жути. Или добавить жути, вырезав лишних персонажей буквально. А так получилось нелепо и комично. Тетушки-ведьмы вышли хорошо. Сардина и по книге не самый интересный персонаж. Мадам Шайтан – другое дело. Дали бы ей развернуться.",
          "pid": "9"
        }
      ],
      "name": "Картинка комикса",
      "pid": "71",
      "position": {
        "x": "1904",
        "y": "746"
      },
      "tags": [
        "t:imgp"
      ]
    }
  ],
  "name": "Друг-сосед short",
  "startnode": "45",
  "creator": "Twine",
  "creator-version": "2.3.14",
  "ifid": "153625A0-FE10-4FB9-BAD5-48CEF7CB12A6"
}