{
  "passages": [
    {
      "text": "<i>Вы пытались найти парня или хотя бы друга-гея в группах в вк и приложениях для знакомств весь прошлый год. Но общение не складывалось: кто-то не нравился вам, кому-то, наоборот, не нравились вы, переписки быстро угасали, а большинство встреч заканчивались ничем. В этом году вы решили расслабиться и не лезть из кожи вон, чтобы найти любовь-дружбу-отношения. Прошёл месяц, как вы забили на общение в сети. Вам написал парень.</i>\n---\n[[— Привет. Понравился твой профиль. Я ищу компанию на выходные погулять. Меня Саша зовут.]]",
      "links": [
        {
          "name": "— Привет. Понравился твой профиль. Я ищу компанию на выходные погулять. Меня Саша зовут.",
          "link": "— Привет. Понравился твой профиль. Я ищу компанию на выходные погулять. Меня Саша зовут.",
          "pid": "2"
        }
      ],
      "name": "Друг-гей1",
      "pid": "1",
      "position": {
        "x": "1025",
        "y": "208"
      },
      "tags": [
        "t:sp"
      ]
    },
    {
      "text": "— Привет. Понравился твой профиль. Я ищу компанию на выходные погулять. Меня Саша зовут.\n---\n[[— Привет, Саша. Го.]]\n[[Посмотреть профиль Саши.]]\n[[— Я не против прогулки, Саша. Расскажи коротко про себя.]]",
      "links": [
        {
          "name": "— Привет, Саша. Го.",
          "link": "— Привет, Саша. Го.",
          "pid": "3"
        },
        {
          "name": "Посмотреть профиль Саши.",
          "link": "Посмотреть профиль Саши.",
          "pid": "4"
        },
        {
          "name": "— Я не против прогулки, Саша. Расскажи коротко про себя.",
          "link": "— Я не против прогулки, Саша. Расскажи коротко про себя.",
          "pid": "5"
        }
      ],
      "name": "— Привет. Понравился твой профиль. Я ищу компанию на выходные погулять. Меня Саша зовут.",
      "pid": "2",
      "position": {
        "x": "1025",
        "y": "375"
      },
      "tags": [
        "t:p"
      ]
    },
    {
      "text": "— Привет, Саша. Го.\n---\n[[— Можешь пару слов про себя рассказать?]]",
      "links": [
        {
          "name": "— Можешь пару слов про себя рассказать?",
          "link": "— Можешь пару слов про себя рассказать?",
          "pid": "10"
        }
      ],
      "name": "— Привет, Саша. Го.",
      "pid": "3",
      "position": {
        "x": "1275",
        "y": "1200"
      },
      "tags": [
        "t:h"
      ]
    },
    {
      "text": "<i>Посмотреть профиль Саши.</i>\n---\n[[Профиль как профиль: ссылка на Инстаграм, #english #travel #art #nocoffee, несколько фотографий за мольбертом, фотка голого торса, возраст 22 года, ищет дружбу, свидания и общение.]]",
      "links": [
        {
          "name": "Профиль как профиль: ссылка на Инстаграм, #english #travel #art #nocoffee, несколько фотографий за мольбертом, фотка голого торса, возраст 22 года, ищет дружбу, свидания и общение.",
          "link": "Профиль как профиль: ссылка на Инстаграм, #english #travel #art #nocoffee, несколько фотографий за мольбертом, фотка голого торса, возраст 22 года, ищет дружбу, свидания и общение.",
          "pid": "6"
        }
      ],
      "name": "Посмотреть профиль Саши.",
      "pid": "4",
      "position": {
        "x": "1037",
        "y": "542"
      },
      "tags": [
        "t:h"
      ]
    },
    {
      "text": "— Я не против прогулки, Саша. Расскажи коротко про себя.\n---\n[[— Увлекаюсь искусством. Учусь в художке. Болтун. Часто брожу по городу или сижу в кафе с друзьями. Люблю солёненькое ;) А ты что скажешь?]]",
      "links": [
        {
          "name": "— Увлекаюсь искусством. Учусь в художке. Болтун. Часто брожу по городу или сижу в кафе с друзьями. Люблю солёненькое ;) А ты что скажешь?",
          "link": "— Увлекаюсь искусством. Учусь в художке. Болтун. Часто брожу по городу или сижу в кафе с друзьями. Люблю солёненькое ;) А ты что скажешь?",
          "pid": "41"
        }
      ],
      "name": "— Я не против прогулки, Саша. Расскажи коротко про себя.",
      "pid": "5",
      "position": {
        "x": "725",
        "y": "1225"
      },
      "tags": [
        "t:h"
      ]
    },
    {
      "text": "<i>Профиль как профиль: ссылка на Инстаграм, #english #travel #art #nocoffee, несколько фотографий за мольбертом, фотка голого торса, возраст 22 года, ищет дружбу, свидания и общение.</i>\n---\n[[Посмотреть Инстаграм.]]\n[[Вернуться к разговору.]]",
      "links": [
        {
          "name": "Посмотреть Инстаграм.",
          "link": "Посмотреть Инстаграм.",
          "pid": "7"
        },
        {
          "name": "Вернуться к разговору.",
          "link": "Вернуться к разговору.",
          "pid": "8"
        }
      ],
      "name": "Профиль как профиль: ссылка на Инстаграм, #english #travel #art #nocoffee, несколько фотографий за мольбертом, фотка голого торса, возраст 22 года, ищет дружбу, свидания и общение.",
      "pid": "6",
      "position": {
        "x": "1025",
        "y": "700"
      },
      "tags": [
        "t:p"
      ]
    },
    {
      "text": "<i>Посмотреть Инстаграм.</i>\n---\n[[Много фотографий рисунков маслом, пейзажей, сделанных в Photoshop, карандашных скетчей, фотографий Саши и его друзей в клубах или на прогулках, видео с театральных репетиций и занятий танцами, несколько селфи. На Инстаграм Саши подписано несколько знакомых геев. Всё мило и не вызывает подозрений.]]",
      "links": [
        {
          "name": "Много фотографий рисунков маслом, пейзажей, сделанных в Photoshop, карандашных скетчей, фотографий Саши и его друзей в клубах или на прогулках, видео с театральных репетиций и занятий танцами, несколько селфи. На Инстаграм Саши подписано несколько знакомых геев. Всё мило и не вызывает подозрений.",
          "link": "Много фотографий рисунков маслом, пейзажей, сделанных в Photoshop, карандашных скетчей, фотографий Саши и его друзей в клубах или на прогулках, видео с театральных репетиций и занятий танцами, несколько селфи. На Инстаграм Саши подписано несколько знакомых геев. Всё мило и не вызывает подозрений.",
          "pid": "9"
        }
      ],
      "name": "Посмотреть Инстаграм.",
      "pid": "7",
      "position": {
        "x": "1100",
        "y": "850"
      },
      "tags": [
        "t:h"
      ]
    },
    {
      "text": "<i>Вернуться к разговору.</i>\n---\n[[— Привет, Саша. Го.]]\n[[— Я не против прогулки, Саша. Расскажи коротко про себя.]]",
      "links": [
        {
          "name": "— Привет, Саша. Го.",
          "link": "— Привет, Саша. Го.",
          "pid": "3"
        },
        {
          "name": "— Я не против прогулки, Саша. Расскажи коротко про себя.",
          "link": "— Я не против прогулки, Саша. Расскажи коротко про себя.",
          "pid": "5"
        }
      ],
      "name": "Вернуться к разговору.",
      "pid": "8",
      "position": {
        "x": "900",
        "y": "850"
      },
      "tags": [
        "t:h"
      ]
    },
    {
      "text": "<i>Много фотографий рисунков маслом, пейзажей, сделанных в Photoshop, карандашных скетчей, фотографий Саши и его друзей в клубах или на прогулках, видео с театральных репетиций и занятий танцами, несколько селфи. Вы добрались до поста с вымазанными в краске руками и остановились. На Инстаграм Саши подписано несколько знакомых геев. Всё мило и не вызывает подозрений.</i>\n---\n[[Картинка краска]]",
      "links": [
        {
          "name": "Картинка краска",
          "link": "Картинка краска",
          "pid": "45"
        }
      ],
      "name": "Много фотографий рисунков маслом, пейзажей, сделанных в Photoshop, карандашных скетчей, фотографий Саши и его друзей в клубах или на прогулках, видео с театральных репетиций и занятий танцами, несколько селфи. На Инстаграм Саши подписано несколько знакомых геев. Всё мило и не вызывает подозрений.",
      "pid": "9",
      "position": {
        "x": "1200",
        "y": "975"
      },
      "tags": [
        "t:p"
      ]
    },
    {
      "text": "— Можешь пару слов про себя рассказать?\n---\n[[— Зовут Name. Учусь на программиста. Люблю видеоигры, кино, хороший кофе с пирожными. Для начала ищу дружбу и общение. Очень много гуляю по городу. Собираю коллекцию носков.]]\n[[— Зовут Name. В профиле указаны мои интересы. И что ищу тоже. Спрашивай конкретно.]]\n[[— Name. Спокойный. Люблю личное общение. Переписка идёт тяжело. Каждое слово даётся мне с трудом(( Могу две строчки минут десять набирать. При встрече расскажу, что попросишь.]]",
      "links": [
        {
          "name": "— Зовут Name. Учусь на программиста. Люблю видеоигры, кино, хороший кофе с пирожными. Для начала ищу дружбу и общение. Очень много гуляю по городу. Собираю коллекцию носков.",
          "link": "— Зовут Name. Учусь на программиста. Люблю видеоигры, кино, хороший кофе с пирожными. Для начала ищу дружбу и общение. Очень много гуляю по городу. Собираю коллекцию носков.",
          "pid": "11"
        },
        {
          "name": "— Зовут Name. В профиле указаны мои интересы. И что ищу тоже. Спрашивай конкретно.",
          "link": "— Зовут Name. В профиле указаны мои интересы. И что ищу тоже. Спрашивай конкретно.",
          "pid": "12"
        },
        {
          "name": "— Name. Спокойный. Люблю личное общение. Переписка идёт тяжело. Каждое слово даётся мне с трудом(( Могу две строчки минут десять набирать. При встрече расскажу, что попросишь.",
          "link": "— Name. Спокойный. Люблю личное общение. Переписка идёт тяжело. Каждое слово даётся мне с трудом(( Могу две строчки минут десять набирать. При встрече расскажу, что попросишь.",
          "pid": "13"
        }
      ],
      "name": "— Можешь пару слов про себя рассказать?",
      "pid": "10",
      "position": {
        "x": "1275",
        "y": "1375"
      },
      "tags": [
        "t:p"
      ]
    },
    {
      "text": "— Зовут <Name>. Учусь на программиста. Люблю видеоигры, кино, хороший кофе с пирожными. Для начала ищу дружбу и общение. Очень много гуляю по городу. Собираю коллекцию носков.\n---\n[[— Cool.)) А я увлекаюсь рисованием. Учусь в художке. Болтун. Кофе не люблю со сладким, но посидеть в кафе за беседой буду рад. Кстати, есть предложения по нашей прогулке?]]",
      "links": [
        {
          "name": "— Cool.)) А я увлекаюсь рисованием. Учусь в художке. Болтун. Кофе не люблю со сладким, но посидеть в кафе за беседой буду рад. Кстати, есть предложения по нашей прогулке?",
          "link": "— Cool.)) А я увлекаюсь рисованием. Учусь в художке. Болтун. Кофе не люблю со сладким, но посидеть в кафе за беседой буду рад. Кстати, есть предложения по нашей прогулке?",
          "pid": "14"
        }
      ],
      "name": "— Зовут Name. Учусь на программиста. Люблю видеоигры, кино, хороший кофе с пирожными. Для начала ищу дружбу и общение. Очень много гуляю по городу. Собираю коллекцию носков.",
      "pid": "11",
      "position": {
        "x": "975",
        "y": "1550"
      },
      "tags": [
        "t:h"
      ]
    },
    {
      "text": "— Зовут <Name>. В профиле указаны мои интересы. И что ищу тоже. Спрашивай конкретно.\n---\n[[— Ну, хотелось бы понять, что ты за человек. Мне разные субъекты попадались. Моё мнение: если парень не может поддержать короткую беседу в чате, то и вживую будет не многим лучше. А секс я не ищу. То есть можно, но не до того, как узнаю имя, любимую книгу и лучшее детское воспоминание.]]\n",
      "links": [
        {
          "name": "— Ну, хотелось бы понять, что ты за человек. Мне разные субъекты попадались. Моё мнение: если парень не может поддержать короткую беседу в чате, то и вживую будет не многим лучше. А секс я не ищу. То есть можно, но не до того, как узнаю имя, любимую книгу и лучшее детское воспоминание.",
          "link": "— Ну, хотелось бы понять, что ты за человек. Мне разные субъекты попадались. Моё мнение: если парень не может поддержать короткую беседу в чате, то и вживую будет не многим лучше. А секс я не ищу. То есть можно, но не до того, как узнаю имя, любимую книгу и лучшее детское воспоминание.",
          "pid": "16"
        }
      ],
      "name": "— Зовут Name. В профиле указаны мои интересы. И что ищу тоже. Спрашивай конкретно.",
      "pid": "12",
      "position": {
        "x": "1225",
        "y": "1550"
      },
      "tags": [
        "t:h"
      ]
    },
    {
      "text": "— <Name>. Спокойный. Люблю личное общение. Переписка идёт тяжело. Каждое слово даётся мне с трудом(( Могу две строчки минут десять набирать. При встрече расскажу, что попросишь.\n---\n[[— Пару фактов биографии всё-таки наскреби. Вдруг ты сексуальный маньяк? Или того хуже... Несексуальный.]]",
      "links": [
        {
          "name": "— Пару фактов биографии всё-таки наскреби. Вдруг ты сексуальный маньяк? Или того хуже... Несексуальный.",
          "link": "— Пару фактов биографии всё-таки наскреби. Вдруг ты сексуальный маньяк? Или того хуже... Несексуальный.",
          "pid": "31"
        }
      ],
      "name": "— Name. Спокойный. Люблю личное общение. Переписка идёт тяжело. Каждое слово даётся мне с трудом(( Могу две строчки минут десять набирать. При встрече расскажу, что попросишь.",
      "pid": "13",
      "position": {
        "x": "1425",
        "y": "1550"
      },
      "tags": [
        "t:h"
      ]
    },
    {
      "text": "— Cool.)) А я увлекаюсь рисованием. Учусь в художке. Болтун. Кофе не люблю со сладким, но посидеть в кафе за беседой буду рад. Кстати, есть предложения по нашей прогулке?\n---\n[[Попереписывавшись ещё полчаса, вы попрощались. Встретиться договорились в кафе в Центре.]]",
      "links": [
        {
          "name": "Попереписывавшись ещё полчаса, вы попрощались. Встретиться договорились в кафе в Центре.",
          "link": "Попереписывавшись ещё полчаса, вы попрощались. Встретиться договорились в кафе в Центре.",
          "pid": "15"
        }
      ],
      "name": "— Cool.)) А я увлекаюсь рисованием. Учусь в художке. Болтун. Кофе не люблю со сладким, но посидеть в кафе за беседой буду рад. Кстати, есть предложения по нашей прогулке?",
      "pid": "14",
      "position": {
        "x": "725",
        "y": "1800"
      },
      "tags": [
        "t:p"
      ]
    },
    {
      "text": "<i>Попереписывавшись ещё полчаса, вы попрощались. Встретиться договорились в кафе в Центре.</i>\n---\n[[Диалог с персонажем закончен. Вы можете выйти в главное меню.]]",
      "links": [
        {
          "name": "Диалог с персонажем закончен. Вы можете выйти в главное меню.",
          "link": "Диалог с персонажем закончен. Вы можете выйти в главное меню.",
          "pid": "44"
        }
      ],
      "name": "Попереписывавшись ещё полчаса, вы попрощались. Встретиться договорились в кафе в Центре.",
      "pid": "15",
      "position": {
        "x": "225",
        "y": "2925"
      },
      "tags": [
        "t:p"
      ]
    },
    {
      "text": "— Ну, хотелось бы понять, что ты за человек. Мне разные субъекты попадались. Моё мнение: если парень не может поддержать короткую беседу в чате, то и вживую будет не многим лучше. А секс я не ищу. То есть можно, но не до того, как узнаю имя, любимую книгу и лучшее детское воспоминание.\n---\n[[— Имя я уже назвал. «Сто лет одиночества» Маркеса. Совместный поход в парк развлечений с родителями, когда мне было восемь.]]\n[[— Имя знаешь. Книга «Unity в действии». Хороших детских воспоминаний нет.]]\n[[— Учусь на программиста. Люблю видеоигры, кино, хороший кофе с пирожными. Для начала ищу дружбу и общение. Очень много гуляю по городу. Собираю коллекцию носков.]]\n[[— Я тоже не ищу секс без привязанности. Ну, кино люблю, видеоигры, сладкое. Гуляю много.]]",
      "links": [
        {
          "name": "— Имя я уже назвал. «Сто лет одиночества» Маркеса. Совместный поход в парк развлечений с родителями, когда мне было восемь.",
          "link": "— Имя я уже назвал. «Сто лет одиночества» Маркеса. Совместный поход в парк развлечений с родителями, когда мне было восемь.",
          "pid": "17"
        },
        {
          "name": "— Имя знаешь. Книга «Unity в действии». Хороших детских воспоминаний нет.",
          "link": "— Имя знаешь. Книга «Unity в действии». Хороших детских воспоминаний нет.",
          "pid": "18"
        },
        {
          "name": "— Учусь на программиста. Люблю видеоигры, кино, хороший кофе с пирожными. Для начала ищу дружбу и общение. Очень много гуляю по городу. Собираю коллекцию носков.",
          "link": "— Учусь на программиста. Люблю видеоигры, кино, хороший кофе с пирожными. Для начала ищу дружбу и общение. Очень много гуляю по городу. Собираю коллекцию носков.",
          "pid": "19"
        },
        {
          "name": "— Я тоже не ищу секс без привязанности. Ну, кино люблю, видеоигры, сладкое. Гуляю много.",
          "link": "— Я тоже не ищу секс без привязанности. Ну, кино люблю, видеоигры, сладкое. Гуляю много.",
          "pid": "20"
        }
      ],
      "name": "— Ну, хотелось бы понять, что ты за человек. Мне разные субъекты попадались. Моё мнение: если парень не может поддержать короткую беседу в чате, то и вживую будет не многим лучше. А секс я не ищу. То есть можно, но не до того, как узнаю имя, любимую книгу и лучшее детское воспоминание.",
      "pid": "16",
      "position": {
        "x": "1200",
        "y": "1700"
      },
      "tags": [
        "t:p"
      ]
    },
    {
      "text": "— Имя я уже назвал. «Сто лет одиночества» Маркеса. Совместный поход в парк развлечений с родителями, когда мне было восемь.\n---\n[[— Окей. Ты забавный. А что ещё расскажешь? Я, например, учусь в художке. Болтун. Кофе не люблю со сладким, но посидеть в кафе за беседой буду рад. Кстати, любимая книга «Цветы для Элджернона».]]",
      "links": [
        {
          "name": "— Окей. Ты забавный. А что ещё расскажешь? Я, например, учусь в художке. Болтун. Кофе не люблю со сладким, но посидеть в кафе за беседой буду рад. Кстати, любимая книга «Цветы для Элджернона».",
          "link": "— Окей. Ты забавный. А что ещё расскажешь? Я, например, учусь в художке. Болтун. Кофе не люблю со сладким, но посидеть в кафе за беседой буду рад. Кстати, любимая книга «Цветы для Элджернона».",
          "pid": "23"
        }
      ],
      "name": "— Имя я уже назвал. «Сто лет одиночества» Маркеса. Совместный поход в парк развлечений с родителями, когда мне было восемь.",
      "pid": "17",
      "position": {
        "x": "850",
        "y": "2100"
      },
      "tags": [
        "t:h"
      ]
    },
    {
      "text": "— Имя знаешь. Книга «Unity в действии». Хороших детских воспоминаний нет.\n---\n[[— Воу, полегче. Про детские травмы на третьем свидании!]]",
      "links": [
        {
          "name": "— Воу, полегче. Про детские травмы на третьем свидании!",
          "link": "— Воу, полегче. Про детские травмы на третьем свидании!",
          "pid": "21"
        }
      ],
      "name": "— Имя знаешь. Книга «Unity в действии». Хороших детских воспоминаний нет.",
      "pid": "18",
      "position": {
        "x": "1125",
        "y": "1925"
      },
      "tags": [
        "t:h"
      ]
    },
    {
      "text": "— Учусь на программиста. Люблю видеоигры, кино, хороший кофе с пирожными. Для начала ищу дружбу и общение. Очень много гуляю по городу. Собираю коллекцию носков.\n---\n[[— Cool.)) А я увлекаюсь рисованием. Учусь в художке. Болтун. Кофе не люблю со сладким, но посидеть в кафе за беседой буду рад. Кстати, есть предложения по нашей прогулке?]]",
      "links": [
        {
          "name": "— Cool.)) А я увлекаюсь рисованием. Учусь в художке. Болтун. Кофе не люблю со сладким, но посидеть в кафе за беседой буду рад. Кстати, есть предложения по нашей прогулке?",
          "link": "— Cool.)) А я увлекаюсь рисованием. Учусь в художке. Болтун. Кофе не люблю со сладким, но посидеть в кафе за беседой буду рад. Кстати, есть предложения по нашей прогулке?",
          "pid": "14"
        }
      ],
      "name": "— Учусь на программиста. Люблю видеоигры, кино, хороший кофе с пирожными. Для начала ищу дружбу и общение. Очень много гуляю по городу. Собираю коллекцию носков.",
      "pid": "19",
      "position": {
        "x": "1500",
        "y": "2675"
      },
      "tags": [
        "t:h"
      ]
    },
    {
      "text": "— Я тоже не ищу секс без привязанности. Ну, кино люблю, видеоигры, сладкое. Гуляю много.\n---\n[[— Так лучше уже. Я человек творческий. Учусь в художке. Болтун. Кофе со сладким не люблю, но посидеть в кафе за беседой буду рад. Кстати, есть предложения по нашей прогулке?]]",
      "links": [
        {
          "name": "— Так лучше уже. Я человек творческий. Учусь в художке. Болтун. Кофе со сладким не люблю, но посидеть в кафе за беседой буду рад. Кстати, есть предложения по нашей прогулке?",
          "link": "— Так лучше уже. Я человек творческий. Учусь в художке. Болтун. Кофе со сладким не люблю, но посидеть в кафе за беседой буду рад. Кстати, есть предложения по нашей прогулке?",
          "pid": "22"
        }
      ],
      "name": "— Я тоже не ищу секс без привязанности. Ну, кино люблю, видеоигры, сладкое. Гуляю много.",
      "pid": "20",
      "position": {
        "x": "650",
        "y": "2100"
      },
      "tags": [
        "t:h"
      ]
    },
    {
      "text": "— Воу, полегче. Про детские травмы на третьем свидании!\n---\n[[— Извиняюсь. Глупо пошутил.]]\n[[— Ну, мне показалось, что ты меня подначиваешь.]]\n[[— Считаю, что правда допустима в любом разговоре и на любой стадии общения.]]",
      "links": [
        {
          "name": "— Извиняюсь. Глупо пошутил.",
          "link": "— Извиняюсь. Глупо пошутил.",
          "pid": "28"
        },
        {
          "name": "— Ну, мне показалось, что ты меня подначиваешь.",
          "link": "— Ну, мне показалось, что ты меня подначиваешь.",
          "pid": "29"
        },
        {
          "name": "— Считаю, что правда допустима в любом разговоре и на любой стадии общения.",
          "link": "— Считаю, что правда допустима в любом разговоре и на любой стадии общения.",
          "pid": "30"
        }
      ],
      "name": "— Воу, полегче. Про детские травмы на третьем свидании!",
      "pid": "21",
      "position": {
        "x": "1025",
        "y": "2150"
      },
      "tags": [
        "t:p"
      ]
    },
    {
      "text": "— Так лучше уже. Я человек творческий. Учусь в художке. Болтун. Кофе со сладким не люблю, но посидеть в кафе за беседой буду рад. Кстати, есть предложения по нашей прогулке?\n---\n[[Попереписывавшись ещё полчаса, вы попрощались. Встретиться договорились в кафе в Центре.]]",
      "links": [
        {
          "name": "Попереписывавшись ещё полчаса, вы попрощались. Встретиться договорились в кафе в Центре.",
          "link": "Попереписывавшись ещё полчаса, вы попрощались. Встретиться договорились в кафе в Центре.",
          "pid": "15"
        }
      ],
      "name": "— Так лучше уже. Я человек творческий. Учусь в художке. Болтун. Кофе со сладким не люблю, но посидеть в кафе за беседой буду рад. Кстати, есть предложения по нашей прогулке?",
      "pid": "22",
      "position": {
        "x": "550",
        "y": "2250"
      },
      "tags": [
        "t:p"
      ]
    },
    {
      "text": "— Окей. Ты забавный. А что ещё расскажешь? Я, например, учусь в художке. Болтун. Кофе не люблю со сладким, но посидеть в кафе за беседой буду рад. Кстати, любимая книга «Цветы для Элджернона».\n---\n[[— Учусь на программиста. Люблю видеоигры, кино, хороший кофе. Для начала ищу дружбу и общение. Очень много гуляю по городу. Собираю коллекцию носков.]]\n[[— Ищу большую и вечную любовь. Интересуют только отношения. Хочу семью и большую собаку.]]",
      "links": [
        {
          "name": "— Учусь на программиста. Люблю видеоигры, кино, хороший кофе. Для начала ищу дружбу и общение. Очень много гуляю по городу. Собираю коллекцию носков.",
          "link": "— Учусь на программиста. Люблю видеоигры, кино, хороший кофе. Для начала ищу дружбу и общение. Очень много гуляю по городу. Собираю коллекцию носков.",
          "pid": "24"
        },
        {
          "name": "— Ищу большую и вечную любовь. Интересуют только отношения. Хочу семью и большую собаку.",
          "link": "— Ищу большую и вечную любовь. Интересуют только отношения. Хочу семью и большую собаку.",
          "pid": "25"
        }
      ],
      "name": "— Окей. Ты забавный. А что ещё расскажешь? Я, например, учусь в художке. Болтун. Кофе не люблю со сладким, но посидеть в кафе за беседой буду рад. Кстати, любимая книга «Цветы для Элджернона».",
      "pid": "23",
      "position": {
        "x": "725",
        "y": "2275"
      },
      "tags": [
        "t:p"
      ]
    },
    {
      "text": "— Учусь на программиста. Люблю видеоигры, кино, хороший кофе. Для начала ищу дружбу и общение. Очень много гуляю по городу. Собираю коллекцию носков.\n---\n[[— Наконец! Хоть что-то из тебя выбил. Где и как представляешь нашу встречу?]]",
      "links": [
        {
          "name": "— Наконец! Хоть что-то из тебя выбил. Где и как представляешь нашу встречу?",
          "link": "— Наконец! Хоть что-то из тебя выбил. Где и как представляешь нашу встречу?",
          "pid": "26"
        }
      ],
      "name": "— Учусь на программиста. Люблю видеоигры, кино, хороший кофе. Для начала ищу дружбу и общение. Очень много гуляю по городу. Собираю коллекцию носков.",
      "pid": "24",
      "position": {
        "x": "575",
        "y": "2425"
      },
      "tags": [
        "t:h"
      ]
    },
    {
      "text": "— Ищу большую и вечную любовь. Интересуют только отношения. Хочу семью и большую собаку.\n---\n[[— Шутишь, правильно?]]",
      "links": [
        {
          "name": "— Шутишь, правильно?",
          "link": "— Шутишь, правильно?",
          "pid": "27"
        }
      ],
      "name": "— Ищу большую и вечную любовь. Интересуют только отношения. Хочу семью и большую собаку.",
      "pid": "25",
      "position": {
        "x": "825",
        "y": "2475"
      },
      "tags": [
        "t:h"
      ]
    },
    {
      "text": "— Наконец! Хоть что-то из тебя выбил. Где и как представляешь нашу встречу?\n---\n[[Попереписывавшись ещё полчаса, вы попрощались. Встретиться договорились в кафе в Центре.]]",
      "links": [
        {
          "name": "Попереписывавшись ещё полчаса, вы попрощались. Встретиться договорились в кафе в Центре.",
          "link": "Попереписывавшись ещё полчаса, вы попрощались. Встретиться договорились в кафе в Центре.",
          "pid": "15"
        }
      ],
      "name": "— Наконец! Хоть что-то из тебя выбил. Где и как представляешь нашу встречу?",
      "pid": "26",
      "position": {
        "x": "450",
        "y": "2575"
      },
      "tags": [
        "t:p"
      ]
    },
    {
      "text": "— Шутишь, правильно?\n---\n[[— Да, шучу.]]\n[[— Скажем так, доля правды там есть.]]",
      "links": [
        {
          "name": "— Да, шучу.",
          "link": "— Да, шучу.",
          "pid": "36"
        },
        {
          "name": "— Скажем так, доля правды там есть.",
          "link": "— Скажем так, доля правды там есть.",
          "pid": "37"
        }
      ],
      "name": "— Шутишь, правильно?",
      "pid": "27",
      "position": {
        "x": "900",
        "y": "2800"
      },
      "tags": [
        "t:p"
      ]
    },
    {
      "text": "— Извиняюсь. Глупо пошутил.\n---\n[[— Ничего. Пару слов о себе скажешь ещё?]]",
      "links": [
        {
          "name": "— Ничего. Пару слов о себе скажешь ещё?",
          "link": "— Ничего. Пару слов о себе скажешь ещё?",
          "pid": "35"
        }
      ],
      "name": "— Извиняюсь. Глупо пошутил.",
      "pid": "28",
      "position": {
        "x": "975",
        "y": "2325"
      },
      "tags": [
        "t:h"
      ]
    },
    {
      "text": "— Ну, мне показалось, что ты меня подначиваешь.\n---\n[[— И да и нет. ;) Ну расскажи про себя. Плиз!]]",
      "links": [
        {
          "name": "— И да и нет. ;) Ну расскажи про себя. Плиз!",
          "link": "— И да и нет. ;) Ну расскажи про себя. Плиз!",
          "pid": "38"
        }
      ],
      "name": "— Ну, мне показалось, что ты меня подначиваешь.",
      "pid": "29",
      "position": {
        "x": "1275",
        "y": "2125"
      },
      "tags": [
        "t:h"
      ]
    },
    {
      "text": "— Считаю, что правда допустима в любом разговоре и на любой стадии общения.\n---\n[[— Интересное мнение. По поводу себя пару слов напиши ещё, плиз. Считай это проверкой на вменяемость.))]]",
      "links": [
        {
          "name": "— Интересное мнение. По поводу себя пару слов напиши ещё, плиз. Считай это проверкой на вменяемость.))",
          "link": "— Интересное мнение. По поводу себя пару слов напиши ещё, плиз. Считай это проверкой на вменяемость.))",
          "pid": "34"
        }
      ],
      "name": "— Считаю, что правда допустима в любом разговоре и на любой стадии общения.",
      "pid": "30",
      "position": {
        "x": "1150",
        "y": "2300"
      },
      "tags": [
        "t:h"
      ]
    },
    {
      "text": "— Пару фактов биографии всё-таки наскреби. Вдруг ты сексуальный маньяк? Или того хуже... Несексуальный.\n---\n[[— Учусь на программиста. Люблю видеоигры, кино, хороший кофе с пирожными. Для начала ищу дружбу и общение. Очень много гуляю по городу. Собираю коллекцию носков.]]\n[[— Будущий программист. Люблю видеоигры, кино, кофе, прогулки, яркие носки. Ищу дружбу, общение.]]",
      "links": [
        {
          "name": "— Учусь на программиста. Люблю видеоигры, кино, хороший кофе с пирожными. Для начала ищу дружбу и общение. Очень много гуляю по городу. Собираю коллекцию носков.",
          "link": "— Учусь на программиста. Люблю видеоигры, кино, хороший кофе с пирожными. Для начала ищу дружбу и общение. Очень много гуляю по городу. Собираю коллекцию носков.",
          "pid": "19"
        },
        {
          "name": "— Будущий программист. Люблю видеоигры, кино, кофе, прогулки, яркие носки. Ищу дружбу, общение.",
          "link": "— Будущий программист. Люблю видеоигры, кино, кофе, прогулки, яркие носки. Ищу дружбу, общение.",
          "pid": "32"
        }
      ],
      "name": "— Пару фактов биографии всё-таки наскреби. Вдруг ты сексуальный маньяк? Или того хуже... Несексуальный.",
      "pid": "31",
      "position": {
        "x": "1500",
        "y": "1750"
      },
      "tags": [
        "t:p"
      ]
    },
    {
      "text": "— Будущий программист. Люблю видеоигры, кино, кофе, прогулки, яркие носки. Ищу дружбу, общение.\n---\n[[— Cool.)) А я увлекаюсь рисованием. Учусь в художке. Болтун. Часто брожу по городу или сижу в кафе с друзьями, только кофе не пью. Кстати, есть предложения по нашей прогулке?]]",
      "links": [
        {
          "name": "— Cool.)) А я увлекаюсь рисованием. Учусь в художке. Болтун. Часто брожу по городу или сижу в кафе с друзьями, только кофе не пью. Кстати, есть предложения по нашей прогулке?",
          "link": "— Cool.)) А я увлекаюсь рисованием. Учусь в художке. Болтун. Часто брожу по городу или сижу в кафе с друзьями, только кофе не пью. Кстати, есть предложения по нашей прогулке?",
          "pid": "33"
        }
      ],
      "name": "— Будущий программист. Люблю видеоигры, кино, кофе, прогулки, яркие носки. Ищу дружбу, общение.",
      "pid": "32",
      "position": {
        "x": "2825",
        "y": "3350"
      },
      "tags": [
        "t:h"
      ]
    },
    {
      "text": "— Cool.)) А я увлекаюсь рисованием. Учусь в художке. Болтун. Часто брожу по городу или сижу в кафе с друзьями, только кофе не пью. Кстати, есть предложения по нашей прогулке?\n---\n[[Попереписывавшись ещё полчаса, вы попрощались. Встретиться договорились в кафе в Центре.]]",
      "links": [
        {
          "name": "Попереписывавшись ещё полчаса, вы попрощались. Встретиться договорились в кафе в Центре.",
          "link": "Попереписывавшись ещё полчаса, вы попрощались. Встретиться договорились в кафе в Центре.",
          "pid": "15"
        }
      ],
      "name": "— Cool.)) А я увлекаюсь рисованием. Учусь в художке. Болтун. Часто брожу по городу или сижу в кафе с друзьями, только кофе не пью. Кстати, есть предложения по нашей прогулке?",
      "pid": "33",
      "position": {
        "x": "625",
        "y": "2700"
      },
      "tags": [
        "t:p"
      ]
    },
    {
      "text": "— Интересное мнение. По поводу себя пару слов напиши ещё, плиз. Считай это проверкой на вменяемость.))\n---\n[[— Учусь на программиста. Люблю видеоигры, кино, хороший кофе с пирожными. Для начала ищу дружбу и общение. Очень много гуляю по городу. Собираю коллекцию носков.]]",
      "links": [
        {
          "name": "— Учусь на программиста. Люблю видеоигры, кино, хороший кофе с пирожными. Для начала ищу дружбу и общение. Очень много гуляю по городу. Собираю коллекцию носков.",
          "link": "— Учусь на программиста. Люблю видеоигры, кино, хороший кофе с пирожными. Для начала ищу дружбу и общение. Очень много гуляю по городу. Собираю коллекцию носков.",
          "pid": "19"
        }
      ],
      "name": "— Интересное мнение. По поводу себя пару слов напиши ещё, плиз. Считай это проверкой на вменяемость.))",
      "pid": "34",
      "position": {
        "x": "1250",
        "y": "2450"
      },
      "tags": [
        "t:p"
      ]
    },
    {
      "text": "— Ничего. Пару слов о себе скажешь ещё?\n---\n[[— Учусь на программиста. Люблю видеоигры, кино, хороший кофе с пирожными. Для начала ищу дружбу и общение. Очень много гуляю по городу. Собираю коллекцию носков.]]",
      "links": [
        {
          "name": "— Учусь на программиста. Люблю видеоигры, кино, хороший кофе с пирожными. Для начала ищу дружбу и общение. Очень много гуляю по городу. Собираю коллекцию носков.",
          "link": "— Учусь на программиста. Люблю видеоигры, кино, хороший кофе с пирожными. Для начала ищу дружбу и общение. Очень много гуляю по городу. Собираю коллекцию носков.",
          "pid": "19"
        }
      ],
      "name": "— Ничего. Пару слов о себе скажешь ещё?",
      "pid": "35",
      "position": {
        "x": "1025",
        "y": "2500"
      },
      "tags": [
        "t:p"
      ]
    },
    {
      "text": "— Да, шучу.\n---\n[[— Ты с таким стилем общения здесь хоть с кем познакомился?)) Ладно, не воспринимай серьёзно. Ещё пару слов о себе расскажи.]]",
      "links": [
        {
          "name": "— Ты с таким стилем общения здесь хоть с кем познакомился?)) Ладно, не воспринимай серьёзно. Ещё пару слов о себе расскажи.",
          "link": "— Ты с таким стилем общения здесь хоть с кем познакомился?)) Ладно, не воспринимай серьёзно. Ещё пару слов о себе расскажи.",
          "pid": "39"
        }
      ],
      "name": "— Да, шучу.",
      "pid": "36",
      "position": {
        "x": "950",
        "y": "3000"
      },
      "tags": [
        "t:h"
      ]
    },
    {
      "text": "— Скажем так, доля правды там есть.\n---\n[[— Сочувствую. А что расскажешь ещё о себе, кроме несчастного детства?]]",
      "links": [
        {
          "name": "— Сочувствую. А что расскажешь ещё о себе, кроме несчастного детства?",
          "link": "— Сочувствую. А что расскажешь ещё о себе, кроме несчастного детства?",
          "pid": "40"
        }
      ],
      "name": "— Скажем так, доля правды там есть.",
      "pid": "37",
      "position": {
        "x": "1125",
        "y": "2825"
      },
      "tags": [
        "t:h"
      ]
    },
    {
      "text": "— И да и нет. ;) Ну расскажи про себя. Плиз!\n---\n[[— Учусь на программиста. Люблю видеоигры, кино, хороший кофе с пирожными. Для начала ищу дружбу и общение. Очень много гуляю по городу. Собираю коллекцию носков.]]",
      "links": [
        {
          "name": "— Учусь на программиста. Люблю видеоигры, кино, хороший кофе с пирожными. Для начала ищу дружбу и общение. Очень много гуляю по городу. Собираю коллекцию носков.",
          "link": "— Учусь на программиста. Люблю видеоигры, кино, хороший кофе с пирожными. Для начала ищу дружбу и общение. Очень много гуляю по городу. Собираю коллекцию носков.",
          "pid": "19"
        }
      ],
      "name": "— И да и нет. ;) Ну расскажи про себя. Плиз!",
      "pid": "38",
      "position": {
        "x": "1375",
        "y": "2275"
      },
      "tags": [
        "t:p"
      ]
    },
    {
      "text": "— Ты с таким стилем общения здесь хоть с кем познакомился?)) Ладно, не воспринимай серьёзно. Ещё пару слов о себе расскажи.\n---\n[[— Будущий программист. Люблю видеоигры, кино, кофе, прогулки, яркие носки. Ищу дружбу, общение.]]",
      "links": [
        {
          "name": "— Будущий программист. Люблю видеоигры, кино, кофе, прогулки, яркие носки. Ищу дружбу, общение.",
          "link": "— Будущий программист. Люблю видеоигры, кино, кофе, прогулки, яркие носки. Ищу дружбу, общение.",
          "pid": "32"
        }
      ],
      "name": "— Ты с таким стилем общения здесь хоть с кем познакомился?)) Ладно, не воспринимай серьёзно. Ещё пару слов о себе расскажи.",
      "pid": "39",
      "position": {
        "x": "1175",
        "y": "3075"
      },
      "tags": [
        "t:p"
      ]
    },
    {
      "text": "— Сочувствую. А что расскажешь ещё о себе, кроме несчастного детства?\n---\n[[— Будущий программист. Люблю видеоигры, кино, кофе, прогулки, яркие носки. Ищу дружбу, общение.]]",
      "links": [
        {
          "name": "— Будущий программист. Люблю видеоигры, кино, кофе, прогулки, яркие носки. Ищу дружбу, общение.",
          "link": "— Будущий программист. Люблю видеоигры, кино, кофе, прогулки, яркие носки. Ищу дружбу, общение.",
          "pid": "32"
        }
      ],
      "name": "— Сочувствую. А что расскажешь ещё о себе, кроме несчастного детства?",
      "pid": "40",
      "position": {
        "x": "1350",
        "y": "2875"
      },
      "tags": [
        "t:p"
      ]
    },
    {
      "text": "— Увлекаюсь искусством. Учусь в художке. Болтун. Часто брожу по городу или сижу в кафе с друзьями. Люблю солёненькое ;) А ты что скажешь?\n---\n[[— Зовут Name. Учусь на программиста. Люблю видеоигры, кино, хороший кофе с пирожными. Ищу дружбу и общение. Очень много гуляю по городу. Собираю коллекцию носков.]]",
      "links": [
        {
          "name": "— Зовут Name. Учусь на программиста. Люблю видеоигры, кино, хороший кофе с пирожными. Ищу дружбу и общение. Очень много гуляю по городу. Собираю коллекцию носков.",
          "link": "— Зовут Name. Учусь на программиста. Люблю видеоигры, кино, хороший кофе с пирожными. Ищу дружбу и общение. Очень много гуляю по городу. Собираю коллекцию носков.",
          "pid": "42"
        }
      ],
      "name": "— Увлекаюсь искусством. Учусь в художке. Болтун. Часто брожу по городу или сижу в кафе с друзьями. Люблю солёненькое ;) А ты что скажешь?",
      "pid": "41",
      "position": {
        "x": "675",
        "y": "1375"
      },
      "tags": [
        "t:p"
      ]
    },
    {
      "text": "— Зовут <Name>. Учусь на программиста. Люблю видеоигры, кино, хороший кофе с пирожными. Ищу дружбу и общение. Очень много гуляю по городу. Собираю коллекцию носков.\n---\n[[— Рад познакомиться. Куда пойдём?]]",
      "links": [
        {
          "name": "— Рад познакомиться. Куда пойдём?",
          "link": "— Рад познакомиться. Куда пойдём?",
          "pid": "43"
        }
      ],
      "name": "— Зовут Name. Учусь на программиста. Люблю видеоигры, кино, хороший кофе с пирожными. Ищу дружбу и общение. Очень много гуляю по городу. Собираю коллекцию носков.",
      "pid": "42",
      "position": {
        "x": "600",
        "y": "1550"
      },
      "tags": [
        "t:h"
      ]
    },
    {
      "text": "— Рад познакомиться. Куда пойдём?\n---\n[[Попереписывавшись ещё полчаса, вы попрощались. Встретиться договорились в кафе в Центре.]]",
      "links": [
        {
          "name": "Попереписывавшись ещё полчаса, вы попрощались. Встретиться договорились в кафе в Центре.",
          "link": "Попереписывавшись ещё полчаса, вы попрощались. Встретиться договорились в кафе в Центре.",
          "pid": "15"
        }
      ],
      "name": "— Рад познакомиться. Куда пойдём?",
      "pid": "43",
      "position": {
        "x": "550",
        "y": "1725"
      },
      "tags": [
        "t:p"
      ]
    },
    {
      "text": "<i>Диалог с персонажем закончен. Вы можете выйти в главное меню.</i>",
      "name": "Диалог с персонажем закончен. Вы можете выйти в главное меню.",
      "pid": "44",
      "position": {
        "x": "275",
        "y": "3250"
      },
      "tags": [
        "t:p",
        "unlockDialog:13",
        "finishBlock"
      ]
    },
    {
      "text": "k.jpg\n---\n[[— Я не против прогулки, Саша. Расскажи коротко про себя.]]\n[[— Привет, Саша. Го.]]",
      "links": [
        {
          "name": "— Я не против прогулки, Саша. Расскажи коротко про себя.",
          "link": "— Я не против прогулки, Саша. Расскажи коротко про себя.",
          "pid": "5"
        },
        {
          "name": "— Привет, Саша. Го.",
          "link": "— Привет, Саша. Го.",
          "pid": "3"
        }
      ],
      "name": "Картинка краска",
      "pid": "45",
      "position": {
        "x": "1000",
        "y": "1075"
      },
      "tags": [
        "t:imgp"
      ]
    }
  ],
  "name": "Друг-гей 1 Short",
  "startnode": "1",
  "creator": "Twine",
  "creator-version": "2.3.14",
  "ifid": "081AF8A3-5DBF-4836-8A50-E0280F7DC949"
}