{
  "passages": [
    {
      "text": "— Акт, пас?\n---\n[[— Акт.]]\n[[— Пас.]]\n[[— Да.]]\n[[— Прости? Не понял.]]\n[[— А где универсал?]]\n[[— Не знаю. У меня ещё не было секса с парнем.]]",
      "links": [
        {
          "name": "— Акт.",
          "link": "— Акт.",
          "pid": "4"
        },
        {
          "name": "— Пас.",
          "link": "— Пас.",
          "pid": "5"
        },
        {
          "name": "— Да.",
          "link": "— Да.",
          "pid": "6"
        },
        {
          "name": "— Прости? Не понял.",
          "link": "— Прости? Не понял.",
          "pid": "2"
        },
        {
          "name": "— А где универсал?",
          "link": "— А где универсал?",
          "pid": "7"
        },
        {
          "name": "— Не знаю. У меня ещё не было секса с парнем.",
          "link": "— Не знаю. У меня ещё не было секса с парнем.",
          "pid": "81"
        }
      ],
      "name": "Озабоченный",
      "pid": "1",
      "position": {
        "x": "275",
        "y": "275"
      },
      "tags": [
        "t:sp"
      ]
    },
    {
      "text": "— Прости? Не понял.\n---\n[[— Актив, пассив? В сексе кто?]]",
      "links": [
        {
          "name": "— Актив, пассив? В сексе кто?",
          "link": "— Актив, пассив? В сексе кто?",
          "pid": "3"
        }
      ],
      "name": "— Прости? Не понял.",
      "pid": "2",
      "position": {
        "x": "25",
        "y": "400"
      },
      "tags": [
        "t:h"
      ]
    },
    {
      "text": "— Актив, пассив? В сексе кто?\n---\n[[— Обязательно с этого начинать разговор?]]\n[[— Я не хочу с тобой разговаривать. Знакомлюсь не для секса.]]",
      "links": [
        {
          "name": "— Обязательно с этого начинать разговор?",
          "link": "— Обязательно с этого начинать разговор?",
          "pid": "9"
        },
        {
          "name": "— Я не хочу с тобой разговаривать. Знакомлюсь не для секса.",
          "link": "— Я не хочу с тобой разговаривать. Знакомлюсь не для секса.",
          "pid": "8"
        }
      ],
      "name": "— Актив, пассив? В сексе кто?",
      "pid": "3",
      "position": {
        "x": "100",
        "y": "600"
      },
      "tags": [
        "t:p"
      ]
    },
    {
      "text": "— Акт.\n---\n[[— Параметры?]]",
      "links": [
        {
          "name": "— Параметры?",
          "link": "— Параметры?",
          "pid": "13"
        }
      ],
      "name": "— Акт.",
      "pid": "4",
      "position": {
        "x": "600",
        "y": "225"
      },
      "tags": [
        "t:h"
      ]
    },
    {
      "text": "— Пас.\n---\n[[— Параметры?]]",
      "links": [
        {
          "name": "— Параметры?",
          "link": "— Параметры?",
          "pid": "13"
        }
      ],
      "name": "— Пас.",
      "pid": "5",
      "position": {
        "x": "600",
        "y": "375"
      },
      "tags": [
        "t:h"
      ]
    },
    {
      "text": "— Да.\n---\n[[— Шутник?]]",
      "links": [
        {
          "name": "— Шутник?",
          "link": "— Шутник?",
          "pid": "12"
        }
      ],
      "name": "— Да.",
      "pid": "6",
      "position": {
        "x": "600",
        "y": "525"
      },
      "tags": [
        "t:h"
      ]
    },
    {
      "text": "— А где универсал?\n---\n[[— Параметры?]]",
      "links": [
        {
          "name": "— Параметры?",
          "link": "— Параметры?",
          "pid": "13"
        }
      ],
      "name": "— А где универсал?",
      "pid": "7",
      "position": {
        "x": "600",
        "y": "700"
      },
      "tags": [
        "t:h"
      ]
    },
    {
      "text": "— Я не хочу с тобой разговаривать. Знакомлюсь не для секса.\n---\n[[Регистрируясь в приложениях для знакомств, вы открываете себя для откровенных разговоров, предложений и намёков. Будьте готовы к тому, что их много. Правда... Если вы этого не ждёте, то их очень много. А если ждёте, то просто много. Такие дела. При этом вы не обязаны отвечать, вести переписку, которая вам не нравится или делать то, что просит собеседник.]]",
      "links": [
        {
          "name": "Регистрируясь в приложениях для знакомств, вы открываете себя для откровенных разговоров, предложений и намёков. Будьте готовы к тому, что их много. Правда... Если вы этого не ждёте, то их очень много. А если ждёте, то просто много. Такие дела. При этом вы не обязаны отвечать, вести переписку, которая вам не нравится или делать то, что просит собеседник.",
          "link": "Регистрируясь в приложениях для знакомств, вы открываете себя для откровенных разговоров, предложений и намёков. Будьте готовы к тому, что их много. Правда... Если вы этого не ждёте, то их очень много. А если ждёте, то просто много. Такие дела. При этом вы не обязаны отвечать, вести переписку, которая вам не нравится или делать то, что просит собеседник.",
          "pid": "11"
        }
      ],
      "name": "— Я не хочу с тобой разговаривать. Знакомлюсь не для секса.",
      "pid": "8",
      "position": {
        "x": "200",
        "y": "875"
      },
      "tags": [
        "t:h"
      ]
    },
    {
      "text": "— Обязательно с этого начинать разговор?\n---\n[[— Да, обязательно.]]",
      "links": [
        {
          "name": "— Да, обязательно.",
          "link": "— Да, обязательно.",
          "pid": "10"
        }
      ],
      "name": "— Обязательно с этого начинать разговор?",
      "pid": "9",
      "position": {
        "x": "275",
        "y": "700"
      },
      "tags": [
        "t:h"
      ]
    },
    {
      "text": "— Да, обязательно.\n---\n[[— Акт.]]\n[[— Пас.]]\n[[— Универсал.]]\n[[— Не знаю. У меня ещё не было секса с парнем.]]",
      "links": [
        {
          "name": "— Акт.",
          "link": "— Акт.",
          "pid": "4"
        },
        {
          "name": "— Пас.",
          "link": "— Пас.",
          "pid": "5"
        },
        {
          "name": "— Универсал.",
          "link": "— Универсал.",
          "pid": "80"
        },
        {
          "name": "— Не знаю. У меня ещё не было секса с парнем.",
          "link": "— Не знаю. У меня ещё не было секса с парнем.",
          "pid": "81"
        }
      ],
      "name": "— Да, обязательно.",
      "pid": "10",
      "position": {
        "x": "375",
        "y": "525"
      },
      "tags": [
        "t:p"
      ]
    },
    {
      "text": "{adviceId=140}\nРегистрируясь в приложениях для знакомств, вы открываете себя для откровенных разговоров, предложений и намёков. Будьте готовы к тому, что их много. Правда... Если вы этого не ждёте, то их очень много. А если ждёте, то просто много. Такие дела. При этом вы не обязаны отвечать, вести переписку, которая вам не нравится или делать то, что просит собеседник.\n---\n[[— А, понятно.]]",
      "links": [
        {
          "name": "— А, понятно.",
          "link": "— А, понятно.",
          "pid": "88"
        }
      ],
      "name": "Регистрируясь в приложениях для знакомств, вы открываете себя для откровенных разговоров, предложений и намёков. Будьте готовы к тому, что их много. Правда... Если вы этого не ждёте, то их очень много. А если ждёте, то просто много. Такие дела. При этом вы не обязаны отвечать, вести переписку, которая вам не нравится или делать то, что просит собеседник.",
      "pid": "11",
      "position": {
        "x": "275",
        "y": "1100"
      },
      "tags": [
        "t:f"
      ]
    },
    {
      "text": "— Шутник?\n---\n[[— Мне трудно отвечать на такие вопросы.]]",
      "links": [
        {
          "name": "— Мне трудно отвечать на такие вопросы.",
          "link": "— Мне трудно отвечать на такие вопросы.",
          "pid": "21"
        }
      ],
      "name": "— Шутник?",
      "pid": "12",
      "position": {
        "x": "825",
        "y": "825"
      },
      "tags": [
        "t:p"
      ]
    },
    {
      "text": "— Параметры?\n---\n[[— Я мужчина хоть куда.]]\n[[— Я шатен с зелёными глазами, гладкой и нежной кожей, 6 футов 5 дюймов — и это только член.]]\n[[— 19/180/67/13-23 — зависит от линейки и настроения.]]\n[[— 19/180/67/16.]]",
      "links": [
        {
          "name": "— Я мужчина хоть куда.",
          "link": "— Я мужчина хоть куда.",
          "pid": "14"
        },
        {
          "name": "— Я шатен с зелёными глазами, гладкой и нежной кожей, 6 футов 5 дюймов — и это только член.",
          "link": "— Я шатен с зелёными глазами, гладкой и нежной кожей, 6 футов 5 дюймов — и это только член.",
          "pid": "15"
        },
        {
          "name": "— 19/180/67/13-23 — зависит от линейки и настроения.",
          "link": "— 19/180/67/13-23 — зависит от линейки и настроения.",
          "pid": "16"
        },
        {
          "name": "— 19/180/67/16.",
          "link": "— 19/180/67/16.",
          "pid": "17"
        }
      ],
      "name": "— Параметры?",
      "pid": "13",
      "position": {
        "x": "875",
        "y": "450"
      },
      "tags": [
        "t:p"
      ]
    },
    {
      "text": "— Я мужчина хоть куда.\n---\n[[— Хоть в хвост, хоть в гриву? Это называется универсал, шутник.]]",
      "links": [
        {
          "name": "— Хоть в хвост, хоть в гриву? Это называется универсал, шутник.",
          "link": "— Хоть в хвост, хоть в гриву? Это называется универсал, шутник.",
          "pid": "18"
        }
      ],
      "name": "— Я мужчина хоть куда.",
      "pid": "14",
      "position": {
        "x": "1050",
        "y": "350"
      },
      "tags": [
        "t:h"
      ]
    },
    {
      "text": "— Я шатен с зелёными глазами, гладкой и нежной кожей, 6 футов 5 дюймов — и это только член.\n---\n[[— Ты забавный. Это возбуждает.]]",
      "links": [
        {
          "name": "— Ты забавный. Это возбуждает.",
          "link": "— Ты забавный. Это возбуждает.",
          "pid": "19"
        }
      ],
      "name": "— Я шатен с зелёными глазами, гладкой и нежной кожей, 6 футов 5 дюймов — и это только член.",
      "pid": "15",
      "position": {
        "x": "1075",
        "y": "475"
      },
      "tags": [
        "t:h"
      ]
    },
    {
      "text": "— 19/180/67/13-23 — зависит от линейки и настроения.\n---\n[[— Ты забавный. Это возбуждает.]]",
      "links": [
        {
          "name": "— Ты забавный. Это возбуждает.",
          "link": "— Ты забавный. Это возбуждает.",
          "pid": "19"
        }
      ],
      "name": "— 19/180/67/13-23 — зависит от линейки и настроения.",
      "pid": "16",
      "position": {
        "x": "1025",
        "y": "600"
      },
      "tags": [
        "t:h"
      ]
    },
    {
      "text": "— 19/180/67/16.\n---\n[[— Фото есть?]]",
      "links": [
        {
          "name": "— Фото есть?",
          "link": "— Фото есть?",
          "pid": "20"
        }
      ],
      "name": "— 19/180/67/16.",
      "pid": "17",
      "position": {
        "x": "950",
        "y": "725"
      },
      "tags": [
        "t:h"
      ]
    },
    {
      "text": "— Хоть в хвост, хоть в гриву? Это называется универсал, шутник.\n---\n[[— Фото есть?]]",
      "links": [
        {
          "name": "— Фото есть?",
          "link": "— Фото есть?",
          "pid": "20"
        }
      ],
      "name": "— Хоть в хвост, хоть в гриву? Это называется универсал, шутник.",
      "pid": "18",
      "position": {
        "x": "1200",
        "y": "225"
      },
      "tags": [
        "t:p"
      ]
    },
    {
      "text": "— Ты забавный. Это возбуждает.\n---\n[[— Фото есть?]]",
      "links": [
        {
          "name": "— Фото есть?",
          "link": "— Фото есть?",
          "pid": "20"
        }
      ],
      "name": "— Ты забавный. Это возбуждает.",
      "pid": "19",
      "position": {
        "x": "1250",
        "y": "475"
      },
      "tags": [
        "t:p",
        "setReaction:hot-hot"
      ]
    },
    {
      "text": "— Фото есть?\n---\n[[Совет про интим фото]]",
      "links": [
        {
          "name": "Совет про интим фото",
          "link": "Совет про интим фото",
          "pid": "87"
        }
      ],
      "name": "— Фото есть?",
      "pid": "20",
      "position": {
        "x": "1525",
        "y": "575"
      },
      "tags": [
        "t:p",
        "setReaction:hot-main"
      ]
    },
    {
      "text": "— Мне трудно отвечать на такие вопросы.\n---\n[[— Новенький? 18 есть?]]",
      "links": [
        {
          "name": "— Новенький? 18 есть?",
          "link": "— Новенький? 18 есть?",
          "pid": "22"
        }
      ],
      "name": "— Мне трудно отвечать на такие вопросы.",
      "pid": "21",
      "position": {
        "x": "975",
        "y": "850"
      },
      "tags": [
        "t:h"
      ]
    },
    {
      "text": "— Новенький? 18 есть?\n---\n[[— К чему этот вопрос? Мне есть 18.]]",
      "links": [
        {
          "name": "— К чему этот вопрос? Мне есть 18.",
          "link": "— К чему этот вопрос? Мне есть 18.",
          "pid": "23"
        }
      ],
      "name": "— Новенький? 18 есть?",
      "pid": "22",
      "position": {
        "x": "1150",
        "y": "950"
      },
      "tags": [
        "t:p"
      ]
    },
    {
      "text": "— К чему этот вопрос? Мне есть 18.\n---\n[[ К тому, что в противном случае разговор окончен.]]",
      "links": [
        {
          "name": " К тому, что в противном случае разговор окончен.",
          "link": " К тому, что в противном случае разговор окончен.",
          "pid": "24"
        }
      ],
      "name": "— К чему этот вопрос? Мне есть 18.",
      "pid": "23",
      "position": {
        "x": "1325",
        "y": "900"
      },
      "tags": [
        "t:h"
      ]
    },
    {
      "text": "— К тому, что в противном случае разговор окончен.\n---\n[[— Фото есть?]]",
      "links": [
        {
          "name": "— Фото есть?",
          "link": "— Фото есть?",
          "pid": "20"
        }
      ],
      "name": " К тому, что в противном случае разговор окончен.",
      "pid": "24",
      "position": {
        "x": "1500",
        "y": "875"
      },
      "tags": [
        "t:p"
      ]
    },
    {
      "text": "— У меня есть фото в профиле.\n---\n[[— Не такое фото. Интим фото есть?]]",
      "links": [
        {
          "name": "— Не такое фото. Интим фото есть?",
          "link": "— Не такое фото. Интим фото есть?",
          "pid": "29"
        }
      ],
      "name": "— У меня есть фото в профиле.",
      "pid": "25",
      "position": {
        "x": "1850",
        "y": "225"
      },
      "tags": [
        "t:h"
      ]
    },
    {
      "text": "<i>Послать интимное фото.</i>\n---\n[[(интимная картинка)]]",
      "links": [
        {
          "name": "(интимная картинка)",
          "link": "(интимная картинка)",
          "pid": "83"
        }
      ],
      "name": "Послать интимное фото.",
      "pid": "26",
      "position": {
        "x": "1875",
        "y": "350"
      },
      "tags": [
        "t:h"
      ]
    },
    {
      "text": "<i>Послать фото цветочка.</i>\n---\n[[(картинка цветочка)]]",
      "links": [
        {
          "name": "(картинка цветочка)",
          "link": "(картинка цветочка)",
          "pid": "84"
        }
      ],
      "name": "Послать фото цветочка.",
      "pid": "27",
      "position": {
        "x": "1900",
        "y": "475"
      },
      "tags": [
        "t:h"
      ]
    },
    {
      "text": "— Я не высылаю интим.\n---\n[[— Ну ладно, на месте разберёмся. Как быстро сможешь приехать?]]",
      "links": [
        {
          "name": "— Ну ладно, на месте разберёмся. Как быстро сможешь приехать?",
          "link": "— Ну ладно, на месте разберёмся. Как быстро сможешь приехать?",
          "pid": "32"
        }
      ],
      "name": "— Я не высылаю интим.",
      "pid": "28",
      "position": {
        "x": "1900",
        "y": "600"
      },
      "tags": [
        "t:h"
      ]
    },
    {
      "text": "— Не такое фото. Интим фото есть?\n---\n[[— Я не высылаю интим-фото.]]\n[[Послать интимное фото.]]\n[[— А поговорить? Хочу узнать тебя получше.]]\n[[— Я могу или приехать без них, или высылать не буду и разговор окончен.]]\n[[— Не хочу я с тобой ебаться. Ты какой-то озабоченный. Никакого интереса с тобой говорить, одно только хабальство.]]\n",
      "links": [
        {
          "name": "— Я не высылаю интим-фото.",
          "link": "— Я не высылаю интим-фото.",
          "pid": "33"
        },
        {
          "name": "Послать интимное фото.",
          "link": "Послать интимное фото.",
          "pid": "26"
        },
        {
          "name": "— А поговорить? Хочу узнать тебя получше.",
          "link": "— А поговорить? Хочу узнать тебя получше.",
          "pid": "34"
        },
        {
          "name": "— Я могу или приехать без них, или высылать не буду и разговор окончен.",
          "link": "— Я могу или приехать без них, или высылать не буду и разговор окончен.",
          "pid": "35"
        },
        {
          "name": "— Не хочу я с тобой ебаться. Ты какой-то озабоченный. Никакого интереса с тобой говорить, одно только хабальство.",
          "link": "— Не хочу я с тобой ебаться. Ты какой-то озабоченный. Никакого интереса с тобой говорить, одно только хабальство.",
          "pid": "69"
        }
      ],
      "name": "— Не такое фото. Интим фото есть?",
      "pid": "29",
      "position": {
        "x": "2375",
        "y": "225"
      },
      "tags": [
        "t:p"
      ]
    },
    {
      "text": "— Ммм... Неплохо. Как быстро можешь приехать?\n---\n[[— А поговорить? Хочу узнать тебя получше.]]\n[[— Смотря где ты живёшь. Какой у тебя адрес?]]",
      "links": [
        {
          "name": "— А поговорить? Хочу узнать тебя получше.",
          "link": "— А поговорить? Хочу узнать тебя получше.",
          "pid": "34"
        },
        {
          "name": "— Смотря где ты живёшь. Какой у тебя адрес?",
          "link": "— Смотря где ты живёшь. Какой у тебя адрес?",
          "pid": "68"
        }
      ],
      "name": "— Ммм... Неплохо. Как быстро можешь приехать?",
      "pid": "30",
      "position": {
        "x": "2400",
        "y": "375"
      },
      "tags": [
        "t:p",
        "setReaction:hot-hot"
      ]
    },
    {
      "text": "— Шутник. Мне надоело тратить своё время.\n---\n[[— А поговорить? Хочу узнать тебя получше.]]\n[[— Я не высылаю интим-фото.]]\n[[— Не хочу я с тобой ебаться. Ты какой-то озабоченный. Никакого интереса с тобой говорить, одно только хабальство.]]",
      "links": [
        {
          "name": "— А поговорить? Хочу узнать тебя получше.",
          "link": "— А поговорить? Хочу узнать тебя получше.",
          "pid": "34"
        },
        {
          "name": "— Я не высылаю интим-фото.",
          "link": "— Я не высылаю интим-фото.",
          "pid": "33"
        },
        {
          "name": "— Не хочу я с тобой ебаться. Ты какой-то озабоченный. Никакого интереса с тобой говорить, одно только хабальство.",
          "link": "— Не хочу я с тобой ебаться. Ты какой-то озабоченный. Никакого интереса с тобой говорить, одно только хабальство.",
          "pid": "69"
        }
      ],
      "name": "— Шутник. Мне надоело тратить своё время.",
      "pid": "31",
      "position": {
        "x": "2400",
        "y": "550"
      },
      "tags": [
        "t:p"
      ]
    },
    {
      "text": "— Ну ладно, на месте разберёмся. Как быстро сможешь приехать?\n---\n[[— Смотря где ты живёшь. Какой у тебя адрес?]]\n[[— А поговорить? Хочу узнать тебя получше.]]\n[[— Не хочу я с тобой ебаться. Ты какой-то озабоченный. Никакого интереса с тобой говорить, одно только хабальство.]]",
      "links": [
        {
          "name": "— Смотря где ты живёшь. Какой у тебя адрес?",
          "link": "— Смотря где ты живёшь. Какой у тебя адрес?",
          "pid": "68"
        },
        {
          "name": "— А поговорить? Хочу узнать тебя получше.",
          "link": "— А поговорить? Хочу узнать тебя получше.",
          "pid": "34"
        },
        {
          "name": "— Не хочу я с тобой ебаться. Ты какой-то озабоченный. Никакого интереса с тобой говорить, одно только хабальство.",
          "link": "— Не хочу я с тобой ебаться. Ты какой-то озабоченный. Никакого интереса с тобой говорить, одно только хабальство.",
          "pid": "69"
        }
      ],
      "name": "— Ну ладно, на месте разберёмся. Как быстро сможешь приехать?",
      "pid": "32",
      "position": {
        "x": "2450",
        "y": "725"
      },
      "tags": [
        "t:p"
      ]
    },
    {
      "text": "— Я не высылаю интим-фото.\n---\n[[— Ну ладно, на месте разберёмся. Как быстро сможешь приехать?]]",
      "links": [
        {
          "name": "— Ну ладно, на месте разберёмся. Как быстро сможешь приехать?",
          "link": "— Ну ладно, на месте разберёмся. Как быстро сможешь приехать?",
          "pid": "32"
        }
      ],
      "name": "— Я не высылаю интим-фото.",
      "pid": "33",
      "position": {
        "x": "2650",
        "y": "225"
      },
      "tags": [
        "t:h"
      ]
    },
    {
      "text": "— А поговорить? Хочу узнать тебя получше.\n---\n[[— Что тебе нужно? Параметры в профиле.]]",
      "links": [
        {
          "name": "— Что тебе нужно? Параметры в профиле.",
          "link": "— Что тебе нужно? Параметры в профиле.",
          "pid": "36"
        }
      ],
      "name": "— А поговорить? Хочу узнать тебя получше.",
      "pid": "34",
      "position": {
        "x": "2725",
        "y": "375"
      },
      "tags": [
        "t:h",
        "setReaction:hot-main"
      ]
    },
    {
      "text": "— Я могу или приехать без них, или высылать не буду и разговор окончен.\n---\n[[— Боже, какой неженка.]]",
      "links": [
        {
          "name": "— Боже, какой неженка.",
          "link": "— Боже, какой неженка.",
          "pid": "67"
        }
      ],
      "name": "— Я могу или приехать без них, или высылать не буду и разговор окончен.",
      "pid": "35",
      "position": {
        "x": "2750",
        "y": "525"
      },
      "tags": [
        "t:h"
      ]
    },
    {
      "text": "— Что тебе нужно? Параметры в профиле.\n---\n[[— Мне трудно пойти на встречу с человеком, о котором я знаю только физические параметры.]]",
      "links": [
        {
          "name": "— Мне трудно пойти на встречу с человеком, о котором я знаю только физические параметры.",
          "link": "— Мне трудно пойти на встречу с человеком, о котором я знаю только физические параметры.",
          "pid": "37"
        }
      ],
      "name": "— Что тебе нужно? Параметры в профиле.",
      "pid": "36",
      "position": {
        "x": "2900",
        "y": "375"
      },
      "tags": [
        "t:p"
      ]
    },
    {
      "text": "— Мне трудно пойти на встречу с человеком, о котором я знаю только физические параметры.\n---\n[[— Так мы не на свиданку идём. Что тебе рассказать? Работаю, место есть, люблю хорошо отдыхать. Хожу в тренажёрку. Что тебе ещё надо знать?]]",
      "links": [
        {
          "name": "— Так мы не на свиданку идём. Что тебе рассказать? Работаю, место есть, люблю хорошо отдыхать. Хожу в тренажёрку. Что тебе ещё надо знать?",
          "link": "— Так мы не на свиданку идём. Что тебе рассказать? Работаю, место есть, люблю хорошо отдыхать. Хожу в тренажёрку. Что тебе ещё надо знать?",
          "pid": "38"
        }
      ],
      "name": "— Мне трудно пойти на встречу с человеком, о котором я знаю только физические параметры.",
      "pid": "37",
      "position": {
        "x": "3075",
        "y": "375"
      },
      "tags": [
        "t:h"
      ]
    },
    {
      "text": "— Так мы не на свиданку идём. Что тебе рассказать? Работаю, место есть, люблю хорошо отдыхать. Хожу в тренажёрку. Что тебе ещё надо знать?\n---\n[[— Давно занимаешься сексом с парнями?]]",
      "links": [
        {
          "name": "— Давно занимаешься сексом с парнями?",
          "link": "— Давно занимаешься сексом с парнями?",
          "pid": "39"
        }
      ],
      "name": "— Так мы не на свиданку идём. Что тебе рассказать? Работаю, место есть, люблю хорошо отдыхать. Хожу в тренажёрку. Что тебе ещё надо знать?",
      "pid": "38",
      "position": {
        "x": "3250",
        "y": "375"
      },
      "tags": [
        "t:p"
      ]
    },
    {
      "text": "— Давно занимаешься сексом с парнями?\n---\n[[— Да. Всё никак не могу перестать.]]",
      "links": [
        {
          "name": "— Да. Всё никак не могу перестать.",
          "link": "— Да. Всё никак не могу перестать.",
          "pid": "40"
        }
      ],
      "name": "— Давно занимаешься сексом с парнями?",
      "pid": "39",
      "position": {
        "x": "3425",
        "y": "375"
      },
      "tags": [
        "t:h"
      ]
    },
    {
      "text": "— Да. Всё никак не могу перестать.\n---\n[[— Не понимаю. Ты надеешься найти парня и завязать с сексом на один раз?]]",
      "links": [
        {
          "name": "— Не понимаю. Ты надеешься найти парня и завязать с сексом на один раз?",
          "link": "— Не понимаю. Ты надеешься найти парня и завязать с сексом на один раз?",
          "pid": "41"
        }
      ],
      "name": "— Да. Всё никак не могу перестать.",
      "pid": "40",
      "position": {
        "x": "3600",
        "y": "375"
      },
      "tags": [
        "t:p"
      ]
    },
    {
      "text": "— Не понимаю. Ты надеешься найти парня и завязать с сексом на один раз?\n---\n[[— Нет. Не могу заставить себя перестать заниматься гомоеблей. Отношений с парнем не может быть.]]",
      "links": [
        {
          "name": "— Нет. Не могу заставить себя перестать заниматься гомоеблей. Отношений с парнем не может быть.",
          "link": "— Нет. Не могу заставить себя перестать заниматься гомоеблей. Отношений с парнем не может быть.",
          "pid": "42"
        }
      ],
      "name": "— Не понимаю. Ты надеешься найти парня и завязать с сексом на один раз?",
      "pid": "41",
      "position": {
        "x": "3775",
        "y": "375"
      },
      "tags": [
        "t:h"
      ]
    },
    {
      "text": "— Нет. Не могу заставить себя перестать заниматься гомоеблей. Отношений с парнем не может быть.\n---\n[[— Почему не может быть отношений с парнем?]]\n[[— Ты считаешь что гомосексуальность ненормальна?]]",
      "links": [
        {
          "name": "— Почему не может быть отношений с парнем?",
          "link": "— Почему не может быть отношений с парнем?",
          "pid": "43"
        },
        {
          "name": "— Ты считаешь что гомосексуальность ненормальна?",
          "link": "— Ты считаешь что гомосексуальность ненормальна?",
          "pid": "44"
        }
      ],
      "name": "— Нет. Не могу заставить себя перестать заниматься гомоеблей. Отношений с парнем не может быть.",
      "pid": "42",
      "position": {
        "x": "3950",
        "y": "375"
      },
      "tags": [
        "t:p"
      ]
    },
    {
      "text": "— Почему не может быть отношений с парнем?\n---\n[[— Ну как у мужиков могут быть отношения? Отношения могут быть только с бабой.]]",
      "links": [
        {
          "name": "— Ну как у мужиков могут быть отношения? Отношения могут быть только с бабой.",
          "link": "— Ну как у мужиков могут быть отношения? Отношения могут быть только с бабой.",
          "pid": "46"
        }
      ],
      "name": "— Почему не может быть отношений с парнем?",
      "pid": "43",
      "position": {
        "x": "4125",
        "y": "225"
      },
      "tags": [
        "t:h"
      ]
    },
    {
      "text": "— Ты считаешь что гомосексуальность ненормальна?\n---\n[[— Да, и более того, я бы многое отдал за то, чтобы перестать быть геем.]]",
      "links": [
        {
          "name": "— Да, и более того, я бы многое отдал за то, чтобы перестать быть геем.",
          "link": "— Да, и более того, я бы многое отдал за то, чтобы перестать быть геем.",
          "pid": "45"
        }
      ],
      "name": "— Ты считаешь что гомосексуальность ненормальна?",
      "pid": "44",
      "position": {
        "x": "4125",
        "y": "375"
      },
      "tags": [
        "t:h"
      ]
    },
    {
      "text": "— Да, и более того, я бы многое отдал за то, чтобы перестать быть геем.\n---\n[[— У нас есть дальний родственник, психолог, он специалист, в газетах публикуется. Он меня лечил от гомосексуализма. И я подвёл его, подвёл родных: не смог устоять перед этим соблазном!..]]",
      "links": [
        {
          "name": "— У нас есть дальний родственник, психолог, он специалист, в газетах публикуется. Он меня лечил от гомосексуализма. И я подвёл его, подвёл родных: не смог устоять перед этим соблазном!..",
          "link": "— У нас есть дальний родственник, психолог, он специалист, в газетах публикуется. Он меня лечил от гомосексуализма. И я подвёл его, подвёл родных: не смог устоять перед этим соблазном!..",
          "pid": "86"
        }
      ],
      "name": "— Да, и более того, я бы многое отдал за то, чтобы перестать быть геем.",
      "pid": "45",
      "position": {
        "x": "4275",
        "y": "425"
      },
      "tags": [
        "t:p",
        "setReaction:hot-sad"
      ]
    },
    {
      "text": "— Ну как у мужиков могут быть отношения? Отношения могут быть только с бабой.\n---\n[[— Почему?]]\n[[— Ты просто какой-то кладезь стереотипов.]]",
      "links": [
        {
          "name": "— Почему?",
          "link": "— Почему?",
          "pid": "47"
        },
        {
          "name": "— Ты просто какой-то кладезь стереотипов.",
          "link": "— Ты просто какой-то кладезь стереотипов.",
          "pid": "73"
        }
      ],
      "name": "— Ну как у мужиков могут быть отношения? Отношения могут быть только с бабой.",
      "pid": "46",
      "position": {
        "x": "4300",
        "y": "225"
      },
      "tags": [
        "t:p"
      ]
    },
    {
      "text": "— Почему?\n---\n[[— С мужиком одни проблемы. Я должен подарить родителям внуков. Дети могут быть только с бабой.]]",
      "links": [
        {
          "name": "— С мужиком одни проблемы. Я должен подарить родителям внуков. Дети могут быть только с бабой.",
          "link": "— С мужиком одни проблемы. Я должен подарить родителям внуков. Дети могут быть только с бабой.",
          "pid": "48"
        }
      ],
      "name": "— Почему?",
      "pid": "47",
      "position": {
        "x": "4475",
        "y": "225"
      },
      "tags": [
        "t:h"
      ]
    },
    {
      "text": "— С мужиком одни проблемы. Я должен подарить родителям внуков. Дети могут быть только с бабой.\n---\n[[— Можно усыновить или найти суррогатную мать...]]",
      "links": [
        {
          "name": "— Можно усыновить или найти суррогатную мать...",
          "link": "— Можно усыновить или найти суррогатную мать...",
          "pid": "49"
        }
      ],
      "name": "— С мужиком одни проблемы. Я должен подарить родителям внуков. Дети могут быть только с бабой.",
      "pid": "48",
      "position": {
        "x": "4625",
        "y": "225"
      },
      "tags": [
        "t:p"
      ]
    },
    {
      "text": "— Можно усыновить или найти суррогатную мать...\n---\n[[— Это неестественно. И отношения будут противоестественные. Я бы хотел вылечиться от этого!]]",
      "links": [
        {
          "name": "— Это неестественно. И отношения будут противоестественные. Я бы хотел вылечиться от этого!",
          "link": "— Это неестественно. И отношения будут противоестественные. Я бы хотел вылечиться от этого!",
          "pid": "50"
        }
      ],
      "name": "— Можно усыновить или найти суррогатную мать...",
      "pid": "49",
      "position": {
        "x": "4800",
        "y": "225"
      },
      "tags": [
        "t:h"
      ]
    },
    {
      "text": "— Это неестественно. И отношения будут противоестественные. Я бы хотел вылечиться от этого!\n---\n[[— Так что же ты не вылечишься? Почему не обратишься ко всяким \"специалистам\", которые рекламируют свои услуги?]]",
      "links": [
        {
          "name": "— Так что же ты не вылечишься? Почему не обратишься ко всяким \"специалистам\", которые рекламируют свои услуги?",
          "link": "— Так что же ты не вылечишься? Почему не обратишься ко всяким \"специалистам\", которые рекламируют свои услуги?",
          "pid": "51"
        }
      ],
      "name": "— Это неестественно. И отношения будут противоестественные. Я бы хотел вылечиться от этого!",
      "pid": "50",
      "position": {
        "x": "4975",
        "y": "225"
      },
      "tags": [
        "t:p",
        "setReaction:hot-sad"
      ]
    },
    {
      "text": "— Так что же ты не вылечишься? Почему не обратишься ко всяким «специалистам», которые рекламируют свои услуги?\n---\n[[— Я пытался. У нас есть дальний родственник психолог, в газетах публикуется. Он меня лечил от гомосексуализма. И я подвёл его, подвёл родных: не смог устоять перед этим соблазном!]]",
      "links": [
        {
          "name": "— Я пытался. У нас есть дальний родственник психолог, в газетах публикуется. Он меня лечил от гомосексуализма. И я подвёл его, подвёл родных: не смог устоять перед этим соблазном!",
          "link": "— Я пытался. У нас есть дальний родственник психолог, в газетах публикуется. Он меня лечил от гомосексуализма. И я подвёл его, подвёл родных: не смог устоять перед этим соблазном!",
          "pid": "52"
        }
      ],
      "name": "— Так что же ты не вылечишься? Почему не обратишься ко всяким \"специалистам\", которые рекламируют свои услуги?",
      "pid": "51",
      "position": {
        "x": "5150",
        "y": "225"
      },
      "tags": [
        "t:h"
      ]
    },
    {
      "text": "— Я пытался. У нас есть дальний родственник психолог, в газетах публикуется. Он меня лечил от гомосексуализма. И я подвёл его, подвёл родных: не смог устоять перед этим соблазном!\n---\n[[— Сказал ему, что вылечился, а на самом деле нет.]]",
      "links": [
        {
          "name": "— Сказал ему, что вылечился, а на самом деле нет.",
          "link": "— Сказал ему, что вылечился, а на самом деле нет.",
          "pid": "53"
        }
      ],
      "name": "— Я пытался. У нас есть дальний родственник психолог, в газетах публикуется. Он меня лечил от гомосексуализма. И я подвёл его, подвёл родных: не смог устоять перед этим соблазном!",
      "pid": "52",
      "position": {
        "x": "5325",
        "y": "250"
      },
      "tags": [
        "t:p"
      ]
    },
    {
      "text": "— Сказал ему, что вылечился, а на самом деле нет.\n---\n[[— Чего не пойдёшь к нему снова или не найдёшь другого?]] ",
      "links": [
        {
          "name": "— Чего не пойдёшь к нему снова или не найдёшь другого?",
          "link": "— Чего не пойдёшь к нему снова или не найдёшь другого?",
          "pid": "54"
        }
      ],
      "name": "— Сказал ему, что вылечился, а на самом деле нет.",
      "pid": "53",
      "position": {
        "x": "5500",
        "y": "325"
      },
      "tags": [
        "t:p"
      ]
    },
    {
      "text": "— Чего не пойдёшь к нему снова или не найдёшь другого?\n---\n[[— Мне уже стыдно к нему возвращаться. А другому я не доверяю.]]",
      "links": [
        {
          "name": "— Мне уже стыдно к нему возвращаться. А другому я не доверяю.",
          "link": "— Мне уже стыдно к нему возвращаться. А другому я не доверяю.",
          "pid": "55"
        }
      ],
      "name": "— Чего не пойдёшь к нему снова или не найдёшь другого?",
      "pid": "54",
      "position": {
        "x": "5675",
        "y": "250"
      },
      "tags": [
        "t:h"
      ]
    },
    {
      "text": "— Мне уже стыдно к нему возвращаться. А другому я не доверяю.\n---\n[[Вы понимаете, что этого человека устраивает та ситуация, в которой он находится. Ему удобно считать себя \"ненормальным\" по какой-то причине и поменять свои представления о норме он не считает нужным.]]",
      "links": [
        {
          "name": "Вы понимаете, что этого человека устраивает та ситуация, в которой он находится. Ему удобно считать себя \"ненормальным\" по какой-то причине и поменять свои представления о норме он не считает нужным.",
          "link": "Вы понимаете, что этого человека устраивает та ситуация, в которой он находится. Ему удобно считать себя \"ненормальным\" по какой-то причине и поменять свои представления о норме он не считает нужным.",
          "pid": "56"
        }
      ],
      "name": "— Мне уже стыдно к нему возвращаться. А другому я не доверяю.",
      "pid": "55",
      "position": {
        "x": "5850",
        "y": "225"
      },
      "tags": [
        "t:p",
        "setReaction:hot-main"
      ]
    },
    {
      "text": "<i>Вы понимаете, что этого человека устраивает та ситуация, в которой он находится. Ему удобно считать себя «ненормальным» по какой-то причине и поменять свои представления о норме он не считает нужным.</i>\n---\n[[— Ясно-понятно. Ну, не расстраивайся. Как на счёт последнего разика? Я думаю этот для тебя уж точно будет последним.]]\n[[— Ясно-понятно. Вспомнил тут о делах срочных. Как-нибудь в другой раз спишемся.]]",
      "links": [
        {
          "name": "— Ясно-понятно. Ну, не расстраивайся. Как на счёт последнего разика? Я думаю этот для тебя уж точно будет последним.",
          "link": "— Ясно-понятно. Ну, не расстраивайся. Как на счёт последнего разика? Я думаю этот для тебя уж точно будет последним.",
          "pid": "58"
        },
        {
          "name": "— Ясно-понятно. Вспомнил тут о делах срочных. Как-нибудь в другой раз спишемся.",
          "link": "— Ясно-понятно. Вспомнил тут о делах срочных. Как-нибудь в другой раз спишемся.",
          "pid": "57"
        }
      ],
      "name": "Вы понимаете, что этого человека устраивает та ситуация, в которой он находится. Ему удобно считать себя \"ненормальным\" по какой-то причине и поменять свои представления о норме он не считает нужным.",
      "pid": "56",
      "position": {
        "x": "6025",
        "y": "225"
      },
      "tags": [
        "t:h",
        "showThing:homophobe-inside",
        "set:horny-item:1"
      ]
    },
    {
      "text": "— Ясно-понятно. Вспомнил тут о делах срочных. Как-нибудь в другой раз спишемся.\n---\n[[— Что? Другого хахаля нашёл?! Все пидоры - шлюхи! О каких отношениях можно говорить? Сразу было понятно, кто ты такой. Не стоило тебе даже писать.]] ",
      "links": [
        {
          "name": "— Что? Другого хахаля нашёл?! Все пидоры - шлюхи! О каких отношениях можно говорить? Сразу было понятно, кто ты такой. Не стоило тебе даже писать.",
          "link": "— Что? Другого хахаля нашёл?! Все пидоры - шлюхи! О каких отношениях можно говорить? Сразу было понятно, кто ты такой. Не стоило тебе даже писать.",
          "pid": "59"
        }
      ],
      "name": "— Ясно-понятно. Вспомнил тут о делах срочных. Как-нибудь в другой раз спишемся.",
      "pid": "57",
      "position": {
        "x": "6100",
        "y": "550"
      },
      "tags": [
        "t:h"
      ]
    },
    {
      "text": "— Ясно-понятно. Ну, не расстраивайся. Как на счёт последнего разика? Я думаю этот для тебя уж точно будет последним.\n---\n[[— Я уж думал ты никогда не заткнёшься. Мой адрес ... Когда приедешь?]]",
      "links": [
        {
          "name": "— Я уж думал ты никогда не заткнёшься. Мой адрес ... Когда приедешь?",
          "link": "— Я уж думал ты никогда не заткнёшься. Мой адрес ... Когда приедешь?",
          "pid": "64"
        }
      ],
      "name": "— Ясно-понятно. Ну, не расстраивайся. Как на счёт последнего разика? Я думаю этот для тебя уж точно будет последним.",
      "pid": "58",
      "position": {
        "x": "6200",
        "y": "225"
      },
      "tags": [
        "t:h"
      ]
    },
    {
      "text": "— Что? Другого хахаля нашёл?! Все пидоры — шлюхи! О каких отношениях можно говорить? Сразу было понятно, кто ты такой. Не стоило тебе даже писать.\n---\n[[Вы уже не отвечаете на эту фразу. Вам больше не хочется продолжать диалог. Этот человек заблудился где-то в самом себе и вы не готовы пытаться ему непрошено помочь.]]",
      "links": [
        {
          "name": "Вы уже не отвечаете на эту фразу. Вам больше не хочется продолжать диалог. Этот человек заблудился где-то в самом себе и вы не готовы пытаться ему непрошено помочь.",
          "link": "Вы уже не отвечаете на эту фразу. Вам больше не хочется продолжать диалог. Этот человек заблудился где-то в самом себе и вы не готовы пытаться ему непрошено помочь.",
          "pid": "60"
        }
      ],
      "name": "— Что? Другого хахаля нашёл?! Все пидоры - шлюхи! О каких отношениях можно говорить? Сразу было понятно, кто ты такой. Не стоило тебе даже писать.",
      "pid": "59",
      "position": {
        "x": "6350",
        "y": "500"
      },
      "tags": [
        "t:p"
      ]
    },
    {
      "text": "<i>Вы уже не отвечаете на эту фразу. Вам больше не хочется продолжать диалог. Этот человек заблудился где-то в самом себе и вы не готовы пытаться ему непрошено помочь.</i>\n---\n[[Вы думаете о том, что заставляет так относиться к себе и другим. Семья, пережитый опыт, характер, общество или иное? Или комбинация разных факторов? Благо, вы никогда не ощущали себя больным.]]",
      "links": [
        {
          "name": "Вы думаете о том, что заставляет так относиться к себе и другим. Семья, пережитый опыт, характер, общество или иное? Или комбинация разных факторов? Благо, вы никогда не ощущали себя больным.",
          "link": "Вы думаете о том, что заставляет так относиться к себе и другим. Семья, пережитый опыт, характер, общество или иное? Или комбинация разных факторов? Благо, вы никогда не ощущали себя больным.",
          "pid": "61"
        }
      ],
      "name": "Вы уже не отвечаете на эту фразу. Вам больше не хочется продолжать диалог. Этот человек заблудился где-то в самом себе и вы не готовы пытаться ему непрошено помочь.",
      "pid": "60",
      "position": {
        "x": "6525",
        "y": "525"
      },
      "tags": [
        "t:p"
      ]
    },
    {
      "text": "<i>Вы думаете о том, что заставляет так относиться к себе и другим. Семья, пережитый опыт, характер, общество или иное? Или комбинация разных факторов? Благо, вы никогда не ощущали себя больным.</i>\n---\n[[Мысленно желаете David'у успехов, разобраться в себе и переключаетесь на другие дела.]]",
      "links": [
        {
          "name": "Мысленно желаете David'у успехов, разобраться в себе и переключаетесь на другие дела.",
          "link": "Мысленно желаете David'у успехов, разобраться в себе и переключаетесь на другие дела.",
          "pid": "62"
        }
      ],
      "name": "Вы думаете о том, что заставляет так относиться к себе и другим. Семья, пережитый опыт, характер, общество или иное? Или комбинация разных факторов? Благо, вы никогда не ощущали себя больным.",
      "pid": "61",
      "position": {
        "x": "6700",
        "y": "550"
      },
      "tags": [
        "t:p"
      ]
    },
    {
      "text": "<i>Мысленно желаете David'у успехов, разобраться в себе и переключаетесь на другие дела.</i>\n---\n[[Совет]]",
      "links": [
        {
          "name": "Совет",
          "link": "Совет",
          "pid": "79"
        }
      ],
      "name": "Мысленно желаете David'у успехов, разобраться в себе и переключаетесь на другие дела.",
      "pid": "62",
      "position": {
        "x": "6875",
        "y": "550"
      },
      "tags": [
        "t:p"
      ]
    },
    {
      "text": "<i>Диалог закончен. Вы можете вернуться в главное меню.</i>",
      "name": "Диалог закончен. Вы можете вернуться в главное меню.",
      "pid": "63",
      "position": {
        "x": "7350",
        "y": "1725"
      },
      "tags": [
        "t:p"
      ]
    },
    {
      "text": "— Я уж думал ты никогда не заткнёшься. Мой адрес ... Когда приедешь?\n---\n[[— Через 2 часа.]]",
      "links": [
        {
          "name": "— Через 2 часа.",
          "link": "— Через 2 часа.",
          "pid": "65"
        }
      ],
      "name": "— Я уж думал ты никогда не заткнёшься. Мой адрес ... Когда приедешь?",
      "pid": "64",
      "position": {
        "x": "6375",
        "y": "225"
      },
      "tags": [
        "t:p"
      ]
    },
    {
      "text": "— Через 2 часа.\n---\n[[— Давай, жду. Не задерживайся.]]",
      "links": [
        {
          "name": "— Давай, жду. Не задерживайся.",
          "link": "— Давай, жду. Не задерживайся.",
          "pid": "66"
        }
      ],
      "name": "— Через 2 часа.",
      "pid": "65",
      "position": {
        "x": "6550",
        "y": "350"
      },
      "tags": [
        "t:h"
      ]
    },
    {
      "text": "— Давай, жду. Не задерживайся.\n---\n[[Вы приехали к нему домой. При личном знакомстве вы впервые увидели его лицо и узнали имя. Он предложил вам выпить. Вы отказались. После 5 минут пустых разговоров вы перешли в спальню.]]",
      "links": [
        {
          "name": "Вы приехали к нему домой. При личном знакомстве вы впервые увидели его лицо и узнали имя. Он предложил вам выпить. Вы отказались. После 5 минут пустых разговоров вы перешли в спальню.",
          "link": "Вы приехали к нему домой. При личном знакомстве вы впервые увидели его лицо и узнали имя. Он предложил вам выпить. Вы отказались. После 5 минут пустых разговоров вы перешли в спальню.",
          "pid": "92"
        }
      ],
      "name": "— Давай, жду. Не задерживайся.",
      "pid": "66",
      "position": {
        "x": "6725",
        "y": "375"
      },
      "tags": [
        "t:p",
        "setReaction:hot-hot"
      ]
    },
    {
      "text": "— Боже, какой неженка.\n---\n[[— Ну ладно, на месте разберёмся. Как быстро сможешь приехать?]]",
      "links": [
        {
          "name": "— Ну ладно, на месте разберёмся. Как быстро сможешь приехать?",
          "link": "— Ну ладно, на месте разберёмся. Как быстро сможешь приехать?",
          "pid": "32"
        }
      ],
      "name": "— Боже, какой неженка.",
      "pid": "67",
      "position": {
        "x": "2900",
        "y": "625"
      },
      "tags": [
        "t:p"
      ]
    },
    {
      "text": "— Смотря где ты живёшь. Какой у тебя адрес?\n---\n[[Он присылает вам адрес и снова спрашивает, когда вы приедете.]]",
      "links": [
        {
          "name": "Он присылает вам адрес и снова спрашивает, когда вы приедете.",
          "link": "Он присылает вам адрес и снова спрашивает, когда вы приедете.",
          "pid": "85"
        }
      ],
      "name": "— Смотря где ты живёшь. Какой у тебя адрес?",
      "pid": "68",
      "position": {
        "x": "2625",
        "y": "850"
      },
      "tags": [
        "t:h",
        "setReaction:hot-main"
      ]
    },
    {
      "text": "— Не хочу я с тобой ебаться. Ты какой-то озабоченный. Никакого интереса с тобой говорить, одно только хабальство.\n---\n[[— Добро пожаловать в гейский мир, дружок.]]",
      "links": [
        {
          "name": "— Добро пожаловать в гейский мир, дружок.",
          "link": "— Добро пожаловать в гейский мир, дружок.",
          "pid": "70"
        }
      ],
      "name": "— Не хочу я с тобой ебаться. Ты какой-то озабоченный. Никакого интереса с тобой говорить, одно только хабальство.",
      "pid": "69",
      "position": {
        "x": "2775",
        "y": "750"
      },
      "tags": [
        "t:h"
      ]
    },
    {
      "text": "— Добро пожаловать в гейский мир, дружок.\n---\n[[— Извини, мой мир не состоит из одного только секса. Мне важны отношения.]]\n[[— Извини, мой мир не состоит из одного только секса. Я не хочу с тобой больше говорить.]]",
      "links": [
        {
          "name": "— Извини, мой мир не состоит из одного только секса. Мне важны отношения.",
          "link": "— Извини, мой мир не состоит из одного только секса. Мне важны отношения.",
          "pid": "71"
        },
        {
          "name": "— Извини, мой мир не состоит из одного только секса. Я не хочу с тобой больше говорить.",
          "link": "— Извини, мой мир не состоит из одного только секса. Я не хочу с тобой больше говорить.",
          "pid": "72"
        }
      ],
      "name": "— Добро пожаловать в гейский мир, дружок.",
      "pid": "70",
      "position": {
        "x": "2950",
        "y": "775"
      },
      "tags": [
        "t:p"
      ]
    },
    {
      "text": "— Извини, мой мир не состоит из одного только секса. Мне важны отношения.\n---\n[[— Ну как у мужиков могут быть отношения? Отношения могут быть только с бабой.]]",
      "links": [
        {
          "name": "— Ну как у мужиков могут быть отношения? Отношения могут быть только с бабой.",
          "link": "— Ну как у мужиков могут быть отношения? Отношения могут быть только с бабой.",
          "pid": "46"
        }
      ],
      "name": "— Извини, мой мир не состоит из одного только секса. Мне важны отношения.",
      "pid": "71",
      "position": {
        "x": "3125",
        "y": "800"
      },
      "tags": [
        "t:h"
      ]
    },
    {
      "text": "— Извини, мой мир не состоит из одного только секса. Я не хочу с тобой больше говорить.\n---\n[[— Что? Другого хахаля нашёл? Все пидоры - шлюхи. Сразу было понятно, кто ты такой. Не стоило тебе даже писать.]]",
      "links": [
        {
          "name": "— Что? Другого хахаля нашёл? Все пидоры - шлюхи. Сразу было понятно, кто ты такой. Не стоило тебе даже писать.",
          "link": "— Что? Другого хахаля нашёл? Все пидоры - шлюхи. Сразу было понятно, кто ты такой. Не стоило тебе даже писать.",
          "pid": "77"
        }
      ],
      "name": "— Извини, мой мир не состоит из одного только секса. Я не хочу с тобой больше говорить.",
      "pid": "72",
      "position": {
        "x": "3100",
        "y": "925"
      },
      "tags": [
        "t:h"
      ]
    },
    {
      "text": "— Ты просто какой-то кладезь стереотипов.\n---\n[[— Чего?]]",
      "links": [
        {
          "name": "— Чего?",
          "link": "— Чего?",
          "pid": "74"
        }
      ],
      "name": "— Ты просто какой-то кладезь стереотипов.",
      "pid": "73",
      "position": {
        "x": "4425",
        "y": "375"
      },
      "tags": [
        "t:h"
      ]
    },
    {
      "text": "— Чего?\n---\n[[— Почему, по-твоему, у парня с парнем не может быть отношений?]]\n[[— Ничего, я внезапно вспомнил про одно дело срочное. Как-нибудь в другой раз спишемся, ок?]]",
      "links": [
        {
          "name": "— Почему, по-твоему, у парня с парнем не может быть отношений?",
          "link": "— Почему, по-твоему, у парня с парнем не может быть отношений?",
          "pid": "75"
        },
        {
          "name": "— Ничего, я внезапно вспомнил про одно дело срочное. Как-нибудь в другой раз спишемся, ок?",
          "link": "— Ничего, я внезапно вспомнил про одно дело срочное. Как-нибудь в другой раз спишемся, ок?",
          "pid": "76"
        }
      ],
      "name": "— Чего?",
      "pid": "74",
      "position": {
        "x": "4575",
        "y": "400"
      },
      "tags": [
        "t:p"
      ]
    },
    {
      "text": "— Почему, по-твоему, у парня с парнем не может быть отношений?\n---\n[[— С мужиком одни проблемы. Я должен подарить родителям внуков. Дети могут быть только с бабой.]]",
      "links": [
        {
          "name": "— С мужиком одни проблемы. Я должен подарить родителям внуков. Дети могут быть только с бабой.",
          "link": "— С мужиком одни проблемы. Я должен подарить родителям внуков. Дети могут быть только с бабой.",
          "pid": "48"
        }
      ],
      "name": "— Почему, по-твоему, у парня с парнем не может быть отношений?",
      "pid": "75",
      "position": {
        "x": "4725",
        "y": "375"
      },
      "tags": [
        "t:h"
      ]
    },
    {
      "text": "— Ничего, я внезапно вспомнил про одно дело срочное. Как-нибудь в другой раз спишемся, ок?\n---\n[[— Что? Другого хахаля нашёл?! Все пидоры - шлюхи! О каких отношениях можно говорить? Сразу было понятно, кто ты такой. Не стоило тебе даже писать.]]",
      "links": [
        {
          "name": "— Что? Другого хахаля нашёл?! Все пидоры - шлюхи! О каких отношениях можно говорить? Сразу было понятно, кто ты такой. Не стоило тебе даже писать.",
          "link": "— Что? Другого хахаля нашёл?! Все пидоры - шлюхи! О каких отношениях можно говорить? Сразу было понятно, кто ты такой. Не стоило тебе даже писать.",
          "pid": "59"
        }
      ],
      "name": "— Ничего, я внезапно вспомнил про одно дело срочное. Как-нибудь в другой раз спишемся, ок?",
      "pid": "76",
      "position": {
        "x": "4800",
        "y": "675"
      },
      "tags": [
        "t:h"
      ]
    },
    {
      "text": "— Что? Другого хахаля нашёл? Все пидоры — шлюхи. Сразу было понятно, кто ты такой. Не стоило тебе даже писать.\n---\n[[Вы уже не отвечаете на эту фразу. Вам больше не хочется продолжать диалог с этим человеком. Этот человек заблудился где-то в самом себе и никто не сможет ему помочь кроме него самого.2]]",
      "links": [
        {
          "name": "Вы уже не отвечаете на эту фразу. Вам больше не хочется продолжать диалог с этим человеком. Этот человек заблудился где-то в самом себе и никто не сможет ему помочь кроме него самого.2",
          "link": "Вы уже не отвечаете на эту фразу. Вам больше не хочется продолжать диалог с этим человеком. Этот человек заблудился где-то в самом себе и никто не сможет ему помочь кроме него самого.2",
          "pid": "78"
        }
      ],
      "name": "— Что? Другого хахаля нашёл? Все пидоры - шлюхи. Сразу было понятно, кто ты такой. Не стоило тебе даже писать.",
      "pid": "77",
      "position": {
        "x": "6275",
        "y": "725"
      },
      "tags": [
        "t:p"
      ]
    },
    {
      "text": "<i>Вы уже не отвечаете на эту фразу. Вам больше не хочется продолжать диалог с этим человеком. Этот человек заблудился где-то в самом себе и никто не сможет ему помочь кроме него самого.</i>\n---\n[[Совет]]",
      "links": [
        {
          "name": "Совет",
          "link": "Совет",
          "pid": "79"
        }
      ],
      "name": "Вы уже не отвечаете на эту фразу. Вам больше не хочется продолжать диалог с этим человеком. Этот человек заблудился где-то в самом себе и никто не сможет ему помочь кроме него самого.2",
      "pid": "78",
      "position": {
        "x": "6475",
        "y": "775"
      },
      "tags": [
        "t:p"
      ]
    },
    {
      "text": "{adviceId=150}\nГБТК+ парни могут в результате разных факторов загонять себя в состояние депрессии, начать относиться к себе и ЛГБТК+ как к недолюдям, стыдиться себя и своей тяги к парням. Трудно сказать, сколько подобных людей, но вы наверняка их встретите, если будете пользоваться приложениями для знакомств и активно общаться. Нет ничего плохого в том, чтобы искать только секса. Также нет ничего зазорного и в том, если вы не способны на быстросекс и не коллекционируете партнёров. В приложениях для знакомств много гомо-, би- и трансфобии: это  отражается в подписях профилей, в личной переписке, хэштегах и постах с комментариями в ленте. Ксенофобия общества и потребительское отношение к людям в приложениях для знакомств создают токсичную среду. Будьте готовы к этому. Блокируйте агрессивных собеседников, устанавливайте комфортные для обеих сторон правила общения.\n---\n[[Диалог закончен. Вы можете вернуться в главное меню.]]",
      "links": [
        {
          "name": "Диалог закончен. Вы можете вернуться в главное меню.",
          "link": "Диалог закончен. Вы можете вернуться в главное меню.",
          "pid": "63"
        }
      ],
      "name": "Совет",
      "pid": "79",
      "position": {
        "x": "7400",
        "y": "700"
      },
      "tags": [
        "t:f",
        "setReaction:hot-main"
      ]
    },
    {
      "text": "— Универсал.\n---\n[[— Параметры?]]",
      "links": [
        {
          "name": "— Параметры?",
          "link": "— Параметры?",
          "pid": "13"
        }
      ],
      "name": "— Универсал.",
      "pid": "80",
      "position": {
        "x": "425",
        "y": "775"
      },
      "tags": [
        "t:h"
      ]
    },
    {
      "text": "— Не знаю. У меня ещё не было секса с парнем.\n---\n[[— Новенький? 18 есть?]]",
      "links": [
        {
          "name": "— Новенький? 18 есть?",
          "link": "— Новенький? 18 есть?",
          "pid": "22"
        }
      ],
      "name": "— Не знаю. У меня ещё не было секса с парнем.",
      "pid": "81",
      "position": {
        "x": "575",
        "y": "1075"
      },
      "tags": [
        "t:h"
      ]
    },
    {
      "text": "<i>Вы начали целоваться и постепенно перебрались в кровать. Секс был жаркий, но чувствовалась отчуждённость с его стороны. Вы спали в обнимку. Утром он начал собираться на работу и попросил вас уйти.</i>\n---\n[[Совет]]",
      "links": [
        {
          "name": "Совет",
          "link": "Совет",
          "pid": "79"
        }
      ],
      "name": "Вы начали целоваться и постепенно перебрались в кровать. Секс был жаркий, но в нём чувствовалась какая-то отчуждённость с его стороны. Вы спали в обнимку. Утром он начал собираться на работу и попросил вас уйти.",
      "pid": "82",
      "position": {
        "x": "7100",
        "y": "450"
      },
      "tags": [
        "t:p"
      ]
    },
    {
      "text": "nudes.jpg---\n[[— Ммм... Неплохо. Как быстро можешь приехать?]]",
      "links": [
        {
          "name": "— Ммм... Неплохо. Как быстро можешь приехать?",
          "link": "— Ммм... Неплохо. Как быстро можешь приехать?",
          "pid": "30"
        }
      ],
      "name": "(интимная картинка)",
      "pid": "83",
      "position": {
        "x": "2100",
        "y": "325"
      },
      "tags": [
        "t:imgp"
      ]
    },
    {
      "text": "flower.jpg---\n[[— Шутник. Мне надоело тратить своё время.]]",
      "links": [
        {
          "name": "— Шутник. Мне надоело тратить своё время.",
          "link": "— Шутник. Мне надоело тратить своё время.",
          "pid": "31"
        }
      ],
      "name": "(картинка цветочка)",
      "pid": "84",
      "position": {
        "x": "2125",
        "y": "475"
      },
      "tags": [
        "t:imgp"
      ]
    },
    {
      "text": "<i>Он присылает вам адрес и снова спрашивает, когда вы приедете.</i>\n---\n[[— Через 2 часа.]]",
      "links": [
        {
          "name": "— Через 2 часа.",
          "link": "— Через 2 часа.",
          "pid": "65"
        }
      ],
      "name": "Он присылает вам адрес и снова спрашивает, когда вы приедете.",
      "pid": "85",
      "position": {
        "x": "3500",
        "y": "1300"
      },
      "tags": [
        "t:p"
      ]
    },
    {
      "text": "— У нас есть дальний родственник, психолог, он специалист, в газетах публикуется. Он меня лечил от гомосексуализма. И я подвёл его, подвёл родных: не смог устоять перед этим соблазном!..\n---\n[[— Сказал ему, что вылечился, а на самом деле нет.]]",
      "links": [
        {
          "name": "— Сказал ему, что вылечился, а на самом деле нет.",
          "link": "— Сказал ему, что вылечился, а на самом деле нет.",
          "pid": "53"
        }
      ],
      "name": "— У нас есть дальний родственник, психолог, он специалист, в газетах публикуется. Он меня лечил от гомосексуализма. И я подвёл его, подвёл родных: не смог устоять перед этим соблазном!..",
      "pid": "86",
      "position": {
        "x": "4450",
        "y": "625"
      },
      "tags": [
        "t:p"
      ]
    },
    {
      "text": "{adviceId=130}\nПомните, что в некоторых странах рассылка интим-фото может быть расценена как распространение порнографии. Часто это уголовная статья и вам может грозить штраф или срок. Случаи привлечения к ответственности не так уж редки. Будьте бдительны.\n---\n[[— У меня есть фото в профиле.]]\n[[Послать интимное фото.]]\n[[Послать фото цветочка.]]\n[[— Я не высылаю интим.]]",
      "links": [
        {
          "name": "— У меня есть фото в профиле.",
          "link": "— У меня есть фото в профиле.",
          "pid": "25"
        },
        {
          "name": "Послать интимное фото.",
          "link": "Послать интимное фото.",
          "pid": "26"
        },
        {
          "name": "Послать фото цветочка.",
          "link": "Послать фото цветочка.",
          "pid": "27"
        },
        {
          "name": "— Я не высылаю интим.",
          "link": "— Я не высылаю интим.",
          "pid": "28"
        }
      ],
      "name": "Совет про интим фото",
      "pid": "87",
      "position": {
        "x": "1700",
        "y": "475"
      },
      "tags": [
        "t:f"
      ]
    },
    {
      "text": "— А, понятно.\n---\n[[David XL перестал писать.]]",
      "links": [
        {
          "name": "David XL перестал писать.",
          "link": "David XL перестал писать.",
          "pid": "89"
        }
      ],
      "name": "— А, понятно.",
      "pid": "88",
      "position": {
        "x": "350",
        "y": "1300"
      },
      "tags": [
        "t:p"
      ]
    },
    {
      "text": "<i>David XL перестал писать.</i>\n---\n[[— А поговорить?]]\n[[Нафиг такого собеседника.]]",
      "links": [
        {
          "name": "— А поговорить?",
          "link": "— А поговорить?",
          "pid": "90"
        },
        {
          "name": "Нафиг такого собеседника.",
          "link": "Нафиг такого собеседника.",
          "pid": "91"
        }
      ],
      "name": "David XL перестал писать.",
      "pid": "89",
      "position": {
        "x": "500",
        "y": "1500"
      },
      "tags": [
        "t:p"
      ]
    },
    {
      "text": "— А поговорить?\n---\n[[— Что тебе нужно? Параметры в профиле.]]",
      "links": [
        {
          "name": "— Что тебе нужно? Параметры в профиле.",
          "link": "— Что тебе нужно? Параметры в профиле.",
          "pid": "36"
        }
      ],
      "name": "— А поговорить?",
      "pid": "90",
      "position": {
        "x": "800",
        "y": "1600"
      },
      "tags": [
        "t:h"
      ]
    },
    {
      "text": "<i>Нафиг такого собеседника.</i>\n---\n[[Диалог закончен. Вы можете вернуться в главное меню.]]",
      "links": [
        {
          "name": "Диалог закончен. Вы можете вернуться в главное меню.",
          "link": "Диалог закончен. Вы можете вернуться в главное меню.",
          "pid": "63"
        }
      ],
      "name": "Нафиг такого собеседника.",
      "pid": "91",
      "position": {
        "x": "825",
        "y": "1800"
      },
      "tags": [
        "t:h"
      ]
    },
    {
      "text": "<i>Вы приехали к нему домой. При личном знакомстве вы впервые увидели его лицо и узнали имя. Он предложил вам выпить. Вы отказались. После 5 минут пустых разговоров вы перешли в спальню.</i>\n---\n[[Вы начали целоваться и постепенно перебрались в кровать. Секс был жаркий, но в нём чувствовалась какая-то отчуждённость с его стороны. Вы спали в обнимку. Утром он начал собираться на работу и попросил вас уйти.]]",
      "links": [
        {
          "name": "Вы начали целоваться и постепенно перебрались в кровать. Секс был жаркий, но в нём чувствовалась какая-то отчуждённость с его стороны. Вы спали в обнимку. Утром он начал собираться на работу и попросил вас уйти.",
          "link": "Вы начали целоваться и постепенно перебрались в кровать. Секс был жаркий, но в нём чувствовалась какая-то отчуждённость с его стороны. Вы спали в обнимку. Утром он начал собираться на работу и попросил вас уйти.",
          "pid": "82"
        }
      ],
      "name": "Вы приехали к нему домой. При личном знакомстве вы впервые увидели его лицо и узнали имя. Он предложил вам выпить. Вы отказались. После 5 минут пустых разговоров вы перешли в спальню.",
      "pid": "92",
      "position": {
        "x": "6900",
        "y": "400"
      },
      "tags": [
        "t:p",
        "startVideo:horny_home"
      ]
    }
  ],
  "name": "Озабоченный Short",
  "startnode": "1",
  "creator": "Twine",
  "creator-version": "2.3.13",
  "ifid": "6EAFD6ED-7F6A-4FB5-85EE-EDA1EAD0F227"
}