{
  "passages": [
    {
      "text": "— Что-то я нервничаю, как на приём к врачу иду.\n---\n[[— Добрый день.]]\n[[— Добрый день. Меня к вам Варя направила.]]",
      "links": [
        {
          "name": "— Добрый день.",
          "link": "— Добрый день.",
          "pid": "2"
        },
        {
          "name": "— Добрый день. Меня к вам Варя направила.",
          "link": "— Добрый день. Меня к вам Варя направила.",
          "pid": "3"
        }
      ],
      "name": "Юрист начало",
      "pid": "1",
      "position": {
        "x": "29",
        "y": "850"
      },
      "tags": [
        "t:sh"
      ]
    },
    {
      "text": "— Добрый день.\n---\n[[— Добрый день. Вы на консультацию к юристу? Наш рабочий день почти закончился. Вам лучше подойти завтра.]]",
      "links": [
        {
          "name": "— Добрый день. Вы на консультацию к юристу? Наш рабочий день почти закончился. Вам лучше подойти завтра.",
          "link": "— Добрый день. Вы на консультацию к юристу? Наш рабочий день почти закончился. Вам лучше подойти завтра.",
          "pid": "4"
        }
      ],
      "name": "— Добрый день.",
      "pid": "2",
      "position": {
        "x": "225",
        "y": "775"
      },
      "tags": [
        "t:h"
      ]
    },
    {
      "text": "— Добрый день. Меня к вам Варя направила.\n---\n[[— Понятно, у меня как раз работа заканчивается. Могу полчаса посвятить ответам на ваши вопросы. Меня зовут Иван Дмитриевич. Итак?]]",
      "links": [
        {
          "name": "— Понятно, у меня как раз работа заканчивается. Могу полчаса посвятить ответам на ваши вопросы. Меня зовут Иван Дмитриевич. Итак?",
          "link": "— Понятно, у меня как раз работа заканчивается. Могу полчаса посвятить ответам на ваши вопросы. Меня зовут Иван Дмитриевич. Итак?",
          "pid": "5"
        }
      ],
      "name": "— Добрый день. Меня к вам Варя направила.",
      "pid": "3",
      "position": {
        "x": "225",
        "y": "950"
      },
      "tags": [
        "t:h"
      ]
    },
    {
      "text": "— Добрый день. Вы на консультацию к юристу? Наш рабочий день почти закончился. Вам лучше подойти завтра.\n---\n[[— Меня к вам Варя направила, Иван Дмитриевич.]]",
      "links": [
        {
          "name": "— Меня к вам Варя направила, Иван Дмитриевич.",
          "link": "— Меня к вам Варя направила, Иван Дмитриевич.",
          "pid": "6"
        }
      ],
      "name": "— Добрый день. Вы на консультацию к юристу? Наш рабочий день почти закончился. Вам лучше подойти завтра.",
      "pid": "4",
      "position": {
        "x": "425",
        "y": "775"
      },
      "tags": [
        "t:p"
      ]
    },
    {
      "text": "— Понятно, у меня как раз работа заканчивается. Могу полчаса посвятить ответам на ваши вопросы. Меня зовут Иван Дмитриевич. Итак?\n---\n[[— Вчера был на гей-вечеринке в клубе. Ее прервала милиция. Переписывали паспортные данные посетителей…]]\n[[— Я был вчера в клубе на вечеринке. Ее прервала милиция. Переписывали паспортные данные посетителей…]]\n[[— А можно попросить чая? У меня в горле пересохло. Волнуюсь.]]",
      "links": [
        {
          "name": "— Вчера был на гей-вечеринке в клубе. Ее прервала милиция. Переписывали паспортные данные посетителей…",
          "link": "— Вчера был на гей-вечеринке в клубе. Ее прервала милиция. Переписывали паспортные данные посетителей…",
          "pid": "8"
        },
        {
          "name": "— Я был вчера в клубе на вечеринке. Ее прервала милиция. Переписывали паспортные данные посетителей…",
          "link": "— Я был вчера в клубе на вечеринке. Ее прервала милиция. Переписывали паспортные данные посетителей…",
          "pid": "9"
        },
        {
          "name": "— А можно попросить чая? У меня в горле пересохло. Волнуюсь.",
          "link": "— А можно попросить чая? У меня в горле пересохло. Волнуюсь.",
          "pid": "10"
        }
      ],
      "name": "— Понятно, у меня как раз работа заканчивается. Могу полчаса посвятить ответам на ваши вопросы. Меня зовут Иван Дмитриевич. Итак?",
      "pid": "5",
      "position": {
        "x": "425",
        "y": "925"
      },
      "tags": [
        "t:p"
      ]
    },
    {
      "text": "— Меня к вам Варя направила, Иван Дмитриевич.\n---\n[[— А. Понятно. Могу полчаса посвятить ответам на ваши вопросы. Итак?]]",
      "links": [
        {
          "name": "— А. Понятно. Могу полчаса посвятить ответам на ваши вопросы. Итак?",
          "link": "— А. Понятно. Могу полчаса посвятить ответам на ваши вопросы. Итак?",
          "pid": "7"
        }
      ],
      "name": "— Меня к вам Варя направила, Иван Дмитриевич.",
      "pid": "6",
      "position": {
        "x": "625",
        "y": "775"
      },
      "tags": [
        "t:h"
      ]
    },
    {
      "text": "— А. Понятно. Могу полчаса посвятить ответам на ваши вопросы. Итак?\n---\n[[— Вчера был на гей-вечеринке в клубе. Ее прервала милиция. Переписывали паспортные данные посетителей…]]\n[[— Я был вчера в клубе на вечеринке. Ее прервала милиция. Переписывали паспортные данные посетителей…]]\n[[— А можно попросить чая? У меня в горле пересохло. Волнуюсь.]]",
      "links": [
        {
          "name": "— Вчера был на гей-вечеринке в клубе. Ее прервала милиция. Переписывали паспортные данные посетителей…",
          "link": "— Вчера был на гей-вечеринке в клубе. Ее прервала милиция. Переписывали паспортные данные посетителей…",
          "pid": "8"
        },
        {
          "name": "— Я был вчера в клубе на вечеринке. Ее прервала милиция. Переписывали паспортные данные посетителей…",
          "link": "— Я был вчера в клубе на вечеринке. Ее прервала милиция. Переписывали паспортные данные посетителей…",
          "pid": "9"
        },
        {
          "name": "— А можно попросить чая? У меня в горле пересохло. Волнуюсь.",
          "link": "— А можно попросить чая? У меня в горле пересохло. Волнуюсь.",
          "pid": "10"
        }
      ],
      "name": "— А. Понятно. Могу полчаса посвятить ответам на ваши вопросы. Итак?",
      "pid": "7",
      "position": {
        "x": "825",
        "y": "775"
      },
      "tags": [
        "t:p"
      ]
    },
    {
      "text": "— Вчера был на гей-вечеринке в клубе. Ее прервала милиция. Переписывали паспортные данные посетителей...\n---\n[[— Думаю, тебе не стоит беспокоиться. Это акции запугивания. Не помню случаев, когда облавы приводили к реальным последствиям. В чем конкретно вопрос?]]",
      "links": [
        {
          "name": "— Думаю, тебе не стоит беспокоиться. Это акции запугивания. Не помню случаев, когда облавы приводили к реальным последствиям. В чем конкретно вопрос?",
          "link": "— Думаю, тебе не стоит беспокоиться. Это акции запугивания. Не помню случаев, когда облавы приводили к реальным последствиям. В чем конкретно вопрос?",
          "pid": "11"
        }
      ],
      "name": "— Вчера был на гей-вечеринке в клубе. Ее прервала милиция. Переписывали паспортные данные посетителей…",
      "pid": "8",
      "position": {
        "x": "1000",
        "y": "875"
      },
      "tags": [
        "t:h"
      ]
    },
    {
      "text": "— Я был вчера в клубе на вечеринке. Ее прервала милиция. Переписывали паспортные данные посетителей...\n---\n[[— Наверное, искали несовершеннолетних. Не вижу причин для беспокойства.]]",
      "links": [
        {
          "name": "— Наверное, искали несовершеннолетних. Не вижу причин для беспокойства.",
          "link": "— Наверное, искали несовершеннолетних. Не вижу причин для беспокойства.",
          "pid": "12"
        }
      ],
      "name": "— Я был вчера в клубе на вечеринке. Ее прервала милиция. Переписывали паспортные данные посетителей…",
      "pid": "9",
      "position": {
        "x": "1000",
        "y": "1000"
      },
      "tags": [
        "t:h"
      ]
    },
    {
      "text": "— А можно попросить чая? У меня в горле пересохло. Волнуюсь.\n---\n[[— Конечно. Чайник недавно кипел. Только попрошу потом кружку помыть.]]",
      "links": [
        {
          "name": "— Конечно. Чайник недавно кипел. Только попрошу потом кружку помыть.",
          "link": "— Конечно. Чайник недавно кипел. Только попрошу потом кружку помыть.",
          "pid": "13"
        }
      ],
      "name": "— А можно попросить чая? У меня в горле пересохло. Волнуюсь.",
      "pid": "10",
      "position": {
        "x": "950",
        "y": "1125"
      },
      "tags": [
        "t:h"
      ]
    },
    {
      "text": "— Думаю, тебе не стоит беспокоиться. Это акции запугивания. Не помню случаев, когда облавы приводили к реальным последствиям. В чем конкретно вопрос?\n---\n[[— Я боюсь, что милиция передаст информацию по месту учебы или сообщит родителям.]]",
      "links": [
        {
          "name": "— Я боюсь, что милиция передаст информацию по месту учебы или сообщит родителям.",
          "link": "— Я боюсь, что милиция передаст информацию по месту учебы или сообщит родителям.",
          "pid": "14"
        }
      ],
      "name": "— Думаю, тебе не стоит беспокоиться. Это акции запугивания. Не помню случаев, когда облавы приводили к реальным последствиям. В чем конкретно вопрос?",
      "pid": "11",
      "position": {
        "x": "1200",
        "y": "875"
      },
      "tags": [
        "t:p"
      ]
    },
    {
      "text": "— Наверное, искали несовершеннолетних. Не вижу причин для беспокойства.\n---\n[[— Это был гей-клуб. Я переживаю, что милиция передаст информацию по месту учебы или сообщит родителям.]]",
      "links": [
        {
          "name": "— Это был гей-клуб. Я переживаю, что милиция передаст информацию по месту учебы или сообщит родителям.",
          "link": "— Это был гей-клуб. Я переживаю, что милиция передаст информацию по месту учебы или сообщит родителям.",
          "pid": "15"
        }
      ],
      "name": "— Наверное, искали несовершеннолетних. Не вижу причин для беспокойства.",
      "pid": "12",
      "position": {
        "x": "1200",
        "y": "1000"
      },
      "tags": [
        "t:p"
      ]
    },
    {
      "text": "— Конечно. Чайник недавно кипел. Только попрошу потом кружку помыть.\n---\n[[— Спасибо. Я был вчера в гей-клубе на вечеринке. Ее прервала милиция. Переписывали паспортные данные посетителей…]]",
      "links": [
        {
          "name": "— Спасибо. Я был вчера в гей-клубе на вечеринке. Ее прервала милиция. Переписывали паспортные данные посетителей…",
          "link": "— Спасибо. Я был вчера в гей-клубе на вечеринке. Ее прервала милиция. Переписывали паспортные данные посетителей…",
          "pid": "16"
        }
      ],
      "name": "— Конечно. Чайник недавно кипел. Только попрошу потом кружку помыть.",
      "pid": "13",
      "position": {
        "x": "1150",
        "y": "1125"
      },
      "tags": [
        "t:p"
      ]
    },
    {
      "text": "— Я боюсь, что милиция передаст информацию по месту учебы или сообщит родителям.\n---\n[[— О том, что вы были на гей-вечеринке? Вы можете расслабиться. Эти данные никуда не идут, как мне известно.]]",
      "links": [
        {
          "name": "— О том, что вы были на гей-вечеринке? Вы можете расслабиться. Эти данные никуда не идут, как мне известно.",
          "link": "— О том, что вы были на гей-вечеринке? Вы можете расслабиться. Эти данные никуда не идут, как мне известно.",
          "pid": "17"
        }
      ],
      "name": "— Я боюсь, что милиция передаст информацию по месту учебы или сообщит родителям.",
      "pid": "14",
      "position": {
        "x": "1400",
        "y": "875"
      },
      "tags": [
        "t:h"
      ]
    },
    {
      "text": "— Это был гей-клуб. Я переживаю, что милиция передаст информацию по месту учебы или сообщит родителям.\n---\n[[— О том, что вы были на гей-вечеринке? Вы можете расслабиться. Эти данные никуда не идут, как мне известно.]]",
      "links": [
        {
          "name": "— О том, что вы были на гей-вечеринке? Вы можете расслабиться. Эти данные никуда не идут, как мне известно.",
          "link": "— О том, что вы были на гей-вечеринке? Вы можете расслабиться. Эти данные никуда не идут, как мне известно.",
          "pid": "17"
        }
      ],
      "name": "— Это был гей-клуб. Я переживаю, что милиция передаст информацию по месту учебы или сообщит родителям.",
      "pid": "15",
      "position": {
        "x": "1400",
        "y": "1000"
      },
      "tags": [
        "t:h"
      ]
    },
    {
      "text": "— Спасибо. Я был вчера в гей-клубе на вечеринке. Ее прервала милиция. Переписывали паспортные данные посетителей...\n---\n[[— И вы беспокоитесь, что информация о вашей ночной жизни пойдёт дальше? Можете не бояться. Как мне на практике известно, эти данные никуда не идут.]]",
      "links": [
        {
          "name": "— И вы беспокоитесь, что информация о вашей ночной жизни пойдёт дальше? Можете не бояться. Как мне на практике известно, эти данные никуда не идут.",
          "link": "— И вы беспокоитесь, что информация о вашей ночной жизни пойдёт дальше? Можете не бояться. Как мне на практике известно, эти данные никуда не идут.",
          "pid": "18"
        }
      ],
      "name": "— Спасибо. Я был вчера в гей-клубе на вечеринке. Ее прервала милиция. Переписывали паспортные данные посетителей…",
      "pid": "16",
      "position": {
        "x": "1350",
        "y": "1125"
      },
      "tags": [
        "t:h"
      ]
    },
    {
      "text": "— О том, что вы были на гей-вечеринке? Вы можете расслабиться. Эти данные никуда не идут, как мне известно.\n---\n[[— Спасибо! Это единственное, что меня волновало!]]\n[[— Мне ещё повезло: пару парней были без документов. Их отвезли в участок. Что будет с ними? Вы можете рассказать?]]",
      "links": [
        {
          "name": "— Спасибо! Это единственное, что меня волновало!",
          "link": "— Спасибо! Это единственное, что меня волновало!",
          "pid": "20"
        },
        {
          "name": "— Мне ещё повезло: пару парней были без документов. Их отвезли в участок. Что будет с ними? Вы можете рассказать?",
          "link": "— Мне ещё повезло: пару парней были без документов. Их отвезли в участок. Что будет с ними? Вы можете рассказать?",
          "pid": "21"
        }
      ],
      "name": "— О том, что вы были на гей-вечеринке? Вы можете расслабиться. Эти данные никуда не идут, как мне известно.",
      "pid": "17",
      "position": {
        "x": "1600",
        "y": "875"
      },
      "tags": [
        "t:p"
      ]
    },
    {
      "text": "— И вы беспокоитесь, что информация о вашей ночной жизни пойдёт дальше? Можете не бояться. Как мне на практике известно, эти данные никуда не идут.\n---\n[[— Официально нет такой категории заведений — «гей-клуб», поэтому все, что могут распространить — «был в ночном клубе на вечеринке в пьяном виде». А этим никого не удивишь и само по себе не нарушение.]]",
      "links": [
        {
          "name": "— Официально нет такой категории заведений — «гей-клуб», поэтому все, что могут распространить — «был в ночном клубе на вечеринке в пьяном виде». А этим никого не удивишь и само по себе не нарушение.",
          "link": "— Официально нет такой категории заведений — «гей-клуб», поэтому все, что могут распространить — «был в ночном клубе на вечеринке в пьяном виде». А этим никого не удивишь и само по себе не нарушение.",
          "pid": "19"
        }
      ],
      "name": "— И вы беспокоитесь, что информация о вашей ночной жизни пойдёт дальше? Можете не бояться. Как мне на практике известно, эти данные никуда не идут.",
      "pid": "18",
      "position": {
        "x": "1550",
        "y": "1125"
      },
      "tags": [
        "t:p"
      ]
    },
    {
      "text": "— Официально нет такой категории заведений — «гей-клуб», поэтому все, что могут распространить — «был в ночном клубе на вечеринке в пьяном виде». А этим никого не удивишь и само по себе не нарушение.\n---\n[[— Спасибо! Это единственное, что меня волновало!]]\n[[— Мне ещё повезло: пару парней были без документов. Их отвезли в участок. Что будет с ними? Вы можете рассказать?]]",
      "links": [
        {
          "name": "— Спасибо! Это единственное, что меня волновало!",
          "link": "— Спасибо! Это единственное, что меня волновало!",
          "pid": "20"
        },
        {
          "name": "— Мне ещё повезло: пару парней были без документов. Их отвезли в участок. Что будет с ними? Вы можете рассказать?",
          "link": "— Мне ещё повезло: пару парней были без документов. Их отвезли в участок. Что будет с ними? Вы можете рассказать?",
          "pid": "21"
        }
      ],
      "name": "— Официально нет такой категории заведений — «гей-клуб», поэтому все, что могут распространить — «был в ночном клубе на вечеринке в пьяном виде». А этим никого не удивишь и само по себе не нарушение.",
      "pid": "19",
      "position": {
        "x": "1750",
        "y": "1125"
      },
      "tags": [
        "t:p"
      ]
    },
    {
      "text": "— Спасибо! Какое облегчение! Это единственное, что меня волновало! Не буду вас больше задерживать.\n---\n[[— Уже уходите? Может, что-нибудь хотите уточнить напоследок? Мне будет трудно найти на вас потом время.]]",
      "links": [
        {
          "name": "— Уже уходите? Может, что-нибудь хотите уточнить напоследок? Мне будет трудно найти на вас потом время.",
          "link": "— Уже уходите? Может, что-нибудь хотите уточнить напоследок? Мне будет трудно найти на вас потом время.",
          "pid": "64"
        }
      ],
      "name": "— Спасибо! Это единственное, что меня волновало!",
      "pid": "20",
      "position": {
        "x": "1850",
        "y": "875"
      },
      "tags": [
        "t:h"
      ]
    },
    {
      "text": "— Мне ещё повезло: пару парней были без документов. Их отвезли в участок. Что будет с ними? Вы можете рассказать?\n---\n[[— Их там долго не продержат. Решение о задержании должно быть принято в течение трех часов с момента доставления подозреваемого в орган уголовного преследования. Как правило, этот срок и держат «для установления личности», если конкретно нечего предъявить.]]",
      "links": [
        {
          "name": "— Их там долго не продержат. Решение о задержании должно быть принято в течение трех часов с момента доставления подозреваемого в орган уголовного преследования. Как правило, этот срок и держат «для установления личности», если конкретно нечего предъявить.",
          "link": "— Их там долго не продержат. Решение о задержании должно быть принято в течение трех часов с момента доставления подозреваемого в орган уголовного преследования. Как правило, этот срок и держат «для установления личности», если конкретно нечего предъявить.",
          "pid": "23"
        }
      ],
      "name": "— Мне ещё повезло: пару парней были без документов. Их отвезли в участок. Что будет с ними? Вы можете рассказать?",
      "pid": "21",
      "position": {
        "x": "1925",
        "y": "1050"
      },
      "tags": [
        "t:h"
      ]
    },
    {
      "text": "— Вот. Возьмите, прошу, составленную мной брошюру для ЛГБТК+ людей, которые думают совершить камин-аут. Она может оказаться вам полезной.\n---\n[[Совет]]",
      "links": [
        {
          "name": "Совет",
          "link": "Совет",
          "pid": "66"
        }
      ],
      "name": "— Вот. Возьмите, прошу, составленную мной брошюру для ЛГБТК+ людей, которые думают совершить камин-аут. Она может оказаться вам полезной.",
      "pid": "22",
      "position": {
        "x": "2725",
        "y": "600"
      },
      "tags": [
        "t:p"
      ]
    },
    {
      "text": "— Их там долго не продержат. Решение о задержании должно быть принято в течение трех часов с момента доставления подозреваемого в орган уголовного преследования. Как правило, этот срок и держат «для установления личности», если конкретно нечего предъявить. \n---\n[[— После принятия решения о задержании орган уголовного преследования не вправе удерживать задержанного в положении подозреваемого свыше 72 часов. В этот срок орган уголовного преследования обязан освободить подозреваемого из-под стражи либо вынести постановление о привлечении его в качестве обвиняемого по конкретной статье.]]",
      "links": [
        {
          "name": "— После принятия решения о задержании орган уголовного преследования не вправе удерживать задержанного в положении подозреваемого свыше 72 часов. В этот срок орган уголовного преследования обязан освободить подозреваемого из-под стражи либо вынести постановление о привлечении его в качестве обвиняемого по конкретной статье.",
          "link": "— После принятия решения о задержании орган уголовного преследования не вправе удерживать задержанного в положении подозреваемого свыше 72 часов. В этот срок орган уголовного преследования обязан освободить подозреваемого из-под стражи либо вынести постановление о привлечении его в качестве обвиняемого по конкретной статье.",
          "pid": "24"
        }
      ],
      "name": "— Их там долго не продержат. Решение о задержании должно быть принято в течение трех часов с момента доставления подозреваемого в орган уголовного преследования. Как правило, этот срок и держат «для установления личности», если конкретно нечего предъявить.",
      "pid": "23",
      "position": {
        "x": "2125",
        "y": "1050"
      },
      "tags": [
        "t:p"
      ]
    },
    {
      "text": "— После принятия решения о задержании орган уголовного преследования не вправе удерживать задержанного в положении подозреваемого свыше 72 часов. В этот срок орган уголовного преследования обязан освободить подозреваемого из-под стражи либо вынести постановление о привлечении его в качестве обвиняемого по конкретной статье.\n---\n[[— Почему происходят облавы на клубы?]]",
      "links": [
        {
          "name": "— Почему происходят облавы на клубы?",
          "link": "— Почему происходят облавы на клубы?",
          "pid": "25"
        }
      ],
      "name": "— После принятия решения о задержании орган уголовного преследования не вправе удерживать задержанного в положении подозреваемого свыше 72 часов. В этот срок орган уголовного преследования обязан освободить подозреваемого из-под стражи либо вынести постановление о привлечении его в качестве обвиняемого по конкретной статье.",
      "pid": "24",
      "position": {
        "x": "2325",
        "y": "1050"
      },
      "tags": [
        "t:p"
      ]
    },
    {
      "text": "— Почему происходят облавы на клубы?\n---\n[[— Однозначного ответа не существует. То ли так проявляется гомофобия в органах внутренних дел, то ли конкурирующие клубы друг на друга жалуются, то ли так выполняется план по задержаниям и профилактике нарушений.]]",
      "links": [
        {
          "name": "— Однозначного ответа не существует. То ли так проявляется гомофобия в органах внутренних дел, то ли конкурирующие клубы друг на друга жалуются, то ли так выполняется план по задержаниям и профилактике нарушений.",
          "link": "— Однозначного ответа не существует. То ли так проявляется гомофобия в органах внутренних дел, то ли конкурирующие клубы друг на друга жалуются, то ли так выполняется план по задержаниям и профилактике нарушений.",
          "pid": "26"
        }
      ],
      "name": "— Почему происходят облавы на клубы?",
      "pid": "25",
      "position": {
        "x": "2525",
        "y": "1000"
      },
      "tags": [
        "t:h"
      ]
    },
    {
      "text": "— Однозначного ответа не существует. То ли так проявляется гомофобия в органах внутренних дел, то ли конкурирующие клубы друг на друга жалуются, то ли так выполняется план по задержаниям и профилактике нарушений.\n---\n[[— Само по себе присутствие на гей-вечеринке не является каким-либо нарушением. Но во время облав могут выявить наркотики, несовершеннолетних в ночное время без сопровождения законных представителей, пьяных, незаконную продажу алкоголя. Это позволяет органам выполнять план по раскрытию преступлений и профилактике.]]",
      "links": [
        {
          "name": "— Само по себе присутствие на гей-вечеринке не является каким-либо нарушением. Но во время облав могут выявить наркотики, несовершеннолетних в ночное время без сопровождения законных представителей, пьяных, незаконную продажу алкоголя. Это позволяет органам выполнять план по раскрытию преступлений и профилактике.",
          "link": "— Само по себе присутствие на гей-вечеринке не является каким-либо нарушением. Но во время облав могут выявить наркотики, несовершеннолетних в ночное время без сопровождения законных представителей, пьяных, незаконную продажу алкоголя. Это позволяет органам выполнять план по раскрытию преступлений и профилактике.",
          "pid": "27"
        }
      ],
      "name": "— Однозначного ответа не существует. То ли так проявляется гомофобия в органах внутренних дел, то ли конкурирующие клубы друг на друга жалуются, то ли так выполняется план по задержаниям и профилактике нарушений.",
      "pid": "26",
      "position": {
        "x": "2725",
        "y": "1000"
      },
      "tags": [
        "t:p"
      ]
    },
    {
      "text": "— Само по себе присутствие на гей-вечеринке не является каким-либо нарушением. Но во время облав могут выявить наркотики, несовершеннолетних в ночное время без сопровождения законных представителей, пьяных, незаконную продажу алкоголя. Это позволяет органам выполнять план по раскрытию преступлений и профилактике.\n---\n[[— А как вы сами думаете?]]\n[[— Клубы друг друга закладывают?]]",
      "links": [
        {
          "name": "— А как вы сами думаете?",
          "link": "— А как вы сами думаете?",
          "pid": "28"
        },
        {
          "name": "— Клубы друг друга закладывают?",
          "link": "— Клубы друг друга закладывают?",
          "pid": "29"
        }
      ],
      "name": "— Само по себе присутствие на гей-вечеринке не является каким-либо нарушением. Но во время облав могут выявить наркотики, несовершеннолетних в ночное время без сопровождения законных представителей, пьяных, незаконную продажу алкоголя. Это позволяет органам выполнять план по раскрытию преступлений и профилактике.",
      "pid": "27",
      "position": {
        "x": "2925",
        "y": "1000"
      },
      "tags": [
        "t:p"
      ]
    },
    {
      "text": "— А как вы сами думаете?\n---\n[[— Не могу утверждать. Может быть, гомосексуальность в головах представителей власти неразрывно связана с наркотиками, порнографией, растлением несовершеннолетних и проституцией.]]",
      "links": [
        {
          "name": "— Не могу утверждать. Может быть, гомосексуальность в головах представителей власти неразрывно связана с наркотиками, порнографией, растлением несовершеннолетних и проституцией.",
          "link": "— Не могу утверждать. Может быть, гомосексуальность в головах представителей власти неразрывно связана с наркотиками, порнографией, растлением несовершеннолетних и проституцией.",
          "pid": "30"
        }
      ],
      "name": "— А как вы сами думаете?",
      "pid": "28",
      "position": {
        "x": "3125",
        "y": "950"
      },
      "tags": [
        "t:h"
      ]
    },
    {
      "text": "— Клубы друг друга закладывают?\n---\n[[— По слухам.]]",
      "links": [
        {
          "name": "— По слухам.",
          "link": "— По слухам.",
          "pid": "31"
        }
      ],
      "name": "— Клубы друг друга закладывают?",
      "pid": "29",
      "position": {
        "x": "3125",
        "y": "1100"
      },
      "tags": [
        "t:h"
      ]
    },
    {
      "text": "— Не могу утверждать. Может быть, гомосексуальность в головах представителей власти неразрывно связана с наркотиками, порнографией, растлением несовершеннолетних и проституцией. \n---\n[[— Я слышал, представители милиции иногда пишут парням и просят скинуть интимные фото и потом впаивают статью за распространение порнографии или предлагают деньги за секс и дают штраф за занятие проституцией.]]",
      "links": [
        {
          "name": "— Я слышал, представители милиции иногда пишут парням и просят скинуть интимные фото и потом впаивают статью за распространение порнографии или предлагают деньги за секс и дают штраф за занятие проституцией.",
          "link": "— Я слышал, представители милиции иногда пишут парням и просят скинуть интимные фото и потом впаивают статью за распространение порнографии или предлагают деньги за секс и дают штраф за занятие проституцией.",
          "pid": "32"
        }
      ],
      "name": "— Не могу утверждать. Может быть, гомосексуальность в головах представителей власти неразрывно связана с наркотиками, порнографией, растлением несовершеннолетних и проституцией.",
      "pid": "30",
      "position": {
        "x": "3329",
        "y": "950"
      },
      "tags": [
        "t:p"
      ]
    },
    {
      "text": "— По слухам.\n---\n[[— Я слышал, представители милиции иногда пишут парням и просят скинуть интимные фото и потом впаивают статью за распространение порнографии или предлагают деньги за секс и дают штраф за занятие проституцией.]]",
      "links": [
        {
          "name": "— Я слышал, представители милиции иногда пишут парням и просят скинуть интимные фото и потом впаивают статью за распространение порнографии или предлагают деньги за секс и дают штраф за занятие проституцией.",
          "link": "— Я слышал, представители милиции иногда пишут парням и просят скинуть интимные фото и потом впаивают статью за распространение порнографии или предлагают деньги за секс и дают штраф за занятие проституцией.",
          "pid": "32"
        }
      ],
      "name": "— По слухам.",
      "pid": "31",
      "position": {
        "x": "3325",
        "y": "1100"
      },
      "tags": [
        "t:p"
      ]
    },
    {
      "text": "— Я слышал, представители милиции иногда пишут парням и просят скинуть интимные фото и потом впаивают статью за распространение порнографии или предлагают деньги за секс и дают штраф за занятие проституцией.\n---\n[[— Да, это правда.]]",
      "links": [
        {
          "name": "— Да, это правда.",
          "link": "— Да, это правда.",
          "pid": "33"
        }
      ],
      "name": "— Я слышал, представители милиции иногда пишут парням и просят скинуть интимные фото и потом впаивают статью за распространение порнографии или предлагают деньги за секс и дают штраф за занятие проституцией.",
      "pid": "32",
      "position": {
        "x": "3525",
        "y": "1000"
      },
      "tags": [
        "t:h"
      ]
    },
    {
      "text": "— Да, это правда.\n---\n[[— Такие провокации со стороны милиции легальны?]]",
      "links": [
        {
          "name": "— Такие провокации со стороны милиции легальны?",
          "link": "— Такие провокации со стороны милиции легальны?",
          "pid": "34"
        }
      ],
      "name": "— Да, это правда.",
      "pid": "33",
      "position": {
        "x": "3725",
        "y": "850"
      },
      "tags": [
        "t:p"
      ]
    },
    {
      "text": "— Такие провокации со стороны милиции легальны?\n---\n[[— Провокация-то делается не милиционером как должностным лицом, а каким-то гражданином, который впоследствии заявляет в милицию. Поэтому формально требования законодательства соблюдаются.]]",
      "links": [
        {
          "name": "— Провокация-то делается не милиционером как должностным лицом, а каким-то гражданином, который впоследствии заявляет в милицию. Поэтому формально требования законодательства соблюдаются.",
          "link": "— Провокация-то делается не милиционером как должностным лицом, а каким-то гражданином, который впоследствии заявляет в милицию. Поэтому формально требования законодательства соблюдаются.",
          "pid": "35"
        }
      ],
      "name": "— Такие провокации со стороны милиции легальны?",
      "pid": "34",
      "position": {
        "x": "3921",
        "y": "854"
      },
      "tags": [
        "t:h"
      ]
    },
    {
      "text": "— Провокация-то делается не милиционером как должностным лицом, а каким-то гражданином, который впоследствии заявляет в милицию. Поэтому формально требования законодательства соблюдаются.\n---\n[[— Вы такой умный и симпатичный.]]\n[[— Понятно. Очень обстоятельный ответ. Спасибо!]]",
      "links": [
        {
          "name": "— Вы такой умный и симпатичный.",
          "link": "— Вы такой умный и симпатичный.",
          "pid": "36"
        },
        {
          "name": "— Понятно. Очень обстоятельный ответ. Спасибо!",
          "link": "— Понятно. Очень обстоятельный ответ. Спасибо!",
          "pid": "37"
        }
      ],
      "name": "— Провокация-то делается не милиционером как должностным лицом, а каким-то гражданином, который впоследствии заявляет в милицию. Поэтому формально требования законодательства соблюдаются.",
      "pid": "35",
      "position": {
        "x": "4121",
        "y": "846"
      },
      "tags": [
        "t:p"
      ]
    },
    {
      "text": "— Вы такой умный и симпатичный.\n---\n[[— Не понимаю, как это относится к делу, но спасибо. У тебя ещё десять минут на вопросы.]]",
      "links": [
        {
          "name": "— Не понимаю, как это относится к делу, но спасибо. У тебя ещё десять минут на вопросы.",
          "link": "— Не понимаю, как это относится к делу, но спасибо. У тебя ещё десять минут на вопросы.",
          "pid": "38"
        }
      ],
      "name": "— Вы такой умный и симпатичный.",
      "pid": "36",
      "position": {
        "x": "4325",
        "y": "775"
      },
      "tags": [
        "t:h"
      ]
    },
    {
      "text": "— Понятно. Очень обстоятельный ответ. Спасибо!\n---\n[[— Пожалуйста. Осталось десять минут на вопросы.]]",
      "links": [
        {
          "name": "— Пожалуйста. Осталось десять минут на вопросы.",
          "link": "— Пожалуйста. Осталось десять минут на вопросы.",
          "pid": "39"
        }
      ],
      "name": "— Понятно. Очень обстоятельный ответ. Спасибо!",
      "pid": "37",
      "position": {
        "x": "4325",
        "y": "925"
      },
      "tags": [
        "t:h"
      ]
    },
    {
      "text": "— Не понимаю, как это относится к делу, но спасибо. У тебя ещё десять минут на вопросы.\n---\n[[— Можно ваш контакт на случай, если что случится?]]",
      "links": [
        {
          "name": "— Можно ваш контакт на случай, если что случится?",
          "link": "— Можно ваш контакт на случай, если что случится?",
          "pid": "40"
        }
      ],
      "name": "— Не понимаю, как это относится к делу, но спасибо. У тебя ещё десять минут на вопросы.",
      "pid": "38",
      "position": {
        "x": "4525",
        "y": "775"
      },
      "tags": [
        "t:p"
      ]
    },
    {
      "text": "— Пожалуйста. Осталось десять минут на вопросы.\n---\n[[— Можно ваш контакт для личных целей?]]",
      "links": [
        {
          "name": "— Можно ваш контакт для личных целей?",
          "link": "— Можно ваш контакт для личных целей?",
          "pid": "41"
        }
      ],
      "name": "— Пожалуйста. Осталось десять минут на вопросы.",
      "pid": "39",
      "position": {
        "x": "4525",
        "y": "925"
      },
      "tags": [
        "t:p"
      ]
    },
    {
      "text": "— Можно ваш контакт на случай, если что случится?\n---\n[[— Я бы предпочел общение вести через Варю, если дело не требует экстренного реагирования. По ситуации она порекомендует тебе нужного специалиста.]]",
      "links": [
        {
          "name": "— Я бы предпочел общение вести через Варю, если дело не требует экстренного реагирования. По ситуации она порекомендует тебе нужного специалиста.",
          "link": "— Я бы предпочел общение вести через Варю, если дело не требует экстренного реагирования. По ситуации она порекомендует тебе нужного специалиста.",
          "pid": "43"
        }
      ],
      "name": "— Можно ваш контакт на случай, если что случится?",
      "pid": "40",
      "position": {
        "x": "4725",
        "y": "775"
      },
      "tags": [
        "t:h"
      ]
    },
    {
      "text": "— Можно ваш контакт для личных целей?\n---\n[[— Парень. Без вариантов.]]",
      "links": [
        {
          "name": "— Парень. Без вариантов.",
          "link": "— Парень. Без вариантов.",
          "pid": "42"
        }
      ],
      "name": "— Можно ваш контакт для личных целей?",
      "pid": "41",
      "position": {
        "x": "4725",
        "y": "925"
      },
      "tags": [
        "t:h"
      ]
    },
    {
      "text": "— Парень. Без вариантов.\n---\n[[— Но почему?]]\n[[— Хорошо. Вы правы.]]",
      "links": [
        {
          "name": "— Но почему?",
          "link": "— Но почему?",
          "pid": "45"
        },
        {
          "name": "— Хорошо. Вы правы.",
          "link": "— Хорошо. Вы правы.",
          "pid": "46"
        }
      ],
      "name": "— Парень. Без вариантов.",
      "pid": "42",
      "position": {
        "x": "4925",
        "y": "925"
      },
      "tags": [
        "t:p"
      ]
    },
    {
      "text": "— Я бы предпочел общение вести через Варю, если дело не требует экстренного реагирования. По ситуации она порекомендует тебе нужного специалиста.\n---\n[[— Запомни. В случае же задержания подозреваемый имеет право иметь защитника с момента объявления ему постановления органа уголовного преследования о возбуждении против него уголовного дела, о признании его подозреваемым, о задержании или постановления о применении меры пресечения. Поэтому можешь требовать привлечения меня в качестве твоего защитника.]]",
      "links": [
        {
          "name": "— Запомни. В случае же задержания подозреваемый имеет право иметь защитника с момента объявления ему постановления органа уголовного преследования о возбуждении против него уголовного дела, о признании его подозреваемым, о задержании или постановления о применении меры пресечения. Поэтому можешь требовать привлечения меня в качестве твоего защитника.",
          "link": "— Запомни. В случае же задержания подозреваемый имеет право иметь защитника с момента объявления ему постановления органа уголовного преследования о возбуждении против него уголовного дела, о признании его подозреваемым, о задержании или постановления о применении меры пресечения. Поэтому можешь требовать привлечения меня в качестве твоего защитника.",
          "pid": "44"
        }
      ],
      "name": "— Я бы предпочел общение вести через Варю, если дело не требует экстренного реагирования. По ситуации она порекомендует тебе нужного специалиста.",
      "pid": "43",
      "position": {
        "x": "4925",
        "y": "775"
      },
      "tags": [
        "t:p"
      ]
    },
    {
      "text": "— Запомни. В случае же задержания подозреваемый имеет право иметь защитника с момента объявления ему постановления органа уголовного преследования о возбуждении против него уголовного дела, о признании его подозреваемым, о задержании или постановления о применении меры пресечения. Поэтому можешь требовать привлечения меня в качестве твоего защитника.\n---\n[[— Почему вы помогаете мне?]]",
      "links": [
        {
          "name": "— Почему вы помогаете мне?",
          "link": "— Почему вы помогаете мне?",
          "pid": "49"
        }
      ],
      "name": "— Запомни. В случае же задержания подозреваемый имеет право иметь защитника с момента объявления ему постановления органа уголовного преследования о возбуждении против него уголовного дела, о признании его подозреваемым, о задержании или постановления о применении меры пресечения. Поэтому можешь требовать привлечения меня в качестве твоего защитника.",
      "pid": "44",
      "position": {
        "x": "5125",
        "y": "775"
      },
      "tags": [
        "t:p"
      ]
    },
    {
      "text": "— Но почему?\n---\n[[— Вы пришли за помощью, консультацией и наше общение этим ограничится. Я отношусь к вам как клиенту.]]",
      "links": [
        {
          "name": "— Вы пришли за помощью, консультацией и наше общение этим ограничится. Я отношусь к вам как клиенту.",
          "link": "— Вы пришли за помощью, консультацией и наше общение этим ограничится. Я отношусь к вам как клиенту.",
          "pid": "47"
        }
      ],
      "name": "— Но почему?",
      "pid": "45",
      "position": {
        "x": "5125",
        "y": "925"
      },
      "tags": [
        "t:h"
      ]
    },
    {
      "text": "— Хорошо. Вы правы.\n---\n[[— Рад, что мы поняли друг друга.]]",
      "links": [
        {
          "name": "— Рад, что мы поняли друг друга.",
          "link": "— Рад, что мы поняли друг друга.",
          "pid": "48"
        }
      ],
      "name": "— Хорошо. Вы правы.",
      "pid": "46",
      "position": {
        "x": "5100",
        "y": "1050"
      },
      "tags": [
        "t:p"
      ]
    },
    {
      "text": "— Вы пришли за помощью, консультацией и наше общение этим ограничится. Я отношусь к вам как клиенту.\n---\n[[— Почему вы помогаете мне?]]",
      "links": [
        {
          "name": "— Почему вы помогаете мне?",
          "link": "— Почему вы помогаете мне?",
          "pid": "49"
        }
      ],
      "name": "— Вы пришли за помощью, консультацией и наше общение этим ограничится. Я отношусь к вам как клиенту.",
      "pid": "47",
      "position": {
        "x": "5300",
        "y": "900"
      },
      "tags": [
        "t:p"
      ]
    },
    {
      "text": "— Рад, что мы поняли друг друга.\n---\n[[— Почему вы помогаете мне?]]",
      "links": [
        {
          "name": "— Почему вы помогаете мне?",
          "link": "— Почему вы помогаете мне?",
          "pid": "49"
        }
      ],
      "name": "— Рад, что мы поняли друг друга.",
      "pid": "48",
      "position": {
        "x": "5300",
        "y": "1050"
      },
      "tags": [
        "t:p"
      ]
    },
    {
      "text": "— Почему вы помогаете мне?\n---\n[[— Это имеет значение? Вы получаете услугу, которая вам нужна. Это для вас самое важное.]]",
      "links": [
        {
          "name": "— Это имеет значение? Вы получаете услугу, которая вам нужна. Это для вас самое важное.",
          "link": "— Это имеет значение? Вы получаете услугу, которая вам нужна. Это для вас самое важное.",
          "pid": "50"
        }
      ],
      "name": "— Почему вы помогаете мне?",
      "pid": "49",
      "position": {
        "x": "5525",
        "y": "850"
      },
      "tags": [
        "t:h"
      ]
    },
    {
      "text": "— Это имеет значение? Вы получаете услугу, которая вам нужна. Это для вас самое важное.\n---\n[[— Понятно.]]\n[[— Но все же?]]",
      "links": [
        {
          "name": "— Понятно.",
          "link": "— Понятно.",
          "pid": "51"
        },
        {
          "name": "— Но все же?",
          "link": "— Но все же?",
          "pid": "52"
        }
      ],
      "name": "— Это имеет значение? Вы получаете услугу, которая вам нужна. Это для вас самое важное.",
      "pid": "50",
      "position": {
        "x": "5725",
        "y": "850"
      },
      "tags": [
        "t:p"
      ]
    },
    {
      "text": "— Понятно.\n---\n[[— Почему вы работаете с ЛГБТК+?]]",
      "links": [
        {
          "name": "— Почему вы работаете с ЛГБТК+?",
          "link": "— Почему вы работаете с ЛГБТК+?",
          "pid": "54"
        }
      ],
      "name": "— Понятно.",
      "pid": "51",
      "position": {
        "x": "5900",
        "y": "825"
      },
      "tags": [
        "t:h"
      ]
    },
    {
      "text": "— Но все же?\n---\n[[— Верьте не верьте, но я шел в юриспруденцию за тем, чтобы помогать людям, супергеройствовать. Как сейчас помню, как выбирал престижнейший университет, чтобы выучиться на лучшего юриста, способного выиграть любой процесс.]]",
      "links": [
        {
          "name": "— Верьте не верьте, но я шел в юриспруденцию за тем, чтобы помогать людям, супергеройствовать. Как сейчас помню, как выбирал престижнейший университет, чтобы выучиться на лучшего юриста, способного выиграть любой процесс.",
          "link": "— Верьте не верьте, но я шел в юриспруденцию за тем, чтобы помогать людям, супергеройствовать. Как сейчас помню, как выбирал престижнейший университет, чтобы выучиться на лучшего юриста, способного выиграть любой процесс.",
          "pid": "53"
        }
      ],
      "name": "— Но все же?",
      "pid": "52",
      "position": {
        "x": "5900",
        "y": "950"
      },
      "tags": [
        "t:h"
      ]
    },
    {
      "text": "— Верьте не верьте, но я шел в юриспруденцию за тем, чтобы помогать людям, супергеройствовать. Как сейчас помню, как выбирал престижнейший университет, чтобы выучиться на лучшего юриста, способного выиграть любой процесс.\n---\n[[— Почему вы работаете с ЛГБТК+?]]",
      "links": [
        {
          "name": "— Почему вы работаете с ЛГБТК+?",
          "link": "— Почему вы работаете с ЛГБТК+?",
          "pid": "54"
        }
      ],
      "name": "— Верьте не верьте, но я шел в юриспруденцию за тем, чтобы помогать людям, супергеройствовать. Как сейчас помню, как выбирал престижнейший университет, чтобы выучиться на лучшего юриста, способного выиграть любой процесс.",
      "pid": "53",
      "position": {
        "x": "6100",
        "y": "950"
      },
      "tags": [
        "t:p"
      ]
    },
    {
      "text": "— Почему вы работаете с ЛГБТК+?\n---\n[[— Потому что правозащита мне очень близка. Права ЛГБТК — это права человека. Мне неважно, кому помогать. Гетеросексуалам или ЛГБТК. Все люди для меня одинаковы.]]",
      "links": [
        {
          "name": "— Потому что правозащита мне очень близка. Права ЛГБТК — это права человека. Мне неважно, кому помогать. Гетеросексуалам или ЛГБТК. Все люди для меня одинаковы.",
          "link": "— Потому что правозащита мне очень близка. Права ЛГБТК — это права человека. Мне неважно, кому помогать. Гетеросексуалам или ЛГБТК. Все люди для меня одинаковы.",
          "pid": "55"
        }
      ],
      "name": "— Почему вы работаете с ЛГБТК+?",
      "pid": "54",
      "position": {
        "x": "6300",
        "y": "825"
      },
      "tags": [
        "t:h"
      ]
    },
    {
      "text": "— Потому что правозащита мне очень близка. Права ЛГБТК+ — это права человека. Мне неважно, кому помогать. Гетеросексуалам или ЛГБТК+. Все люди для меня одинаковы.\n---\n[[— А вы сами не из ЛГБТК+?]]",
      "links": [
        {
          "name": "— А вы сами не из ЛГБТК+?",
          "link": "— А вы сами не из ЛГБТК+?",
          "pid": "56"
        }
      ],
      "name": "— Потому что правозащита мне очень близка. Права ЛГБТК — это права человека. Мне неважно, кому помогать. Гетеросексуалам или ЛГБТК. Все люди для меня одинаковы.",
      "pid": "55",
      "position": {
        "x": "6500",
        "y": "825"
      },
      "tags": [
        "t:p"
      ]
    },
    {
      "text": "— А вы сами не из ЛГБТК+?\n---\n[[— У нас общение не будет переходить на личный уровень. Помните? Кстати, время уже истекло.]]",
      "links": [
        {
          "name": "— У нас общение не будет переходить на личный уровень. Помните? Кстати, время уже истекло.",
          "link": "— У нас общение не будет переходить на личный уровень. Помните? Кстати, время уже истекло.",
          "pid": "57"
        }
      ],
      "name": "— А вы сами не из ЛГБТК+?",
      "pid": "56",
      "position": {
        "x": "6700",
        "y": "825"
      },
      "tags": [
        "t:h"
      ]
    },
    {
      "text": "— У нас общение не будет переходить на личный уровень. Помните? Кстати, время уже истекло.\n---\n[[— Но у меня столько вопросов!]]\n[[— Я хотел ещё поговорить на тему камин-аута и его возможных юридических последствий.]]\n[[— Огромное спасибо за вашу помощь сообществу!]]",
      "links": [
        {
          "name": "— Но у меня столько вопросов!",
          "link": "— Но у меня столько вопросов!",
          "pid": "58"
        },
        {
          "name": "— Я хотел ещё поговорить на тему камин-аута и его возможных юридических последствий.",
          "link": "— Я хотел ещё поговорить на тему камин-аута и его возможных юридических последствий.",
          "pid": "59"
        },
        {
          "name": "— Огромное спасибо за вашу помощь сообществу!",
          "link": "— Огромное спасибо за вашу помощь сообществу!",
          "pid": "60"
        }
      ],
      "name": "— У нас общение не будет переходить на личный уровень. Помните? Кстати, время уже истекло.",
      "pid": "57",
      "position": {
        "x": "6900",
        "y": "825"
      },
      "tags": [
        "t:p"
      ]
    },
    {
      "text": "— Но у меня столько вопросов!\n---\n[[— К сожалению, не могу задерживаться. Кстати, я составил небольшую брошюру для ЛГБТК+ людей, которые думают совершить камин-аут. Возьмите и ознакомьтесь по возможности.]]",
      "links": [
        {
          "name": "— К сожалению, не могу задерживаться. Кстати, я составил небольшую брошюру для ЛГБТК+ людей, которые думают совершить камин-аут. Возьмите и ознакомьтесь по возможности.",
          "link": "— К сожалению, не могу задерживаться. Кстати, я составил небольшую брошюру для ЛГБТК+ людей, которые думают совершить камин-аут. Возьмите и ознакомьтесь по возможности.",
          "pid": "61"
        }
      ],
      "name": "— Но у меня столько вопросов!",
      "pid": "58",
      "position": {
        "x": "7100",
        "y": "800"
      },
      "tags": [
        "t:h"
      ]
    },
    {
      "text": "— Я хотел ещё поговорить на тему камин-аута и его возможных юридических последствий.\n---\n[[— Я как раз составил небольшую брошюру для ЛГБТК+ людей, которые думают совершить камин-аут. Возьмите и ознакомьтесь по возможности.]]",
      "links": [
        {
          "name": "— Я как раз составил небольшую брошюру для ЛГБТК+ людей, которые думают совершить камин-аут. Возьмите и ознакомьтесь по возможности.",
          "link": "— Я как раз составил небольшую брошюру для ЛГБТК+ людей, которые думают совершить камин-аут. Возьмите и ознакомьтесь по возможности.",
          "pid": "62"
        }
      ],
      "name": "— Я хотел ещё поговорить на тему камин-аута и его возможных юридических последствий.",
      "pid": "59",
      "position": {
        "x": "7075",
        "y": "925"
      },
      "tags": [
        "t:h"
      ]
    },
    {
      "text": "— Огромное спасибо за вашу помощь сообществу!\n---\n[[— Пожалуйста. Привет Варе, если увидите её. И вот тебе список ответов на разные вопросы, которые могут возникнуть впоследствии.]]",
      "links": [
        {
          "name": "— Пожалуйста. Привет Варе, если увидите её. И вот тебе список ответов на разные вопросы, которые могут возникнуть впоследствии.",
          "link": "— Пожалуйста. Привет Варе, если увидите её. И вот тебе список ответов на разные вопросы, которые могут возникнуть впоследствии.",
          "pid": "63"
        }
      ],
      "name": "— Огромное спасибо за вашу помощь сообществу!",
      "pid": "60",
      "position": {
        "x": "7025",
        "y": "1050"
      },
      "tags": [
        "t:h"
      ]
    },
    {
      "text": "— К сожалению, не могу задерживаться. Кстати, я составил небольшую брошюру для ЛГБТК+ людей, которые думают совершить камин-аут. Возьмите и ознакомьтесь по возможности.\n---\n[[Совет]]",
      "links": [
        {
          "name": "Совет",
          "link": "Совет",
          "pid": "66"
        }
      ],
      "name": "— К сожалению, не могу задерживаться. Кстати, я составил небольшую брошюру для ЛГБТК+ людей, которые думают совершить камин-аут. Возьмите и ознакомьтесь по возможности.",
      "pid": "61",
      "position": {
        "x": "7300",
        "y": "800"
      },
      "tags": [
        "t:p"
      ]
    },
    {
      "text": "— Я как раз составил небольшую брошюру для ЛГБТК+ людей, которые думают совершить камин-аут. Возьмите и ознакомьтесь по возможности.\n---\n[[Совет]]",
      "links": [
        {
          "name": "Совет",
          "link": "Совет",
          "pid": "66"
        }
      ],
      "name": "— Я как раз составил небольшую брошюру для ЛГБТК+ людей, которые думают совершить камин-аут. Возьмите и ознакомьтесь по возможности.",
      "pid": "62",
      "position": {
        "x": "7275",
        "y": "925"
      },
      "tags": [
        "t:p"
      ]
    },
    {
      "text": "— Пожалуйста. Привет Варе, если увидите её. И вот тебе список ответов на разные вопросы, которые могут возникнуть впоследствии.\n---\n[[Совет]]",
      "links": [
        {
          "name": "Совет",
          "link": "Совет",
          "pid": "66"
        }
      ],
      "name": "— Пожалуйста. Привет Варе, если увидите её. И вот тебе список ответов на разные вопросы, которые могут возникнуть впоследствии.",
      "pid": "63",
      "position": {
        "x": "7225",
        "y": "1050"
      },
      "tags": [
        "t:p"
      ]
    },
    {
      "text": "— Уже уходите? Может, что-нибудь хотите уточнить напоследок? Мне будет трудно найти на вас потом время.\n---\n[[— Нет, я и так вас задержал. Благодарю вас за помощь, пойду.]]\n[[— Почему происходят облавы на клубы?]]",
      "links": [
        {
          "name": "— Нет, я и так вас задержал. Благодарю вас за помощь, пойду.",
          "link": "— Нет, я и так вас задержал. Благодарю вас за помощь, пойду.",
          "pid": "65"
        },
        {
          "name": "— Почему происходят облавы на клубы?",
          "link": "— Почему происходят облавы на клубы?",
          "pid": "25"
        }
      ],
      "name": "— Уже уходите? Может, что-нибудь хотите уточнить напоследок? Мне будет трудно найти на вас потом время.",
      "pid": "64",
      "position": {
        "x": "2050",
        "y": "875"
      },
      "tags": [
        "t:p"
      ]
    },
    {
      "text": "— Нет, я и так вас задержал. Благодарю вас за помощь, пойду.\n---\n[[— Подождите немного, у меня кое-что ещё есть для вас...]]",
      "links": [
        {
          "name": "— Подождите немного, у меня кое-что ещё есть для вас...",
          "link": "— Подождите немного, у меня кое-что ещё есть для вас...",
          "pid": "72"
        }
      ],
      "name": "— Нет, я и так вас задержал. Благодарю вас за помощь, пойду.",
      "pid": "65",
      "position": {
        "x": "2200",
        "y": "775"
      },
      "tags": [
        "t:h"
      ]
    },
    {
      "text": "{adviceId=310}\nВы можете ознакомиться с ответами на юридические вопросы, которые у вас могут возникнуть перед камин-аутом в разделе «Юрист» в профиле персонажа.\n---\n[[— Обязательно посмотрю. Unlock]]\n[[— Обязательно посмотрю.]]",
      "links": [
        {
          "name": "— Обязательно посмотрю. Unlock",
          "link": "— Обязательно посмотрю. Unlock",
          "pid": "71"
        },
        {
          "name": "— Обязательно посмотрю.",
          "link": "— Обязательно посмотрю.",
          "pid": "74"
        }
      ],
      "name": "Совет",
      "pid": "66",
      "position": {
        "x": "2900",
        "y": "550"
      },
      "tags": [
        "t:f"
      ]
    },
    {
      "text": "<i>Диалог окончен. Вы можете вернуться на главный экран.</i>",
      "name": "Диалог окончен. Вы можете вернуться на главный экран. Video",
      "pid": "67",
      "position": {
        "x": "3846",
        "y": "500"
      },
      "tags": [
        "t:p",
        "startVideo:mother_calling3",
        "hide:psyWomanFinished:=:0",
        "set:lawyerFinished:1"
      ]
    },
    {
      "text": "<i>Диалог окончен. Вы можете вернуться на главный экран.</i>",
      "name": "Диалог окончен. Вы можете вернуться на главный экран.",
      "pid": "68",
      "position": {
        "x": "3675",
        "y": "650"
      },
      "tags": [
        "t:p",
        "set:lawyerFinished:1"
      ]
    },
    {
      "text": "— Если вам потребуется ещё юридическая помощь, на следующей неделе будут бесплатные консультации.\n---\n[[— Спасибо. До свидания.]]",
      "links": [
        {
          "name": "— Спасибо. До свидания.",
          "link": "— Спасибо. До свидания.",
          "pid": "70"
        }
      ],
      "name": "— Если вам потребуется ещё юридическая помощь, на следующей неделе будут бесплатные консультации.",
      "pid": "69",
      "position": {
        "x": "3275",
        "y": "600"
      },
      "tags": [
        "t:p"
      ]
    },
    {
      "text": "— Спасибо. До свидания.\n---\n[[Диалог окончен. Вы можете вернуться на главный экран. Video]]\n[[Диалог окончен. Вы можете вернуться на главный экран.]]",
      "links": [
        {
          "name": "Диалог окончен. Вы можете вернуться на главный экран. Video",
          "link": "Диалог окончен. Вы можете вернуться на главный экран. Video",
          "pid": "67"
        },
        {
          "name": "Диалог окончен. Вы можете вернуться на главный экран.",
          "link": "Диалог окончен. Вы можете вернуться на главный экран.",
          "pid": "68"
        }
      ],
      "name": "— Спасибо. До свидания.",
      "pid": "70",
      "position": {
        "x": "3450",
        "y": "600"
      },
      "tags": [
        "t:h"
      ]
    },
    {
      "text": "— Обязательно посмотрю.\n---\n[[— Если вам потребуется ещё юридическая помощь, на следующей неделе будут бесплатные консультации.]]",
      "links": [
        {
          "name": "— Если вам потребуется ещё юридическая помощь, на следующей неделе будут бесплатные консультации.",
          "link": "— Если вам потребуется ещё юридическая помощь, на следующей неделе будут бесплатные консультации.",
          "pid": "69"
        }
      ],
      "name": "— Обязательно посмотрю. Unlock",
      "pid": "71",
      "position": {
        "x": "3100",
        "y": "600"
      },
      "tags": [
        "t:h",
        "unlockPerson:21",
        "unlockDialog:13",
        "unlockPerson:18",
        "unlockDialog:17",
        "hide:psyWomanFinished:=:1"
      ]
    },
    {
      "text": "— Подождите немного, у меня кое-что ещё есть для вас...\n---\n[[Подождать немного.]]",
      "links": [
        {
          "name": "Подождать немного.",
          "link": "Подождать немного.",
          "pid": "73"
        }
      ],
      "name": "— Подождите немного, у меня кое-что ещё есть для вас...",
      "pid": "72",
      "position": {
        "x": "2375",
        "y": "725"
      },
      "tags": [
        "t:p",
        "set:lawyer-item:1",
        "showThing:codex"
      ]
    },
    {
      "text": "<i>Подождать немного.</i>\n---\n[[— Вот. Возьмите, прошу, составленную мной брошюру для ЛГБТК+ людей, которые думают совершить камин-аут. Она может оказаться вам полезной.]]",
      "links": [
        {
          "name": "— Вот. Возьмите, прошу, составленную мной брошюру для ЛГБТК+ людей, которые думают совершить камин-аут. Она может оказаться вам полезной.",
          "link": "— Вот. Возьмите, прошу, составленную мной брошюру для ЛГБТК+ людей, которые думают совершить камин-аут. Она может оказаться вам полезной.",
          "pid": "22"
        }
      ],
      "name": "Подождать немного.",
      "pid": "73",
      "position": {
        "x": "2550",
        "y": "650"
      },
      "tags": [
        "t:h"
      ]
    },
    {
      "text": "— Обязательно посмотрю.\n---\n[[— Если вам потребуется ещё юридическая помощь, на следующей неделе будут бесплатные консультации.]]",
      "links": [
        {
          "name": "— Если вам потребуется ещё юридическая помощь, на следующей неделе будут бесплатные консультации.",
          "link": "— Если вам потребуется ещё юридическая помощь, на следующей неделе будут бесплатные консультации.",
          "pid": "69"
        }
      ],
      "name": "— Обязательно посмотрю.",
      "pid": "74",
      "position": {
        "x": "3100",
        "y": "750"
      },
      "tags": [
        "t:h",
        "hide:psyWomanFinished:=:0"
      ]
    }
  ],
  "name": "Юрист",
  "startnode": "1",
  "creator": "Twine",
  "creator-version": "2.3.14",
  "ifid": "E0A75EA8-296F-49C9-B368-83DB11D79B6B"
}