{
  "passages": [
    {
      "text": "— Лана, здравствуй. Меня зовут <Name>. Знаю, мы с тобой раньше не разговаривали, а у меня к тебе сразу же неожиданный вопрос.\n---\n[[— Давай предположу: ты хочешь уточнить стоит ли сделать упор на изучение С++ или Unity, если собираешься заняться разработкой видеоигр?]]",
      "links": [
        {
          "name": "— Давай предположу: ты хочешь уточнить стоит ли сделать упор на изучение С++ или Unity, если собираешься заняться разработкой видеоигр?",
          "link": "— Давай предположу: ты хочешь уточнить стоит ли сделать упор на изучение С++ или Unity, если собираешься заняться разработкой видеоигр?",
          "pid": "2"
        }
      ],
      "name": "— Лана, здравствуй. Меня зовут Name. Знаю, мы с тобой раньше не разговаривали, а у меня к тебе сразу же неожиданный вопрос.",
      "pid": "1",
      "position": {
        "x": "775",
        "y": "350"
      },
      "tags": [
        "setReaction:lesbian-main",
        "t:h"
      ]
    },
    {
      "text": "— Давай предположу: ты хочешь уточнить стоит ли сделать упор на изучение С++ или Unity, если собираешься заняться разработкой видеоигр?\n---\n[[— Нет.]]\n[[— Да. И это тоже.]]",
      "links": [
        {
          "name": "— Нет.",
          "link": "— Нет.",
          "pid": "3"
        },
        {
          "name": "— Да. И это тоже.",
          "link": "— Да. И это тоже.",
          "pid": "4"
        }
      ],
      "name": "— Давай предположу: ты хочешь уточнить стоит ли сделать упор на изучение С++ или Unity, если собираешься заняться разработкой видеоигр?",
      "pid": "2",
      "position": {
        "x": "950",
        "y": "350"
      },
      "tags": [
        "t:p"
      ]
    },
    {
      "text": "— Нет.\n---\n[[— В чём же конкретно вопрос?]]",
      "links": [
        {
          "name": "— В чём же конкретно вопрос?",
          "link": "— В чём же конкретно вопрос?",
          "pid": "5"
        }
      ],
      "name": "— Нет.",
      "pid": "3",
      "position": {
        "x": "1125",
        "y": "275"
      },
      "tags": [
        "t:h"
      ]
    },
    {
      "text": "— Да. И это тоже.\n---\n[[— В чём же конкретно вопрос?]]",
      "links": [
        {
          "name": "— В чём же конкретно вопрос?",
          "link": "— В чём же конкретно вопрос?",
          "pid": "5"
        }
      ],
      "name": "— Да. И это тоже.",
      "pid": "4",
      "position": {
        "x": "1125",
        "y": "425"
      },
      "tags": [
        "t:h"
      ]
    },
    {
      "text": "— В чём же конкретно вопрос?\n---\n[[— В Университете тебя знают как открытую лесбиянку и я очень бы просил дать мне совет по поводу камин-аута родителям.]]",
      "links": [
        {
          "name": "— В Университете тебя знают как открытую лесбиянку и я очень бы просил дать мне совет по поводу камин-аута родителям.",
          "link": "— В Университете тебя знают как открытую лесбиянку и я очень бы просил дать мне совет по поводу камин-аута родителям.",
          "pid": "6"
        }
      ],
      "name": "— В чём же конкретно вопрос?",
      "pid": "5",
      "position": {
        "x": "1300",
        "y": "375"
      },
      "tags": [
        "t:p"
      ]
    },
    {
      "text": "— В университете тебя знают как открытую лесбиянку и я очень бы просил дать мне совет по поводу камин-аута родителям.\n---\n[[— Знают как лесбиянку, говоришь? А ты себя определяешь как?]]",
      "links": [
        {
          "name": "— Знают как лесбиянку, говоришь? А ты себя определяешь как?",
          "link": "— Знают как лесбиянку, говоришь? А ты себя определяешь как?",
          "pid": "8"
        }
      ],
      "name": "— В Университете тебя знают как открытую лесбиянку и я очень бы просил дать мне совет по поводу камин-аута родителям.",
      "pid": "6",
      "position": {
        "x": "1475",
        "y": "350"
      },
      "tags": [
        "t:h"
      ]
    },
    {
      "text": "— Понятно. Сначала поясню: открытая я в том смысле, что не скрываю, если кто спросит «а кем тебе Кира приходится» или поинтересуется, с кем я ходила на «Воителей» или есть ли у меня парень. Это не первое, о чем при знакомстве упоминаю, но не стыжусь и не боюсь говорить об ориентации.\n---\n[[— По поводу совета: не уверена, что ты к тому человеку обратился. Как представительница сообщества другому представителю сообщества помогу в рамках возможного. Но у меня нет хорошей истории камин-аута родителям.]]",
      "links": [
        {
          "name": "— По поводу совета: не уверена, что ты к тому человеку обратился. Как представительница сообщества другому представителю сообщества помогу в рамках возможного. Но у меня нет хорошей истории камин-аута родителям.",
          "link": "— По поводу совета: не уверена, что ты к тому человеку обратился. Как представительница сообщества другому представителю сообщества помогу в рамках возможного. Но у меня нет хорошей истории камин-аута родителям.",
          "pid": "11"
        }
      ],
      "name": "— Понятно. Сначала поясню: открытая я в том смысле, что не скрываю, если кто спросит \" а кем тебе Кира приходится\" или поинтересуется, с кем я ходила на «Воителей» или есть ли у меня парень. Это не первое, о чем при знакомстве упоминаю, но не стыжусь и не боюсь говорить об ориентации.",
      "pid": "7",
      "position": {
        "x": "2000",
        "y": "375"
      },
      "tags": [
        "t:p"
      ]
    },
    {
      "text": "— Знают как лесбиянку, говоришь? А ты себя определяешь как?\n---\n[[— Гей.]]\n[[— Бисексуал.]]\n[[— Пансексуал.]]\n[[— Квир.]]",
      "links": [
        {
          "name": "— Гей.",
          "link": "— Гей.",
          "pid": "9"
        },
        {
          "name": "— Бисексуал.",
          "link": "— Бисексуал.",
          "pid": "10"
        },
        {
          "name": "— Пансексуал.",
          "link": "— Пансексуал.",
          "pid": "42"
        },
        {
          "name": "— Квир.",
          "link": "— Квир.",
          "pid": "43"
        }
      ],
      "name": "— Знают как лесбиянку, говоришь? А ты себя определяешь как?",
      "pid": "8",
      "position": {
        "x": "1650",
        "y": "350"
      },
      "tags": [
        "t:p"
      ]
    },
    {
      "text": "— Гей.\n---\n[[— Понятно. Сначала поясню: открытая я в том смысле, что не скрываю, если кто спросит \" а кем тебе Кира приходится\" или поинтересуется, с кем я ходила на «Воителей» или есть ли у меня парень. Это не первое, о чем при знакомстве упоминаю, но не стыжусь и не боюсь говорить об ориентации.]]",
      "links": [
        {
          "name": "— Понятно. Сначала поясню: открытая я в том смысле, что не скрываю, если кто спросит \" а кем тебе Кира приходится\" или поинтересуется, с кем я ходила на «Воителей» или есть ли у меня парень. Это не первое, о чем при знакомстве упоминаю, но не стыжусь и не боюсь говорить об ориентации.",
          "link": "— Понятно. Сначала поясню: открытая я в том смысле, что не скрываю, если кто спросит \" а кем тебе Кира приходится\" или поинтересуется, с кем я ходила на «Воителей» или есть ли у меня парень. Это не первое, о чем при знакомстве упоминаю, но не стыжусь и не боюсь говорить об ориентации.",
          "pid": "7"
        }
      ],
      "name": "— Гей.",
      "pid": "9",
      "position": {
        "x": "1825",
        "y": "425"
      },
      "tags": [
        "t:h"
      ]
    },
    {
      "text": "— Бисексуал.\n---\n[[— Понятно. Сначала поясню: открытая я в том смысле, что не скрываю, если кто спросит \" а кем тебе Кира приходится\" или поинтересуется, с кем я ходила на «Воителей» или есть ли у меня парень. Это не первое, о чем при знакомстве упоминаю, но не стыжусь и не боюсь говорить об ориентации.]]\n",
      "links": [
        {
          "name": "— Понятно. Сначала поясню: открытая я в том смысле, что не скрываю, если кто спросит \" а кем тебе Кира приходится\" или поинтересуется, с кем я ходила на «Воителей» или есть ли у меня парень. Это не первое, о чем при знакомстве упоминаю, но не стыжусь и не боюсь говорить об ориентации.",
          "link": "— Понятно. Сначала поясню: открытая я в том смысле, что не скрываю, если кто спросит \" а кем тебе Кира приходится\" или поинтересуется, с кем я ходила на «Воителей» или есть ли у меня парень. Это не первое, о чем при знакомстве упоминаю, но не стыжусь и не боюсь говорить об ориентации.",
          "pid": "7"
        }
      ],
      "name": "— Бисексуал.",
      "pid": "10",
      "position": {
        "x": "1825",
        "y": "275"
      },
      "tags": [
        "t:h"
      ]
    },
    {
      "text": "— По поводу совета: не уверена, что ты к тому человеку обратился. Как гейка гею — помогу в рамках возможного. Только у меня нет хорошей истории камин-аута родителям.\n---\n[[— Вопрос: зачем тебе камин-аут перед близкими?]]",
      "links": [
        {
          "name": "— Вопрос: зачем тебе камин-аут перед близкими?",
          "link": "— Вопрос: зачем тебе камин-аут перед близкими?",
          "pid": "12"
        }
      ],
      "name": "— По поводу совета: не уверена, что ты к тому человеку обратился. Как представительница сообщества другому представителю сообщества помогу в рамках возможного. Но у меня нет хорошей истории камин-аута родителям.",
      "pid": "11",
      "position": {
        "x": "2175",
        "y": "375"
      },
      "tags": [
        "t:p"
      ]
    },
    {
      "text": "— Вопрос: зачем тебе камин-аут перед близкими?\n---\n[[— Я хочу быть ближе к ним, так как они любимые и важные люди в моей жизни.]]\n[[— Боюсь, они и так узнают и хочу, чтобы это шло от меня.]]\n[[— Я ещё только думаю на тему камин-аута.]]\n[[— Хочу, чтобы они принимали меня настоящего.]]\n[[— Не знаю.]]",
      "links": [
        {
          "name": "— Я хочу быть ближе к ним, так как они любимые и важные люди в моей жизни.",
          "link": "— Я хочу быть ближе к ним, так как они любимые и важные люди в моей жизни.",
          "pid": "13"
        },
        {
          "name": "— Боюсь, они и так узнают и хочу, чтобы это шло от меня.",
          "link": "— Боюсь, они и так узнают и хочу, чтобы это шло от меня.",
          "pid": "14"
        },
        {
          "name": "— Я ещё только думаю на тему камин-аута.",
          "link": "— Я ещё только думаю на тему камин-аута.",
          "pid": "15"
        },
        {
          "name": "— Хочу, чтобы они принимали меня настоящего.",
          "link": "— Хочу, чтобы они принимали меня настоящего.",
          "pid": "16"
        },
        {
          "name": "— Не знаю.",
          "link": "— Не знаю.",
          "pid": "38"
        }
      ],
      "name": "— Вопрос: зачем тебе камин-аут перед близкими?",
      "pid": "12",
      "position": {
        "x": "2350",
        "y": "375"
      },
      "tags": [
        "t:p"
      ]
    },
    {
      "text": "— Я хочу быть ближе к ним, так как они любимые и важные люди в моей жизни.\n---\n[[— Ясно.]]",
      "links": [
        {
          "name": "— Ясно.",
          "link": "— Ясно.",
          "pid": "17"
        }
      ],
      "name": "— Я хочу быть ближе к ним, так как они любимые и важные люди в моей жизни.",
      "pid": "13",
      "position": {
        "x": "2525",
        "y": "275"
      },
      "tags": [
        "t:h"
      ]
    },
    {
      "text": "— Боюсь, они и так узнают и хочу, чтобы это шло от меня.\n---\n[[— Ясно.]]",
      "links": [
        {
          "name": "— Ясно.",
          "link": "— Ясно.",
          "pid": "17"
        }
      ],
      "name": "— Боюсь, они и так узнают и хочу, чтобы это шло от меня.",
      "pid": "14",
      "position": {
        "x": "2525",
        "y": "425"
      },
      "tags": [
        "t:h"
      ]
    },
    {
      "text": "— Я ещё только думаю на тему камин-аута.\n---\n[[— Ясно.]]",
      "links": [
        {
          "name": "— Ясно.",
          "link": "— Ясно.",
          "pid": "17"
        }
      ],
      "name": "— Я ещё только думаю на тему камин-аута.",
      "pid": "15",
      "position": {
        "x": "2525",
        "y": "575"
      },
      "tags": [
        "t:h"
      ]
    },
    {
      "text": "— Хочу, чтобы они принимали меня настоящего.\n---\n[[— Ясно.]]",
      "links": [
        {
          "name": "— Ясно.",
          "link": "— Ясно.",
          "pid": "17"
        }
      ],
      "name": "— Хочу, чтобы они принимали меня настоящего.",
      "pid": "16",
      "position": {
        "x": "2500",
        "y": "725"
      },
      "tags": [
        "t:h"
      ]
    },
    {
      "text": "— Ясно.\n---\n[[— Меня сейчас удивляет, что кому-то важно мнение родных. Поверь, в большинстве случаев оно будет с негативным окрасом.]]",
      "links": [
        {
          "name": "— Меня сейчас удивляет, что кому-то важно мнение родных. Поверь, в большинстве случаев оно будет с негативным окрасом.",
          "link": "— Меня сейчас удивляет, что кому-то важно мнение родных. Поверь, в большинстве случаев оно будет с негативным окрасом.",
          "pid": "18"
        }
      ],
      "name": "— Ясно.",
      "pid": "17",
      "position": {
        "x": "2700",
        "y": "450"
      },
      "tags": [
        "t:p"
      ]
    },
    {
      "text": "— Меня сейчас удивляет, что кому-то важно мнение родных. Поверь, в большинстве случаев оно будет с негативным окрасом.\n---\n[[— Вот, честно, была как ты. Думала о родных и их мнении. Боялась их разочаровать.]]",
      "links": [
        {
          "name": "— Вот, честно, была как ты. Думала о родных и их мнении. Боялась их разочаровать.",
          "link": "— Вот, честно, была как ты. Думала о родных и их мнении. Боялась их разочаровать.",
          "pid": "19"
        }
      ],
      "name": "— Меня сейчас удивляет, что кому-то важно мнение родных. Поверь, в большинстве случаев оно будет с негативным окрасом.",
      "pid": "18",
      "position": {
        "x": "2900",
        "y": "475"
      },
      "tags": [
        "t:p"
      ]
    },
    {
      "text": "— Вот, честно, была как ты. Думала о родных и их мнении. Боялась их разочаровать.\n---\n[[— А теперь по-другому?]]",
      "links": [
        {
          "name": "— А теперь по-другому?",
          "link": "— А теперь по-другому?",
          "pid": "20"
        }
      ],
      "name": "— Вот, честно, была как ты. Думала о родных и их мнении. Боялась их разочаровать.",
      "pid": "19",
      "position": {
        "x": "3100",
        "y": "450"
      },
      "tags": [
        "t:p"
      ]
    },
    {
      "text": "— А теперь по-другому?\n---\n[[— А теперь меня больше волнует тема экологии, например: легче остановить глобальное потепление, чем иметь дело с моими родственничками. Волнует моя зарплата: на четвертом курсе я уже работаю и получаю хорошие деньги за неполную занятость. После университета меня ждёт карьера здесь или за рубежом, и никто не посмотрит на меня косо из-за гомосексуальности.]]",
      "links": [
        {
          "name": "— А теперь меня больше волнует тема экологии, например: легче остановить глобальное потепление, чем иметь дело с моими родственничками. Волнует моя зарплата: на четвертом курсе я уже работаю и получаю хорошие деньги за неполную занятость. После университета меня ждёт карьера здесь или за рубежом, и никто не посмотрит на меня косо из-за гомосексуальности.",
          "link": "— А теперь меня больше волнует тема экологии, например: легче остановить глобальное потепление, чем иметь дело с моими родственничками. Волнует моя зарплата: на четвертом курсе я уже работаю и получаю хорошие деньги за неполную занятость. После университета меня ждёт карьера здесь или за рубежом, и никто не посмотрит на меня косо из-за гомосексуальности.",
          "pid": "21"
        }
      ],
      "name": "— А теперь по-другому?",
      "pid": "20",
      "position": {
        "x": "3300",
        "y": "450"
      },
      "tags": [
        "t:h"
      ]
    },
    {
      "text": "— А теперь меня больше волнует тема экологии, например: легче остановить глобальное потепление, чем иметь дело с моими родственничками. Волнует моя зарплата: на четвертом курсе я уже работаю и получаю хорошие деньги за неполную занятость. После университета меня ждёт карьера здесь или за рубежом, и никто не посмотрит на меня косо из-за гомосексуальности.\n---\n[[Картинка график]]",
      "links": [
        {
          "name": "Картинка график",
          "link": "Картинка график",
          "pid": "63"
        }
      ],
      "name": "— А теперь меня больше волнует тема экологии, например: легче остановить глобальное потепление, чем иметь дело с моими родственничками. Волнует моя зарплата: на четвертом курсе я уже работаю и получаю хорошие деньги за неполную занятость. После университета меня ждёт карьера здесь или за рубежом, и никто не посмотрит на меня косо из-за гомосексуальности.",
      "pid": "21",
      "position": {
        "x": "3475",
        "y": "450"
      },
      "tags": [
        "t:p"
      ]
    },
    {
      "text": "— Неужели ты открыта и у тебя нет никаких проблем из-за этого?\n---\n[[— Когда я только начала ходить на собеседования, в одной компании надо мной посмеялись. Дескать, как молодая девушка может претендовать на такую должность и зарплату. С другой стороны, на моё нынешнее место, где мне очень нравится, меня взяли за мой уровень знаний. Я ещё не говорила на работе, что я лесбиянка. Пусть это случится естественно.]]",
      "links": [
        {
          "name": "— Когда я только начала ходить на собеседования, в одной компании надо мной посмеялись. Дескать, как молодая девушка может претендовать на такую должность и зарплату. С другой стороны, на моё нынешнее место, где мне очень нравится, меня взяли за мой уровень знаний. Я ещё не говорила на работе, что я лесбиянка. Пусть это случится естественно.",
          "link": "— Когда я только начала ходить на собеседования, в одной компании надо мной посмеялись. Дескать, как молодая девушка может претендовать на такую должность и зарплату. С другой стороны, на моё нынешнее место, где мне очень нравится, меня взяли за мой уровень знаний. Я ещё не говорила на работе, что я лесбиянка. Пусть это случится естественно.",
          "pid": "23"
        }
      ],
      "name": "— Неужели ты открыта и у тебя нет никаких проблем из-за этого?",
      "pid": "22",
      "position": {
        "x": "3800",
        "y": "475"
      },
      "tags": [
        "t:h"
      ]
    },
    {
      "text": "— Когда я только начала ходить на собеседования, в одной компании надо мной посмеялись. Дескать, как молодая девушка может претендовать на такую должность и зарплату. С другой стороны, на моё нынешнее место, где мне очень нравится, меня взяли за мой уровень знаний. Я ещё не говорила на работе, что я лесбиянка. Пусть это случится естественно.\n---\n[[— На улице мне отпускают сальные комплименты. Чаще подвыпившие. В транспорте неоднократно пытались полапать и залезть в трусы. Я уроду одному за это чуть руку не сломала. И это ни разу не связано с моей ориентацией.]]",
      "links": [
        {
          "name": "— На улице мне отпускают сальные комплименты. Чаще подвыпившие. В транспорте неоднократно пытались полапать и залезть в трусы. Я уроду одному за это чуть руку не сломала. И это ни разу не связано с моей ориентацией.",
          "link": "— На улице мне отпускают сальные комплименты. Чаще подвыпившие. В транспорте неоднократно пытались полапать и залезть в трусы. Я уроду одному за это чуть руку не сломала. И это ни разу не связано с моей ориентацией.",
          "pid": "44"
        }
      ],
      "name": "— Когда я только начала ходить на собеседования, в одной компании надо мной посмеялись. Дескать, как молодая девушка может претендовать на такую должность и зарплату. С другой стороны, на моё нынешнее место, где мне очень нравится, меня взяли за мой уровень знаний. Я ещё не говорила на работе, что я лесбиянка. Пусть это случится естественно.",
      "pid": "23",
      "position": {
        "x": "3975",
        "y": "475"
      },
      "tags": [
        "t:p"
      ]
    },
    {
      "text": "— Ох, никогда не подумал бы. А что бы ты мне посоветовала?\n---\n[[— Советую и тебе заняться своей карьерой. Думай о будущем и личной экономической безопасности. Родители не будут серьёзно воспринимать того, кто сидит на их шее. С карьерным ростом уважение родителей будет расти и отношение к твоей сексуальности иметь меньшее значение.]]",
      "links": [
        {
          "name": "— Советую и тебе заняться своей карьерой. Думай о будущем и личной экономической безопасности. Родители не будут серьёзно воспринимать того, кто сидит на их шее. С карьерным ростом уважение родителей будет расти и отношение к твоей сексуальности иметь меньшее значение.",
          "link": "— Советую и тебе заняться своей карьерой. Думай о будущем и личной экономической безопасности. Родители не будут серьёзно воспринимать того, кто сидит на их шее. С карьерным ростом уважение родителей будет расти и отношение к твоей сексуальности иметь меньшее значение.",
          "pid": "25"
        }
      ],
      "name": "— Ох, никогда не подумал бы. А что бы ты мне посоветовала?",
      "pid": "24",
      "position": {
        "x": "4825",
        "y": "475"
      },
      "tags": [
        "t:h"
      ]
    },
    {
      "text": "— Советую и тебе заняться своей карьерой. Думай о будущем и личной экономической безопасности. Родители не будут серьёзно воспринимать того, кто сидит на их шее. С карьерным ростом уважение родителей будет расти и отношение к твоей сексуальности иметь меньшее значение.\n---\n[[— Крутой специалист нужен везде, ноющий о принятии квирёныш – нет.]]",
      "links": [
        {
          "name": "— Крутой специалист нужен везде, ноющий о принятии квирёныш – нет.",
          "link": "— Крутой специалист нужен везде, ноющий о принятии квирёныш – нет.",
          "pid": "26"
        }
      ],
      "name": "— Советую и тебе заняться своей карьерой. Думай о будущем и личной экономической безопасности. Родители не будут серьёзно воспринимать того, кто сидит на их шее. С карьерным ростом уважение родителей будет расти и отношение к твоей сексуальности иметь меньшее значение.",
      "pid": "25",
      "position": {
        "x": "4975",
        "y": "475"
      },
      "tags": [
        "t:p"
      ]
    },
    {
      "text": "— Крутой специалист нужен везде, ноющий о принятии квирёныш — нет.\n---\n[[— Вообще, забудь временно о камин-ауте родным, если не можешь сам себя обеспечить.]]",
      "links": [
        {
          "name": "— Вообще, забудь временно о камин-ауте родным, если не можешь сам себя обеспечить.",
          "link": "— Вообще, забудь временно о камин-ауте родным, если не можешь сам себя обеспечить.",
          "pid": "27"
        }
      ],
      "name": "— Крутой специалист нужен везде, ноющий о принятии квирёныш – нет.",
      "pid": "26",
      "position": {
        "x": "5125",
        "y": "475"
      },
      "tags": [
        "t:p"
      ]
    },
    {
      "text": "— Вообще, забудь временно о камин-ауте родным, если не можешь сам себя обеспечить. Твоя судьба решается сейчас. В годы учёбы в универе.\n---\n[[— Что значит «твоя судьба решается в универе»?]]",
      "links": [
        {
          "name": "— Что значит «твоя судьба решается в универе»?",
          "link": "— Что значит «твоя судьба решается в универе»?",
          "pid": "36"
        }
      ],
      "name": "— Вообще, забудь временно о камин-ауте родным, если не можешь сам себя обеспечить.",
      "pid": "27",
      "position": {
        "x": "5300",
        "y": "475"
      },
      "tags": [
        "t:p"
      ]
    },
    {
      "text": "— Ты права, наверное.\n---\n[[— Спасибо.]]",
      "links": [
        {
          "name": "— Спасибо.",
          "link": "— Спасибо.",
          "pid": "29"
        }
      ],
      "name": "— Ты права, наверное.",
      "pid": "28",
      "position": {
        "x": "5825",
        "y": "375"
      },
      "tags": [
        "t:h"
      ]
    },
    {
      "text": "— Спасибо.\n---\n[[— Можешь рассказать свою историю?]]",
      "links": [
        {
          "name": "— Можешь рассказать свою историю?",
          "link": "— Можешь рассказать свою историю?",
          "pid": "30"
        }
      ],
      "name": "— Спасибо.",
      "pid": "29",
      "position": {
        "x": "6000",
        "y": "375"
      },
      "tags": [
        "t:p"
      ]
    },
    {
      "text": "— Можешь рассказать свою историю?\n---\n[[— Я пробовала сблизиться с матерью и отцом дважды.]]",
      "links": [
        {
          "name": "— Я пробовала сблизиться с матерью и отцом дважды.",
          "link": "— Я пробовала сблизиться с матерью и отцом дважды.",
          "pid": "31"
        }
      ],
      "name": "— Можешь рассказать свою историю?",
      "pid": "30",
      "position": {
        "x": "6175",
        "y": "375"
      },
      "tags": [
        "t:h"
      ]
    },
    {
      "text": "— Я пробовала сблизиться с матерью и отцом дважды.\n---\n[[— Первый раз это случилось в 18 лет. Я также спешила сделать камин-аут. Только не стала ни с кем консультироваться. Рассказала родителям о своей девушке, приходила с ней домой. Мать упорно называла нас друзьями. Она словно блокировала часть информации, спрашивала, когда я найду себе парня. Иногда же её прорывало на причитания: \"Почему моя дочка не как все?\". Убеждала меня, что это фаза. \"Фаза\", которая длится у меня с 11 лет!]]",
      "links": [
        {
          "name": "— Первый раз это случилось в 18 лет. Я также спешила сделать камин-аут. Только не стала ни с кем консультироваться. Рассказала родителям о своей девушке, приходила с ней домой. Мать упорно называла нас друзьями. Она словно блокировала часть информации, спрашивала, когда я найду себе парня. Иногда же её прорывало на причитания: \"Почему моя дочка не как все?\". Убеждала меня, что это фаза. \"Фаза\", которая длится у меня с 11 лет!",
          "link": "— Первый раз это случилось в 18 лет. Я также спешила сделать камин-аут. Только не стала ни с кем консультироваться. Рассказала родителям о своей девушке, приходила с ней домой. Мать упорно называла нас друзьями. Она словно блокировала часть информации, спрашивала, когда я найду себе парня. Иногда же её прорывало на причитания: \"Почему моя дочка не как все?\". Убеждала меня, что это фаза. \"Фаза\", которая длится у меня с 11 лет!",
          "pid": "49"
        }
      ],
      "name": "— Я пробовала сблизиться с матерью и отцом дважды.",
      "pid": "31",
      "position": {
        "x": "6350",
        "y": "475"
      },
      "tags": [
        "t:p",
        "setReaction:lesbian-sad"
      ]
    },
    {
      "text": "— А если они?\n---\n[[— Если родители придут мириться? Там и посмотрим. Не знаю.]]",
      "links": [
        {
          "name": "— Если родители придут мириться? Там и посмотрим. Не знаю.",
          "link": "— Если родители придут мириться? Там и посмотрим. Не знаю.",
          "pid": "33"
        }
      ],
      "name": "— А если они?",
      "pid": "32",
      "position": {
        "x": "8450",
        "y": "475"
      },
      "tags": [
        "t:h"
      ]
    },
    {
      "text": "— Если родители придут мириться? Там и посмотрим. Не знаю.\n---\n[[— Ты, давай, будь умнее. Как видишь, мне и деньги с самостоятельностью не помогли убедить родню. Надеюсь, у тебя будет по-другому.]]",
      "links": [
        {
          "name": "— Ты, давай, будь умнее. Как видишь, мне и деньги с самостоятельностью не помогли убедить родню. Надеюсь, у тебя будет по-другому.",
          "link": "— Ты, давай, будь умнее. Как видишь, мне и деньги с самостоятельностью не помогли убедить родню. Надеюсь, у тебя будет по-другому.",
          "pid": "61"
        }
      ],
      "name": "— Если родители придут мириться? Там и посмотрим. Не знаю.",
      "pid": "33",
      "position": {
        "x": "8625",
        "y": "475"
      },
      "tags": [
        "t:p"
      ]
    },
    {
      "text": "— Спасибо за советы!\n---\n[[В словах Ланы много смысла: финансовая независимость от семьи и самостоятельность в целом должны помочь родителям принять повзрослевшего ребёнка, но это не стопроцентная гарантия хэппи-энда, как и произошло в её случае. Финансовая самостоятельность позволяет также избавиться от возможного шантажа со стороны родных.]]",
      "links": [
        {
          "name": "В словах Ланы много смысла: финансовая независимость от семьи и самостоятельность в целом должны помочь родителям принять повзрослевшего ребёнка, но это не стопроцентная гарантия хэппи-энда, как и произошло в её случае. Финансовая самостоятельность позволяет также избавиться от возможного шантажа со стороны родных.",
          "link": "В словах Ланы много смысла: финансовая независимость от семьи и самостоятельность в целом должны помочь родителям принять повзрослевшего ребёнка, но это не стопроцентная гарантия хэппи-энда, как и произошло в её случае. Финансовая самостоятельность позволяет также избавиться от возможного шантажа со стороны родных.",
          "pid": "35"
        }
      ],
      "name": "— Спасибо за советы!",
      "pid": "34",
      "position": {
        "x": "8975",
        "y": "475"
      },
      "tags": [
        "t:h"
      ]
    },
    {
      "text": "{adviceId=100}\nВ словах Ланы много смысла: финансовая независимость от семьи и самостоятельность в целом должны помочь родителям принять повзрослевшего ребёнка, но это не стопроцентная гарантия хэппи-энда, как и произошло в её случае. Финансовая самостоятельность позволяет также избавиться от возможного шантажа со стороны родных.\n---\n[[Диалог окончен. Вы можете вернуться на главный экран.]]",
      "links": [
        {
          "name": "Диалог окончен. Вы можете вернуться на главный экран.",
          "link": "Диалог окончен. Вы можете вернуться на главный экран.",
          "pid": "62"
        }
      ],
      "name": "В словах Ланы много смысла: финансовая независимость от семьи и самостоятельность в целом должны помочь родителям принять повзрослевшего ребёнка, но это не стопроцентная гарантия хэппи-энда, как и произошло в её случае. Финансовая самостоятельность позволяет также избавиться от возможного шантажа со стороны родных.",
      "pid": "35",
      "position": {
        "x": "9150",
        "y": "475"
      },
      "tags": [
        "t:f"
      ]
    },
    {
      "text": "— Что значит «твоя судьба решается в универе»?\n---\n[[— Ты обучаешься одной из самых престижных и высокооплачиваемых профессий и на это нужны деньги. В первое время родительские. Хорошая судьба – это чек с цифрами и нулями, получаемый за любимую работу.]]",
      "links": [
        {
          "name": "— Ты обучаешься одной из самых престижных и высокооплачиваемых профессий и на это нужны деньги. В первое время родительские. Хорошая судьба – это чек с цифрами и нулями, получаемый за любимую работу.",
          "link": "— Ты обучаешься одной из самых престижных и высокооплачиваемых профессий и на это нужны деньги. В первое время родительские. Хорошая судьба – это чек с цифрами и нулями, получаемый за любимую работу.",
          "pid": "37"
        }
      ],
      "name": "— Что значит «твоя судьба решается в универе»?",
      "pid": "36",
      "position": {
        "x": "5475",
        "y": "475"
      },
      "tags": [
        "t:h"
      ]
    },
    {
      "text": "— Ты обучаешься одной из самых престижных и высокооплачиваемых профессий и на это нужны деньги. В первое время родительские. Хорошая судьба — это чек с цифрами и нулями, получаемый за любимую работу.\n---\n[[— Ты права, наверное.]]\n[[— Интересное мнение. Но меня гложет желание признаться родителям. Мне было бы намного легче жить, если бы я знал, что меня принимают.]]",
      "links": [
        {
          "name": "— Ты права, наверное.",
          "link": "— Ты права, наверное.",
          "pid": "28"
        },
        {
          "name": "— Интересное мнение. Но меня гложет желание признаться родителям. Мне было бы намного легче жить, если бы я знал, что меня принимают.",
          "link": "— Интересное мнение. Но меня гложет желание признаться родителям. Мне было бы намного легче жить, если бы я знал, что меня принимают.",
          "pid": "46"
        }
      ],
      "name": "— Ты обучаешься одной из самых престижных и высокооплачиваемых профессий и на это нужны деньги. В первое время родительские. Хорошая судьба – это чек с цифрами и нулями, получаемый за любимую работу.",
      "pid": "37",
      "position": {
        "x": "5650",
        "y": "475"
      },
      "tags": [
        "t:p"
      ]
    },
    {
      "text": "— Не знаю.\n---\n[[— Ясно.]]",
      "links": [
        {
          "name": "— Ясно.",
          "link": "— Ясно.",
          "pid": "17"
        }
      ],
      "name": "— Не знаю.",
      "pid": "38",
      "position": {
        "x": "2475",
        "y": "950"
      },
      "tags": [
        "t:h"
      ]
    },
    {
      "text": "<i>После удачного признания Богдану вы завалили его историями про свою гейскую жизнь и переживаниями по поводу камин-аута родителям.</i>\n---\n[[— Ты сильно паришься. Может, тебе стоит поговорить с человеком из сообщества? У меня есть знакомая. Зовут Лана. Учится на старших курсах в нашем универе. Открытая лесбиянка. Поговори с ней.]]",
      "links": [
        {
          "name": "— Ты сильно паришься. Может, тебе стоит поговорить с человеком из сообщества? У меня есть знакомая. Зовут Лана. Учится на старших курсах в нашем универе. Открытая лесбиянка. Поговори с ней.",
          "link": "— Ты сильно паришься. Может, тебе стоит поговорить с человеком из сообщества? У меня есть знакомая. Зовут Лана. Учится на старших курсах в нашем универе. Открытая лесбиянка. Поговори с ней.",
          "pid": "40"
        }
      ],
      "name": "Лесбиянка",
      "pid": "39",
      "position": {
        "x": "250",
        "y": "375"
      },
      "tags": [
        "setReaction:friend-main",
        "t:sp"
      ]
    },
    {
      "text": "— Ты сильно паришься. Может, тебе стоит поговорить с человеком из сообщества? У меня есть знакомая. Зовут Лана. Учится на старших курсах в нашем универе. Открытая лесбиянка. Поговори с ней.\n---\n[[Вы назначаете встречу с Ланой после занятий.]]",
      "links": [
        {
          "name": "Вы назначаете встречу с Ланой после занятий.",
          "link": "Вы назначаете встречу с Ланой после занятий.",
          "pid": "41"
        }
      ],
      "name": "— Ты сильно паришься. Может, тебе стоит поговорить с человеком из сообщества? У меня есть знакомая. Зовут Лана. Учится на старших курсах в нашем универе. Открытая лесбиянка. Поговори с ней.",
      "pid": "40",
      "position": {
        "x": "425",
        "y": "350"
      },
      "tags": [
        "t:p"
      ]
    },
    {
      "text": "<i>Вы назначаете встречу с Ланой после занятий.</i>\n---\n[[— Лана, здравствуй. Меня зовут Name. Знаю, мы с тобой раньше не разговаривали, а у меня к тебе сразу же неожиданный вопрос.]]",
      "links": [
        {
          "name": "— Лана, здравствуй. Меня зовут Name. Знаю, мы с тобой раньше не разговаривали, а у меня к тебе сразу же неожиданный вопрос.",
          "link": "— Лана, здравствуй. Меня зовут Name. Знаю, мы с тобой раньше не разговаривали, а у меня к тебе сразу же неожиданный вопрос.",
          "pid": "1"
        }
      ],
      "name": "Вы назначаете встречу с Ланой после занятий.",
      "pid": "41",
      "position": {
        "x": "600",
        "y": "350"
      },
      "tags": [
        "t:p",
        "setReaction:friend-unexistent"
      ]
    },
    {
      "text": "— Пансексуал.\n---\n[[— Понятно. Сначала поясню: открытая я в том смысле, что не скрываю, если кто спросит \" а кем тебе Кира приходится\" или поинтересуется, с кем я ходила на «Воителей» или есть ли у меня парень. Это не первое, о чем при знакомстве упоминаю, но не стыжусь и не боюсь говорить об ориентации.]]",
      "links": [
        {
          "name": "— Понятно. Сначала поясню: открытая я в том смысле, что не скрываю, если кто спросит \" а кем тебе Кира приходится\" или поинтересуется, с кем я ходила на «Воителей» или есть ли у меня парень. Это не первое, о чем при знакомстве упоминаю, но не стыжусь и не боюсь говорить об ориентации.",
          "link": "— Понятно. Сначала поясню: открытая я в том смысле, что не скрываю, если кто спросит \" а кем тебе Кира приходится\" или поинтересуется, с кем я ходила на «Воителей» или есть ли у меня парень. Это не первое, о чем при знакомстве упоминаю, но не стыжусь и не боюсь говорить об ориентации.",
          "pid": "7"
        }
      ],
      "name": "— Пансексуал.",
      "pid": "42",
      "position": {
        "x": "1825",
        "y": "600"
      },
      "tags": [
        "t:h"
      ]
    },
    {
      "text": "— Квир.\n---\n[[— Понятно. Сначала поясню: открытая я в том смысле, что не скрываю, если кто спросит \" а кем тебе Кира приходится\" или поинтересуется, с кем я ходила на «Воителей» или есть ли у меня парень. Это не первое, о чем при знакомстве упоминаю, но не стыжусь и не боюсь говорить об ориентации.]]",
      "links": [
        {
          "name": "— Понятно. Сначала поясню: открытая я в том смысле, что не скрываю, если кто спросит \" а кем тебе Кира приходится\" или поинтересуется, с кем я ходила на «Воителей» или есть ли у меня парень. Это не первое, о чем при знакомстве упоминаю, но не стыжусь и не боюсь говорить об ориентации.",
          "link": "— Понятно. Сначала поясню: открытая я в том смысле, что не скрываю, если кто спросит \" а кем тебе Кира приходится\" или поинтересуется, с кем я ходила на «Воителей» или есть ли у меня парень. Это не первое, о чем при знакомстве упоминаю, но не стыжусь и не боюсь говорить об ориентации.",
          "pid": "7"
        }
      ],
      "name": "— Квир.",
      "pid": "43",
      "position": {
        "x": "1825",
        "y": "825"
      },
      "tags": [
        "t:h"
      ]
    },
    {
      "text": "— На улице мне отпускают сальные комплименты. Чаще подвыпившие. В транспорте неоднократно пытались полапать и залезть в трусы. Я уроду одному за это чуть руку не сломала. И это ни разу не связано с моей ориентацией.\n---\n[[Вам привиделась Лана, сражающаяся с лапательным монстром.]]",
      "links": [
        {
          "name": "Вам привиделась Лана, сражающаяся с лапательным монстром.",
          "link": "Вам привиделась Лана, сражающаяся с лапательным монстром.",
          "pid": "64"
        }
      ],
      "name": "— На улице мне отпускают сальные комплименты. Чаще подвыпившие. В транспорте неоднократно пытались полапать и залезть в трусы. Я уроду одному за это чуть руку не сломала. И это ни разу не связано с моей ориентацией.",
      "pid": "44",
      "position": {
        "x": "4150",
        "y": "475"
      },
      "tags": [
        "t:p",
        "setReaction:lesbian-angry"
      ]
    },
    {
      "text": "— Камин-аут повлиял на отношения с родственниками. Потеряла пару друзей. Однокурсники некоторые смотрят косо. Проблемы из-за ориентации — мелочь по сравнению с тем, что я терплю как девушка. Так не у всех лесбиянок. Кто-то страдает из-за гомофобии намного больше. Просто во мне большинство видит только девушку и относятся соответствующе.\n---\n[[— Ох, никогда не подумал бы. А что бы ты мне посоветовала?]]",
      "links": [
        {
          "name": "— Ох, никогда не подумал бы. А что бы ты мне посоветовала?",
          "link": "— Ох, никогда не подумал бы. А что бы ты мне посоветовала?",
          "pid": "24"
        }
      ],
      "name": "— Камин-аут повлиял на отношения с родственниками. Потеряла пару друзей. Однокурсники некоторые смотрят косо. Проблемы из-за ориентации - мелочь по сравнению с тем, что я терплю как девушка. Так не у всех лесбиянок. Кто-то страдает из-за гомофобии намного больше. Просто во мне большинство видит только девушку и относятся соответствующе.",
      "pid": "45",
      "position": {
        "x": "4650",
        "y": "475"
      },
      "tags": [
        "t:p",
        "setReaction:lesbian-main"
      ]
    },
    {
      "text": "— Интересное мнение. Но меня гложет желание признаться родителям. Мне было бы намного легче жить, если бы я знал, что меня принимают.\n---\n[[— Но будет ли тебе легче, если отношения с родителями ухудшатся?]]",
      "links": [
        {
          "name": "— Но будет ли тебе легче, если отношения с родителями ухудшатся?",
          "link": "— Но будет ли тебе легче, если отношения с родителями ухудшатся?",
          "pid": "47"
        }
      ],
      "name": "— Интересное мнение. Но меня гложет желание признаться родителям. Мне было бы намного легче жить, если бы я знал, что меня принимают.",
      "pid": "46",
      "position": {
        "x": "5825",
        "y": "550"
      },
      "tags": [
        "t:h"
      ]
    },
    {
      "text": "— Но будет ли тебе легче, если отношения с родителями ухудшатся?\n---\n[[— У тебя сильно испортились?]]",
      "links": [
        {
          "name": "— У тебя сильно испортились?",
          "link": "— У тебя сильно испортились?",
          "pid": "48"
        }
      ],
      "name": "— Но будет ли тебе легче, если отношения с родителями ухудшатся?",
      "pid": "47",
      "position": {
        "x": "6000",
        "y": "550"
      },
      "tags": [
        "t:p"
      ]
    },
    {
      "text": "— У тебя сильно испортились?\n---\n[[— Я пробовала сблизиться с матерью и отцом дважды.]]",
      "links": [
        {
          "name": "— Я пробовала сблизиться с матерью и отцом дважды.",
          "link": "— Я пробовала сблизиться с матерью и отцом дважды.",
          "pid": "31"
        }
      ],
      "name": "— У тебя сильно испортились?",
      "pid": "48",
      "position": {
        "x": "6175",
        "y": "550"
      },
      "tags": [
        "t:h"
      ]
    },
    {
      "text": "— Первый раз это случилось в 18 лет. Я также спешила сделать камин-аут. Только не стала ни с кем консультироваться. Рассказала родителям о своей девушке, приходила с ней домой. Мать упорно называла нас друзьями. Она словно блокировала часть информации, спрашивала, когда я найду себе парня. Иногда же её прорывало на причитания: «Почему моя дочка не как все?» Убеждала меня, что это фаза. «Фаза», которая длится у меня с 11 лет!\n---\n[[— Я тоже рано понял, что другой.]]\n[[— А я понял, что мне нравятся парни недавно.]]",
      "links": [
        {
          "name": "— Я тоже рано понял, что другой.",
          "link": "— Я тоже рано понял, что другой.",
          "pid": "56"
        },
        {
          "name": "— А я понял, что мне нравятся парни недавно.",
          "link": "— А я понял, что мне нравятся парни недавно.",
          "pid": "60"
        }
      ],
      "name": "— Первый раз это случилось в 18 лет. Я также спешила сделать камин-аут. Только не стала ни с кем консультироваться. Рассказала родителям о своей девушке, приходила с ней домой. Мать упорно называла нас друзьями. Она словно блокировала часть информации, спрашивала, когда я найду себе парня. Иногда же её прорывало на причитания: \"Почему моя дочка не как все?\". Убеждала меня, что это фаза. \"Фаза\", которая длится у меня с 11 лет!",
      "pid": "49",
      "position": {
        "x": "6525",
        "y": "475"
      },
      "tags": [
        "t:p"
      ]
    },
    {
      "text": "— Мне два года приходилось терпеть упорное внимание к моей личной жизни и причитания по поводу плохой Ланочки, из-за которой у мамы болит сердце. В 20 лет я решила, что с меня хватит. Нашла работу, переехала жить в съёмную квартиру. Я определила рамки нашего взаимодействия с родителями и угрожала прекратить общение вовсе, если они не будут соблюдаться.\n---\n[[— Мне ничего не надо было от родных кроме принятия. Мы почти перестали общаться.]]",
      "links": [
        {
          "name": "— Мне ничего не надо было от родных кроме принятия. Мы почти перестали общаться.",
          "link": "— Мне ничего не надо было от родных кроме принятия. Мы почти перестали общаться.",
          "pid": "51"
        }
      ],
      "name": "— Мне два года приходилось терпеть упорное внимание к моей личной жизни и причитания по поводу плохой Ланочки, из-за которой у мамы болит сердце. В 20 лет я решила, что с меня хватит. Нашла работу, переехала жить в съёмную квартиру. Я определила рамки нашего взаимодействия с родителями и угрожала прекратить общение вовсе, если они не будут соблюдаться.",
      "pid": "50",
      "position": {
        "x": "6875",
        "y": "475"
      },
      "tags": [
        "t:p"
      ]
    },
    {
      "text": " — Мне ничего не надо было от родных кроме принятия. Мы почти перестали общаться.\n ---\n [[— Сочувствую.]]",
      "links": [
        {
          "name": "— Сочувствую.",
          "link": "— Сочувствую.",
          "pid": "57"
        }
      ],
      "name": "— Мне ничего не надо было от родных кроме принятия. Мы почти перестали общаться.",
      "pid": "51",
      "position": {
        "x": "7050",
        "y": "475"
      },
      "tags": [
        "t:p",
        "setReaction:lesbian-angry"
      ]
    },
    {
      "text": " — Второй раз я пошла на сближение в 22 года.\n ---\n[[— Почему? Что-то изменилось?]]",
      "links": [
        {
          "name": "— Почему? Что-то изменилось?",
          "link": "— Почему? Что-то изменилось?",
          "pid": "59"
        }
      ],
      "name": " — Второй раз я пошла на сближение в 22 года.",
      "pid": "52",
      "position": {
        "x": "7400",
        "y": "475"
      },
      "tags": [
        "t:p",
        "setReaction:lesbian-sad"
      ]
    },
    {
      "text": "— Тогда у меня появилась Кира... Мы были вместе год, я уже зарабатывала неплохие деньги. И я решила заново представиться родителям не как их маленькая доченька, а как равная. Меня снова не приняли. Для них я всё ещё молодая, всё ещё не понимаю, что делаю и чего хочу.\n---\n[[— Мне казалось, что рано или поздно родители всегда принимают ребёнка.]]",
      "links": [
        {
          "name": "— Мне казалось, что рано или поздно родители всегда принимают ребёнка.",
          "link": "— Мне казалось, что рано или поздно родители всегда принимают ребёнка.",
          "pid": "58"
        }
      ],
      "name": "— Тогда у меня появилась Кира... Мы были вместе год, я уже зарабатывала неплохие деньги. И я решила заново представиться родителям не как их маленькая доченька, а как равная. Меня снова не приняли. Для них я всё ещё молодая, всё ещё не понимаю, что делаю и чего хочу.",
      "pid": "53",
      "position": {
        "x": "7750",
        "y": "475"
      },
      "tags": [
        "t:p"
      ]
    },
    {
      "text": "— Устала объяснять родителям сотню раз одно и то же. Я взрослая и самостоятельная. У меня есть своя семья из принимающих друзей и любимой девушки. Мне сейчас не нужно дополнительное сопротивление, попытки меня переделать и истерики по телефону. Устала от скандалов. Не хочу участвовать в семейных посиделках, где меня просят не говорить про личную жизнь и постоянно сватают замуж.\n---\n[[ — Больше не пытаюсь наладить общение. С моей стороны попыток сблизиться больше не будет.]]",
      "links": [
        {
          "name": " — Больше не пытаюсь наладить общение. С моей стороны попыток сблизиться больше не будет.",
          "link": " — Больше не пытаюсь наладить общение. С моей стороны попыток сблизиться больше не будет.",
          "pid": "55"
        }
      ],
      "name": "— Устала объяснять родителям сотню раз одно и то же. Я взрослая и самостоятельная. У меня есть своя семья из принимающих друзей и любимой девушки. Мне сейчас не нужно дополнительное сопротивление, попытки меня переделать и истерики по телефону. Устала от скандалов. Не хочу участвовать в семейных посиделках, где меня просят не говорить про личную жизнь и постоянно сватают замуж.",
      "pid": "54",
      "position": {
        "x": "8100",
        "y": "475"
      },
      "tags": [
        "t:p",
        "setReaction:lesbian-angry"
      ]
    },
    {
      "text": " — Больше не пытаюсь наладить общение. С моей стороны попыток сблизиться больше не будет.\n ---\n [[— А если они?]]",
      "links": [
        {
          "name": "— А если они?",
          "link": "— А если они?",
          "pid": "32"
        }
      ],
      "name": " — Больше не пытаюсь наладить общение. С моей стороны попыток сблизиться больше не будет.",
      "pid": "55",
      "position": {
        "x": "8275",
        "y": "475"
      },
      "tags": [
        "t:p",
        "setReaction:lesbian-main"
      ]
    },
    {
      "text": "— Я тоже рано понял, что другой.\n---\n[[— Мне два года приходилось терпеть упорное внимание к моей личной жизни и причитания по поводу плохой Ланочки, из-за которой у мамы болит сердце. В 20 лет я решила, что с меня хватит. Нашла работу, переехала жить в съёмную квартиру. Я определила рамки нашего взаимодействия с родителями и угрожала прекратить общение вовсе, если они не будут соблюдаться.]]",
      "links": [
        {
          "name": "— Мне два года приходилось терпеть упорное внимание к моей личной жизни и причитания по поводу плохой Ланочки, из-за которой у мамы болит сердце. В 20 лет я решила, что с меня хватит. Нашла работу, переехала жить в съёмную квартиру. Я определила рамки нашего взаимодействия с родителями и угрожала прекратить общение вовсе, если они не будут соблюдаться.",
          "link": "— Мне два года приходилось терпеть упорное внимание к моей личной жизни и причитания по поводу плохой Ланочки, из-за которой у мамы болит сердце. В 20 лет я решила, что с меня хватит. Нашла работу, переехала жить в съёмную квартиру. Я определила рамки нашего взаимодействия с родителями и угрожала прекратить общение вовсе, если они не будут соблюдаться.",
          "pid": "50"
        }
      ],
      "name": "— Я тоже рано понял, что другой.",
      "pid": "56",
      "position": {
        "x": "6700",
        "y": "400"
      },
      "tags": [
        "t:h"
      ]
    },
    {
      "text": "— Сочувствую.\n---\n[[ — Второй раз я пошла на сближение в 22 года.]]",
      "links": [
        {
          "name": " — Второй раз я пошла на сближение в 22 года.",
          "link": " — Второй раз я пошла на сближение в 22 года.",
          "pid": "52"
        }
      ],
      "name": "— Сочувствую.",
      "pid": "57",
      "position": {
        "x": "7225",
        "y": "475"
      },
      "tags": [
        "t:h"
      ]
    },
    {
      "text": "— Мне казалось, что рано или поздно родители всегда принимают ребёнка.\n---\n[[— Устала объяснять родителям сотню раз одно и то же. Я взрослая и самостоятельная. У меня есть своя семья из принимающих друзей и любимой девушки. Мне сейчас не нужно дополнительное сопротивление, попытки меня переделать и истерики по телефону. Устала от скандалов. Не хочу участвовать в семейных посиделках, где меня просят не говорить про личную жизнь и постоянно сватают замуж.]]",
      "links": [
        {
          "name": "— Устала объяснять родителям сотню раз одно и то же. Я взрослая и самостоятельная. У меня есть своя семья из принимающих друзей и любимой девушки. Мне сейчас не нужно дополнительное сопротивление, попытки меня переделать и истерики по телефону. Устала от скандалов. Не хочу участвовать в семейных посиделках, где меня просят не говорить про личную жизнь и постоянно сватают замуж.",
          "link": "— Устала объяснять родителям сотню раз одно и то же. Я взрослая и самостоятельная. У меня есть своя семья из принимающих друзей и любимой девушки. Мне сейчас не нужно дополнительное сопротивление, попытки меня переделать и истерики по телефону. Устала от скандалов. Не хочу участвовать в семейных посиделках, где меня просят не говорить про личную жизнь и постоянно сватают замуж.",
          "pid": "54"
        }
      ],
      "name": "— Мне казалось, что рано или поздно родители всегда принимают ребёнка.",
      "pid": "58",
      "position": {
        "x": "7925",
        "y": "475"
      },
      "tags": [
        "t:h"
      ]
    },
    {
      "text": "— Почему? Что-то изменилось?\n---\n[[— Тогда у меня появилась Кира... Мы были вместе год, я уже зарабатывала неплохие деньги. И я решила заново представиться родителям не как их маленькая доченька, а как равная. Меня снова не приняли. Для них я всё ещё молодая, всё ещё не понимаю, что делаю и чего хочу.]]",
      "links": [
        {
          "name": "— Тогда у меня появилась Кира... Мы были вместе год, я уже зарабатывала неплохие деньги. И я решила заново представиться родителям не как их маленькая доченька, а как равная. Меня снова не приняли. Для них я всё ещё молодая, всё ещё не понимаю, что делаю и чего хочу.",
          "link": "— Тогда у меня появилась Кира... Мы были вместе год, я уже зарабатывала неплохие деньги. И я решила заново представиться родителям не как их маленькая доченька, а как равная. Меня снова не приняли. Для них я всё ещё молодая, всё ещё не понимаю, что делаю и чего хочу.",
          "pid": "53"
        }
      ],
      "name": "— Почему? Что-то изменилось?",
      "pid": "59",
      "position": {
        "x": "7575",
        "y": "475"
      },
      "tags": [
        "t:h"
      ]
    },
    {
      "text": "— А я понял, что мне нравятся парни недавно.\n---\n[[— Мне два года приходилось терпеть упорное внимание к моей личной жизни и причитания по поводу плохой Ланочки, из-за которой у мамы болит сердце. В 20 лет я решила, что с меня хватит. Нашла работу, переехала жить в съёмную квартиру. Я определила рамки нашего взаимодействия с родителями и угрожала прекратить общение вовсе, если они не будут соблюдаться.]]",
      "links": [
        {
          "name": "— Мне два года приходилось терпеть упорное внимание к моей личной жизни и причитания по поводу плохой Ланочки, из-за которой у мамы болит сердце. В 20 лет я решила, что с меня хватит. Нашла работу, переехала жить в съёмную квартиру. Я определила рамки нашего взаимодействия с родителями и угрожала прекратить общение вовсе, если они не будут соблюдаться.",
          "link": "— Мне два года приходилось терпеть упорное внимание к моей личной жизни и причитания по поводу плохой Ланочки, из-за которой у мамы болит сердце. В 20 лет я решила, что с меня хватит. Нашла работу, переехала жить в съёмную квартиру. Я определила рамки нашего взаимодействия с родителями и угрожала прекратить общение вовсе, если они не будут соблюдаться.",
          "pid": "50"
        }
      ],
      "name": "— А я понял, что мне нравятся парни недавно.",
      "pid": "60",
      "position": {
        "x": "6700",
        "y": "550"
      },
      "tags": [
        "t:h"
      ]
    },
    {
      "text": "— Ты, давай, будь умнее. Как видишь, мне и деньги с самостоятельностью не помогли убедить родню. Надеюсь, у тебя будет по-другому.\n---\n[[— Спасибо за советы!]]",
      "links": [
        {
          "name": "— Спасибо за советы!",
          "link": "— Спасибо за советы!",
          "pid": "34"
        }
      ],
      "name": "— Ты, давай, будь умнее. Как видишь, мне и деньги с самостоятельностью не помогли убедить родню. Надеюсь, у тебя будет по-другому.",
      "pid": "61",
      "position": {
        "x": "8800",
        "y": "475"
      },
      "tags": [
        "t:p",
        "showThing:helm",
        "set:lesbian-item:1"
      ]
    },
    {
      "text": "<i>Диалог окончен. Вы можете вернуться на главный экран.</i>",
      "name": "Диалог окончен. Вы можете вернуться на главный экран.",
      "pid": "62",
      "position": {
        "x": "9325",
        "y": "475"
      },
      "tags": [
        "t:p"
      ]
    },
    {
      "text": "1.jpg\n---\n[[— Неужели ты открыта и у тебя нет никаких проблем из-за этого?]]",
      "links": [
        {
          "name": "— Неужели ты открыта и у тебя нет никаких проблем из-за этого?",
          "link": "— Неужели ты открыта и у тебя нет никаких проблем из-за этого?",
          "pid": "22"
        }
      ],
      "name": "Картинка график",
      "pid": "63",
      "position": {
        "x": "3650",
        "y": "475"
      },
      "tags": [
        "t:imgp"
      ]
    },
    {
      "text": "<i>Вам привиделась Лана, сражающаяся с лапательным монстром.</i>\n---\n[[Картинка монстра]]",
      "links": [
        {
          "name": "Картинка монстра",
          "link": "Картинка монстра",
          "pid": "65"
        }
      ],
      "name": "Вам привиделась Лана, сражающаяся с лапательным монстром.",
      "pid": "64",
      "position": {
        "x": "4325",
        "y": "475"
      },
      "tags": [
        "t:p"
      ]
    },
    {
      "text": "e.jpg\n---\n[[— Камин-аут повлиял на отношения с родственниками. Потеряла пару друзей. Однокурсники некоторые смотрят косо. Проблемы из-за ориентации - мелочь по сравнению с тем, что я терплю как девушка. Так не у всех лесбиянок. Кто-то страдает из-за гомофобии намного больше. Просто во мне большинство видит только девушку и относятся соответствующе.]]",
      "links": [
        {
          "name": "— Камин-аут повлиял на отношения с родственниками. Потеряла пару друзей. Однокурсники некоторые смотрят косо. Проблемы из-за ориентации - мелочь по сравнению с тем, что я терплю как девушка. Так не у всех лесбиянок. Кто-то страдает из-за гомофобии намного больше. Просто во мне большинство видит только девушку и относятся соответствующе.",
          "link": "— Камин-аут повлиял на отношения с родственниками. Потеряла пару друзей. Однокурсники некоторые смотрят косо. Проблемы из-за ориентации - мелочь по сравнению с тем, что я терплю как девушка. Так не у всех лесбиянок. Кто-то страдает из-за гомофобии намного больше. Просто во мне большинство видит только девушку и относятся соответствующе.",
          "pid": "45"
        }
      ],
      "name": "Картинка монстра",
      "pid": "65",
      "position": {
        "x": "4475",
        "y": "475"
      },
      "tags": [
        "t:imgp"
      ]
    }
  ],
  "name": "Лесбиянка short",
  "startnode": "39",
  "creator": "Twine",
  "creator-version": "2.3.13",
  "ifid": "A21015ED-8567-4DC3-9770-714F4845E7E8"
}