{
  "passages": [
    {
      "text": "<i>Учёба уже началась и на одной из встреч с куратором группы вы узнаёте про возможность обратиться к университетскому психологу. Сначала вы скептически отнеслись к идее, но, поразмыслив, решили сходить. Психолог — современная, уважаемая профессия. Он подскажет.</i>\n---\n[[Уточнив номер кабинета, вы поднялись на шестой этаж, долго блуждали от двери к двери, но нужную не находили. Отчаявшись, вы напоследок решили зайти в туалет и покинуть этаж. Выбрав по привычке последнюю дверь коридора направо, вы к удивлению оказываетесь в кабинете психолога.]]",
      "links": [
        {
          "name": "Уточнив номер кабинета, вы поднялись на шестой этаж, долго блуждали от двери к двери, но нужную не находили. Отчаявшись, вы напоследок решили зайти в туалет и покинуть этаж. Выбрав по привычке последнюю дверь коридора направо, вы к удивлению оказываетесь в кабинете психолога.",
          "link": "Уточнив номер кабинета, вы поднялись на шестой этаж, долго блуждали от двери к двери, но нужную не находили. Отчаявшись, вы напоследок решили зайти в туалет и покинуть этаж. Выбрав по привычке последнюю дверь коридора направо, вы к удивлению оказываетесь в кабинете психолога.",
          "pid": "2"
        }
      ],
      "name": "Учёба уже началась и на одной из встреч с куратором группы вы узнаёте про возможность обратиться к университетскому психологу. Сначала вы скептически отнеслись к идее, но, поразмыслив, решили сходить. Психолог - современная, уважаемая профессия. Он подскажет.",
      "pid": "1",
      "position": {
        "x": "25",
        "y": "25"
      },
      "tags": [
        "setReaction:psychologist-man-unexistent",
        "t:sp"
      ]
    },
    {
      "text": "<i>Уточнив номер кабинета, вы поднялись на шестой этаж, долго блуждали от двери к двери, но нужную не находили. Отчаявшись, вы напоследок решили зайти в туалет и покинуть этаж. Выбрав по привычке последнюю дверь коридора направо, вы к удивлению оказываетесь в кабинете психолога.</i>\n---\n[[Кабинет представлял собой небольшое помещение со столом, за которым располагалось окно. На стенах висели рамки с вырезками из газет. Все вырезки были с последних страниц, где располагались гороскопы, шутки, кроссворды и советы психолога.]]",
      "links": [
        {
          "name": "Кабинет представлял собой небольшое помещение со столом, за которым располагалось окно. На стенах висели рамки с вырезками из газет. Все вырезки были с последних страниц, где располагались гороскопы, шутки, кроссворды и советы психолога.",
          "link": "Кабинет представлял собой небольшое помещение со столом, за которым располагалось окно. На стенах висели рамки с вырезками из газет. Все вырезки были с последних страниц, где располагались гороскопы, шутки, кроссворды и советы психолога.",
          "pid": "3"
        }
      ],
      "name": "Уточнив номер кабинета, вы поднялись на шестой этаж, долго блуждали от двери к двери, но нужную не находили. Отчаявшись, вы напоследок решили зайти в туалет и покинуть этаж. Выбрав по привычке последнюю дверь коридора направо, вы к удивлению оказываетесь в кабинете психолога.",
      "pid": "2",
      "position": {
        "x": "200",
        "y": "25"
      },
      "tags": [
        "t:p"
      ]
    },
    {
      "text": "<i>Кабинет представлял собой небольшое помещение со столом, за которым располагалось окно. На стенах висели рамки с вырезками из газет. Все вырезки были с последних страниц, где располагались гороскопы, шутки, кроссворды и советы психолога.</i>\n---\n[[Картинка вырезки]]",
      "links": [
        {
          "name": "Картинка вырезки",
          "link": "Картинка вырезки",
          "pid": "60"
        }
      ],
      "name": "Кабинет представлял собой небольшое помещение со столом, за которым располагалось окно. На стенах висели рамки с вырезками из газет. Все вырезки были с последних страниц, где располагались гороскопы, шутки, кроссворды и советы психолога.",
      "pid": "3",
      "position": {
        "x": "375",
        "y": "25"
      },
      "tags": [
        "t:p"
      ]
    },
    {
      "text": "<i>На столе стояла немытая кружка из под кофе, в помещении пахло сигаретным дымом. Психолог стоял к вам спиной, смотрел в окно и, видимо, о чём-то думал.</i>\n---\n[[— Здрасте. Наконец я вас нашёл.]]",
      "links": [
        {
          "name": "— Здрасте. Наконец я вас нашёл.",
          "link": "— Здрасте. Наконец я вас нашёл.",
          "pid": "5"
        }
      ],
      "name": "На столе стояла немытая кружка из под кофе, в помещении пахло сигаретным дымом. Психолог стоял к вам спиной, смотрел в окно и, видимо, о чём-то думал.",
      "pid": "4",
      "position": {
        "x": "725",
        "y": "25"
      },
      "tags": [
        "t:p",
        "setReaction:psychologist-man-main"
      ]
    },
    {
      "text": "— Здрасте. Наконец я вас нашёл. Это же вы Виктор Блогга?\n---\n[[— Здравствуйте-здравствуйте. Правильно. Проходите-садитесь. Думал, сегодня уже никого не будет.]]",
      "links": [
        {
          "name": "— Здравствуйте-здравствуйте. Правильно. Проходите-садитесь. Думал, сегодня уже никого не будет.",
          "link": "— Здравствуйте-здравствуйте. Правильно. Проходите-садитесь. Думал, сегодня уже никого не будет.",
          "pid": "6"
        }
      ],
      "name": "— Здрасте. Наконец я вас нашёл.",
      "pid": "5",
      "position": {
        "x": "900",
        "y": "25"
      },
      "tags": [
        "t:h"
      ]
    },
    {
      "text": "— Здравствуйте-здравствуйте. Правильно. Проходите-садитесь. Думал, сегодня уже никого не будет.\n---\n[[— Чем могу быть полезен?]]",
      "links": [
        {
          "name": "— Чем могу быть полезен?",
          "link": "— Чем могу быть полезен?",
          "pid": "7"
        }
      ],
      "name": "— Здравствуйте-здравствуйте. Правильно. Проходите-садитесь. Думал, сегодня уже никого не будет.",
      "pid": "6",
      "position": {
        "x": "1075",
        "y": "25"
      },
      "tags": [
        "t:p",
        "setReaction:psychologist-man-smiling"
      ]
    },
    {
      "text": "— Чем могу быть полезен?\n---\n[[— Я бы хотел получить консультацию психолога.]]",
      "links": [
        {
          "name": "— Я бы хотел получить консультацию психолога.",
          "link": "— Я бы хотел получить консультацию психолога.",
          "pid": "8"
        }
      ],
      "name": "— Чем могу быть полезен?",
      "pid": "7",
      "position": {
        "x": "1250",
        "y": "25"
      },
      "tags": [
        "t:p"
      ]
    },
    {
      "text": "— Я бы хотел получить консультацию психолога.\n---\n[[— Вы пришли по адресу. Сразу говорю - консультация анонимна. Сказанное здесь останется между нами. Лучше расказывайте как есть. Помогу чем смогу. Длительность консультации — один час, — психолог взглядом показал на часы на столе.]]",
      "links": [
        {
          "name": "— Вы пришли по адресу. Сразу говорю - консультация анонимна. Сказанное здесь останется между нами. Лучше расказывайте как есть. Помогу чем смогу. Длительность консультации — один час, — психолог взглядом показал на часы на столе.",
          "link": "— Вы пришли по адресу. Сразу говорю - консультация анонимна. Сказанное здесь останется между нами. Лучше расказывайте как есть. Помогу чем смогу. Длительность консультации — один час, — психолог взглядом показал на часы на столе.",
          "pid": "9"
        }
      ],
      "name": "— Я бы хотел получить консультацию психолога.",
      "pid": "8",
      "position": {
        "x": "1425",
        "y": "25"
      },
      "tags": [
        "t:h"
      ]
    },
    {
      "text": "— Вы пришли по адресу. Сразу говорю — консультация анонимна. Сказанное здесь останется между нами. Лучше расказывайте как есть. Помогу чем смогу. Длительность консультации — один час, — психолог взглядом показал на часы на столе.\n---\n[[Картинка часы]]",
      "links": [
        {
          "name": "Картинка часы",
          "link": "Картинка часы",
          "pid": "61"
        }
      ],
      "name": "— Вы пришли по адресу. Сразу говорю - консультация анонимна. Сказанное здесь останется между нами. Лучше расказывайте как есть. Помогу чем смогу. Длительность консультации — один час, — психолог взглядом показал на часы на столе.",
      "pid": "9",
      "position": {
        "x": "1600",
        "y": "25"
      },
      "tags": [
        "t:p",
        "set:relationshipQuestion:0",
        "set:trustQuestion:0",
        "setReaction:psychologist-man-main"
      ]
    },
    {
      "text": "— Хочу получить консультацию по теме отношений с родителями, друзьями и парнями.\n---\n[[— Внимательно слушаю.]]",
      "links": [
        {
          "name": "— Внимательно слушаю.",
          "link": "— Внимательно слушаю.",
          "pid": "11"
        }
      ],
      "name": "— Хочу получить консультацию по теме отношений с родителями, друзьями и парнями.",
      "pid": "10",
      "position": {
        "x": "2050",
        "y": "175"
      },
      "tags": [
        "t:h"
      ]
    },
    {
      "text": "— Внимательно слушаю.\n---\n[[— Боюсь, что мои родители будут страдать. Как лучше подать новость о моей ориентации? Почему родители реагируют неадекватно на такое?]]",
      "links": [
        {
          "name": "— Боюсь, что мои родители будут страдать. Как лучше подать новость о моей ориентации? Почему родители реагируют неадекватно на такое?",
          "link": "— Боюсь, что мои родители будут страдать. Как лучше подать новость о моей ориентации? Почему родители реагируют неадекватно на такое?",
          "pid": "30"
        }
      ],
      "name": "— Внимательно слушаю.",
      "pid": "11",
      "position": {
        "x": "2050",
        "y": "350"
      },
      "tags": [
        "t:p",
        "set:relationshipQuestion:1",
        "setReaction:psychologist-man-main",
        "hide:relationshipQuestion:=:1"
      ]
    },
    {
      "text": "— У меня проблемы с доверием.\n---\n[[— Буду рад их решить.]]",
      "links": [
        {
          "name": "— Буду рад их решить.",
          "link": "— Буду рад их решить.",
          "pid": "13"
        }
      ],
      "name": "— У меня проблемы с доверием.",
      "pid": "12",
      "position": {
        "x": "2250",
        "y": "175"
      },
      "tags": [
        "t:h"
      ]
    },
    {
      "text": "— Буду рад их решить.\n---\n[[— Я всю жизнь скрывал свою ориентацию. Мне кажется трудным сходиться и доверять людям, в том числе по этой причине. Что мне делать?]]\n",
      "links": [
        {
          "name": "— Я всю жизнь скрывал свою ориентацию. Мне кажется трудным сходиться и доверять людям, в том числе по этой причине. Что мне делать?",
          "link": "— Я всю жизнь скрывал свою ориентацию. Мне кажется трудным сходиться и доверять людям, в том числе по этой причине. Что мне делать?",
          "pid": "14"
        }
      ],
      "name": "— Буду рад их решить.",
      "pid": "13",
      "position": {
        "x": "2275",
        "y": "350"
      },
      "tags": [
        "t:p",
        "set:trustQuestion:1",
        "setReaction:psychologist-man-main",
        "hide:trustQuestion:=:1"
      ]
    },
    {
      "text": "— Я всю жизнь скрывал свою ориентацию. Мне кажется трудным сходиться и доверять людям, в том числе по этой причине. Что мне делать?\n---\n[[— Если вы уже родились таким, то лучше особо не светиться. Разумеется, вас не поймут. Вы же должны понимать, что у людей дети и они не хотят такого примера.]]",
      "links": [
        {
          "name": "— Если вы уже родились таким, то лучше особо не светиться. Разумеется, вас не поймут. Вы же должны понимать, что у людей дети и они не хотят такого примера.",
          "link": "— Если вы уже родились таким, то лучше особо не светиться. Разумеется, вас не поймут. Вы же должны понимать, что у людей дети и они не хотят такого примера.",
          "pid": "15"
        }
      ],
      "name": "— Я всю жизнь скрывал свою ориентацию. Мне кажется трудным сходиться и доверять людям, в том числе по этой причине. Что мне делать?",
      "pid": "14",
      "position": {
        "x": "2325",
        "y": "500"
      },
      "tags": [
        "t:h"
      ]
    },
    {
      "text": "— Если вы уже родились таким, то лучше особо не светиться. Разумеется, вас не поймут. Вы же должны понимать, что у людей дети и они не хотят такого примера.\n---\n[[— Совершенно не ожидал подобного ответа. Так вы мне предлагаете?..]]\n",
      "links": [
        {
          "name": "— Совершенно не ожидал подобного ответа. Так вы мне предлагаете?..",
          "link": "— Совершенно не ожидал подобного ответа. Так вы мне предлагаете?..",
          "pid": "18"
        }
      ],
      "name": "— Если вы уже родились таким, то лучше особо не светиться. Разумеется, вас не поймут. Вы же должны понимать, что у людей дети и они не хотят такого примера.",
      "pid": "15",
      "position": {
        "x": "2350",
        "y": "650"
      },
      "tags": [
        "t:p",
        "setReaction:psychologist-man-confused"
      ]
    },
    {
      "text": "— Никогда не был у подобного специалиста. Немного волнуюсь. Прежде хочу сказать, что я отношу себя к ЛГБТ и мои вопросы будут связаны с этим.\n---\n[[— Конечно. Понимаю. Тема серьёзная.]]  ",
      "links": [
        {
          "name": "— Конечно. Понимаю. Тема серьёзная.",
          "link": "— Конечно. Понимаю. Тема серьёзная.",
          "pid": "17"
        }
      ],
      "name": "— Никогда не был у подобного специалиста. Немного волнуюсь. Прежде хочу сказать, что я отношу себя к ЛГБТ и мои вопросы будут связаны с этим.",
      "pid": "16",
      "position": {
        "x": "1950",
        "y": "25"
      },
      "tags": [
        "t:h"
      ]
    },
    {
      "text": "— Конечно. Понимаю. Тема серьёзная.\n---\n[[— Хочу получить консультацию по теме отношений с родителями, друзьями и парнями.]]\n[[— У меня проблемы с доверием.]]",
      "links": [
        {
          "name": "— Хочу получить консультацию по теме отношений с родителями, друзьями и парнями.",
          "link": "— Хочу получить консультацию по теме отношений с родителями, друзьями и парнями.",
          "pid": "10"
        },
        {
          "name": "— У меня проблемы с доверием.",
          "link": "— У меня проблемы с доверием.",
          "pid": "12"
        }
      ],
      "name": "— Конечно. Понимаю. Тема серьёзная.",
      "pid": "17",
      "position": {
        "x": "2125",
        "y": "25"
      },
      "tags": [
        "t:p",
        "setReaction:psychologist-man-sympathy"
      ]
    },
    {
      "text": "— Совершенно не ожидал подобного ответа. Так вы мне предлагаете?..\n---\n[[— ... жить себе спокойно и тихо. Кто вас трогает? Не в газовую камеру же, не в Освенцим сгоняют. Вообще, о каком доверии может идти речь? Хорошо, что вы не доверяете.]]",
      "links": [
        {
          "name": "— ... жить себе спокойно и тихо. Кто вас трогает? Не в газовую камеру же, не в Освенцим сгоняют. Вообще, о каком доверии может идти речь? Хорошо, что вы не доверяете.",
          "link": "— ... жить себе спокойно и тихо. Кто вас трогает? Не в газовую камеру же, не в Освенцим сгоняют. Вообще, о каком доверии может идти речь? Хорошо, что вы не доверяете.",
          "pid": "19"
        }
      ],
      "name": "— Совершенно не ожидал подобного ответа. Так вы мне предлагаете?..",
      "pid": "18",
      "position": {
        "x": "2375",
        "y": "800"
      },
      "tags": [
        "t:h"
      ]
    },
    {
      "text": "— ... жить себе спокойно и тихо. Кто вас трогает? Не в газовую камеру же, не в Освенцим сгоняют. Вообще, о каком доверии может идти речь? Хорошо, что вы не доверяете.\n---\n[[— У меня проблемы с доверием гомосексуальным мужчинам. Как доверять парням, которые только хотят секса?]]",
      "links": [
        {
          "name": "— У меня проблемы с доверием гомосексуальным мужчинам. Как доверять парням, которые только хотят секса?",
          "link": "— У меня проблемы с доверием гомосексуальным мужчинам. Как доверять парням, которые только хотят секса?",
          "pid": "20"
        }
      ],
      "name": "— ... жить себе спокойно и тихо. Кто вас трогает? Не в газовую камеру же, не в Освенцим сгоняют. Вообще, о каком доверии может идти речь? Хорошо, что вы не доверяете.",
      "pid": "19",
      "position": {
        "x": "2375",
        "y": "950"
      },
      "tags": [
        "t:p",
        "setReaction:psychologist-man-smiling"
      ]
    },
    {
      "text": "— У меня проблемы с доверием гомосексуальным мужчинам. Как доверять парням, которые только хотят секса?\n---\n[[— Гомосексуальность - это ваша особенность. Она завязана на сексе и людям хочется такого особенного секса. Договаривайтесь по этому вопросу.]]",
      "links": [
        {
          "name": "— Гомосексуальность - это ваша особенность. Она завязана на сексе и людям хочется такого особенного секса. Договаривайтесь по этому вопросу.",
          "link": "— Гомосексуальность - это ваша особенность. Она завязана на сексе и людям хочется такого особенного секса. Договаривайтесь по этому вопросу.",
          "pid": "21"
        }
      ],
      "name": "— У меня проблемы с доверием гомосексуальным мужчинам. Как доверять парням, которые только хотят секса?",
      "pid": "20",
      "position": {
        "x": "2275",
        "y": "1125"
      },
      "tags": [
        "t:h"
      ]
    },
    {
      "text": "— Гомосексуальность — это ваша особенность. Она завязана на сексе и людям хочется такого особенного секса. Договаривайтесь по этому вопросу.\n---\n[[— Я не очень понял, что вы сказали.]]\n[[— Ясно.]]",
      "links": [
        {
          "name": "— Я не очень понял, что вы сказали.",
          "link": "— Я не очень понял, что вы сказали.",
          "pid": "22"
        },
        {
          "name": "— Ясно.",
          "link": "— Ясно.",
          "pid": "43"
        }
      ],
      "name": "— Гомосексуальность - это ваша особенность. Она завязана на сексе и людям хочется такого особенного секса. Договаривайтесь по этому вопросу.",
      "pid": "21",
      "position": {
        "x": "2275",
        "y": "1300"
      },
      "tags": [
        "t:p",
        "setReaction:psychologist-man-confused"
      ]
    },
    {
      "text": "— Я не очень понял, что вы сказали.\n---\n[[— Вы можете подробнее рассказать о ваших переживаниях, связанных с мужчинами?]]",
      "links": [
        {
          "name": "— Вы можете подробнее рассказать о ваших переживаниях, связанных с мужчинами?",
          "link": "— Вы можете подробнее рассказать о ваших переживаниях, связанных с мужчинами?",
          "pid": "23"
        }
      ],
      "name": "— Я не очень понял, что вы сказали.",
      "pid": "22",
      "position": {
        "x": "2275",
        "y": "1450"
      },
      "tags": [
        "t:h"
      ]
    },
    {
      "text": "— Вы можете подробнее рассказать о ваших переживаниях, связанных с мужчинами?\n---\n[[— Мне напряжно общаться с парнями-геями, мне кажется я недостаточно хорош для них: не богат, нет машины, мускулов, недостаточно мужественный, да и член не самый большой. Может я не могу быть геем без этого?]]\n[[— Мне напряжно общаться с парнями-геями, мне кажется я недостаточно хорош для них. Отличаюсь от них.]]",
      "links": [
        {
          "name": "— Мне напряжно общаться с парнями-геями, мне кажется я недостаточно хорош для них: не богат, нет машины, мускулов, недостаточно мужественный, да и член не самый большой. Может я не могу быть геем без этого?",
          "link": "— Мне напряжно общаться с парнями-геями, мне кажется я недостаточно хорош для них: не богат, нет машины, мускулов, недостаточно мужественный, да и член не самый большой. Может я не могу быть геем без этого?",
          "pid": "24"
        },
        {
          "name": "— Мне напряжно общаться с парнями-геями, мне кажется я недостаточно хорош для них. Отличаюсь от них.",
          "link": "— Мне напряжно общаться с парнями-геями, мне кажется я недостаточно хорош для них. Отличаюсь от них.",
          "pid": "25"
        }
      ],
      "name": "— Вы можете подробнее рассказать о ваших переживаниях, связанных с мужчинами?",
      "pid": "23",
      "position": {
        "x": "2275",
        "y": "1600"
      },
      "tags": [
        "t:p",
        "setReaction:psychologist-man-main"
      ]
    },
    {
      "text": "— Мне напряжно общаться с парнями-геями, мне кажется я недостаточно хорош для них: не богат, нет машины, мускулов, недостаточно мужественный, да и член не самый большой. Может я не могу быть геем без этого?\n---\n[[— Если вы как-то не подходите этой категории, так может быть, что вы действительно не из них? Почему вы решили, что вы относитесь к ЛГБТ? Вам кто-то об этом сказал? Давайте будем с этим разбираться.]]",
      "links": [
        {
          "name": "— Если вы как-то не подходите этой категории, так может быть, что вы действительно не из них? Почему вы решили, что вы относитесь к ЛГБТ? Вам кто-то об этом сказал? Давайте будем с этим разбираться.",
          "link": "— Если вы как-то не подходите этой категории, так может быть, что вы действительно не из них? Почему вы решили, что вы относитесь к ЛГБТ? Вам кто-то об этом сказал? Давайте будем с этим разбираться.",
          "pid": "26"
        }
      ],
      "name": "— Мне напряжно общаться с парнями-геями, мне кажется я недостаточно хорош для них: не богат, нет машины, мускулов, недостаточно мужественный, да и член не самый большой. Может я не могу быть геем без этого?",
      "pid": "24",
      "position": {
        "x": "2200",
        "y": "1750"
      },
      "tags": [
        "t:h"
      ]
    },
    {
      "text": "— Мне напряжно общаться с парнями-геями, мне кажется я недостаточно хорош для них. Отличаюсь от них.\n---\n[[— Если вы как-то не подходите этой категории, так может быть, что вы действительно не из них? Почему вы решили, что вы относитесь к ЛГБТ? Вам кто-то об этом сказал? Давайте будем с этим разбираться.]]",
      "links": [
        {
          "name": "— Если вы как-то не подходите этой категории, так может быть, что вы действительно не из них? Почему вы решили, что вы относитесь к ЛГБТ? Вам кто-то об этом сказал? Давайте будем с этим разбираться.",
          "link": "— Если вы как-то не подходите этой категории, так может быть, что вы действительно не из них? Почему вы решили, что вы относитесь к ЛГБТ? Вам кто-то об этом сказал? Давайте будем с этим разбираться.",
          "pid": "26"
        }
      ],
      "name": "— Мне напряжно общаться с парнями-геями, мне кажется я недостаточно хорош для них. Отличаюсь от них.",
      "pid": "25",
      "position": {
        "x": "2350",
        "y": "1750"
      },
      "tags": [
        "t:h"
      ]
    },
    {
      "text": "— Если вы как-то не подходите этой категории, так может быть, что вы действительно не из них? Почему вы решили, что вы относитесь к ЛГБТ? Вам кто-то об этом сказал? Давайте будем с этим разбираться.\n---\n[[— Может, вам предложить консультацию психиатра? Сам ваш вопрос содержит столько проблем по всем пунктам. Может быть, у вас расстройство личности?]]",
      "links": [
        {
          "name": "— Может, вам предложить консультацию психиатра? Сам ваш вопрос содержит столько проблем по всем пунктам. Может быть, у вас расстройство личности?",
          "link": "— Может, вам предложить консультацию психиатра? Сам ваш вопрос содержит столько проблем по всем пунктам. Может быть, у вас расстройство личности?",
          "pid": "27"
        }
      ],
      "name": "— Если вы как-то не подходите этой категории, так может быть, что вы действительно не из них? Почему вы решили, что вы относитесь к ЛГБТ? Вам кто-то об этом сказал? Давайте будем с этим разбираться.",
      "pid": "26",
      "position": {
        "x": "2250",
        "y": "1925"
      },
      "tags": [
        "t:p",
        "setReaction:psychologist-man-confused"
      ]
    },
    {
      "text": "— Может, вам предложить консультацию психиатра? Сам ваш вопрос содержит столько проблем по всем пунктам. Может быть, у вас расстройство личности?\n---\n[[— Мне казалось, гомосексуальность или бисексуальность не является болезнью, от которой можно и нужно лечить.]]",
      "links": [
        {
          "name": "— Мне казалось, гомосексуальность или бисексуальность не является болезнью, от которой можно и нужно лечить.",
          "link": "— Мне казалось, гомосексуальность или бисексуальность не является болезнью, от которой можно и нужно лечить.",
          "pid": "28"
        }
      ],
      "name": "— Может, вам предложить консультацию психиатра? Сам ваш вопрос содержит столько проблем по всем пунктам. Может быть, у вас расстройство личности?",
      "pid": "27",
      "position": {
        "x": "2250",
        "y": "2075"
      },
      "tags": [
        "t:p",
        "setReaction:psychologist-man-sympathy"
      ]
    },
    {
      "text": "— Мне казалось, гомосексуальность или бисексуальность не является болезнью, от которой можно и нужно лечить.\n---\n[[— Спорный вопрос... У вас же явные переживания по поводу вашей особенности. И речь также может идти про расстройство личности в вашем случае.]]",
      "links": [
        {
          "name": "— Спорный вопрос... У вас же явные переживания по поводу вашей особенности. И речь также может идти про расстройство личности в вашем случае.",
          "link": "— Спорный вопрос... У вас же явные переживания по поводу вашей особенности. И речь также может идти про расстройство личности в вашем случае.",
          "pid": "29"
        }
      ],
      "name": "— Мне казалось, гомосексуальность или бисексуальность не является болезнью, от которой можно и нужно лечить.",
      "pid": "28",
      "position": {
        "x": "2325",
        "y": "2225"
      },
      "tags": [
        "t:h"
      ]
    },
    {
      "text": "— Спорный вопрос... У вас же явные переживания по поводу вашей особенности. И речь также может идти про расстройство личности в вашем случае.\n---\n[[— Вы явно не разбираетесь в вопросе. Я не настолько запутавшийся и неуверенный в себе.]]\n[[— У меня ещё остались вопросы по поводу отношений с близкими.]]",
      "links": [
        {
          "name": "— Вы явно не разбираетесь в вопросе. Я не настолько запутавшийся и неуверенный в себе.",
          "link": "— Вы явно не разбираетесь в вопросе. Я не настолько запутавшийся и неуверенный в себе.",
          "pid": "49"
        },
        {
          "name": "— У меня ещё остались вопросы по поводу отношений с близкими.",
          "link": "— У меня ещё остались вопросы по поводу отношений с близкими.",
          "pid": "45"
        }
      ],
      "name": "— Спорный вопрос... У вас же явные переживания по поводу вашей особенности. И речь также может идти про расстройство личности в вашем случае.",
      "pid": "29",
      "position": {
        "x": "2350",
        "y": "2450"
      },
      "tags": [
        "t:p",
        "setReaction:psychologist-man-rolleyes"
      ]
    },
    {
      "text": "— Боюсь, что мои родители будут страдать. Как лучше подать новость о моей ориентации? Почему родители реагируют неадекватно на такое?\n---\n[[— Конечно, родители будут страдать. Поэтому нужно хорошо подумать, ведь они дали вам жизнь, они столько для вас сделали! А вы? Хотите их сейчас в могилу свести, разочаровать? Подумайте о том, что вы там себе напридумывали.]]",
      "links": [
        {
          "name": "— Конечно, родители будут страдать. Поэтому нужно хорошо подумать, ведь они дали вам жизнь, они столько для вас сделали! А вы? Хотите их сейчас в могилу свести, разочаровать? Подумайте о том, что вы там себе напридумывали.",
          "link": "— Конечно, родители будут страдать. Поэтому нужно хорошо подумать, ведь они дали вам жизнь, они столько для вас сделали! А вы? Хотите их сейчас в могилу свести, разочаровать? Подумайте о том, что вы там себе напридумывали.",
          "pid": "31"
        }
      ],
      "name": "— Боюсь, что мои родители будут страдать. Как лучше подать новость о моей ориентации? Почему родители реагируют неадекватно на такое?",
      "pid": "30",
      "position": {
        "x": "2025",
        "y": "500"
      },
      "tags": [
        "t:h"
      ]
    },
    {
      "text": "— Конечно, родители будут страдать. Поэтому нужно хорошо подумать, ведь они дали вам жизнь, они столько для вас сделали! А вы? Хотите их сейчас в могилу свести, разочаровать? Подумайте о том, что вы там себе напридумывали.\n---\n[[— Вы хотите сказать, что мне не стоит признаваться близким?]]",
      "links": [
        {
          "name": "— Вы хотите сказать, что мне не стоит признаваться близким?",
          "link": "— Вы хотите сказать, что мне не стоит признаваться близким?",
          "pid": "32"
        }
      ],
      "name": "— Конечно, родители будут страдать. Поэтому нужно хорошо подумать, ведь они дали вам жизнь, они столько для вас сделали! А вы? Хотите их сейчас в могилу свести, разочаровать? Подумайте о том, что вы там себе напридумывали.",
      "pid": "31",
      "position": {
        "x": "2000",
        "y": "675"
      },
      "tags": [
        "t:p"
      ]
    },
    {
      "text": "— Вы хотите сказать, что мне не стоит признаваться близким?\n---\n[[— Cчитаю признание безответственным поведением. Родители хотят вам счастья, а оно в гомосексуальных, как понимаю, отношениях невозможно.]]",
      "links": [
        {
          "name": "— Cчитаю признание безответственным поведением. Родители хотят вам счастья, а оно в гомосексуальных, как понимаю, отношениях невозможно.",
          "link": "— Cчитаю признание безответственным поведением. Родители хотят вам счастья, а оно в гомосексуальных, как понимаю, отношениях невозможно.",
          "pid": "33"
        }
      ],
      "name": "— Вы хотите сказать, что мне не стоит признаваться близким?",
      "pid": "32",
      "position": {
        "x": "1925",
        "y": "825"
      },
      "tags": [
        "t:h"
      ]
    },
    {
      "text": "— Cчитаю признание безответственным поведением. Родители хотят вам счастья, а оно в гомосексуальных, как понимаю, отношениях невозможно.\n---\n[[— Могут ли быть у меня здоровые отношения?]]\n",
      "links": [
        {
          "name": "— Могут ли быть у меня здоровые отношения?",
          "link": "— Могут ли быть у меня здоровые отношения?",
          "pid": "34"
        }
      ],
      "name": "— Cчитаю признание безответственным поведением. Родители хотят вам счастья, а оно в гомосексуальных, как понимаю, отношениях невозможно.",
      "pid": "33",
      "position": {
        "x": "1900",
        "y": "975"
      },
      "tags": [
        "t:p"
      ]
    },
    {
      "text": "— Могут ли быть у меня здоровые отношения?\n---\n[[— Нет, конечно не могут, потому что здоровые отношения предполагают полноценный зарегистрированный брак, нормальных детей, а не рождённых из пробирок. Могут быть только какие-то извращённые отношения, конечно же. Решайте, оно вам надо?]]",
      "links": [
        {
          "name": "— Нет, конечно не могут, потому что здоровые отношения предполагают полноценный зарегистрированный брак, нормальных детей, а не рождённых из пробирок. Могут быть только какие-то извращённые отношения, конечно же. Решайте, оно вам надо?",
          "link": "— Нет, конечно не могут, потому что здоровые отношения предполагают полноценный зарегистрированный брак, нормальных детей, а не рождённых из пробирок. Могут быть только какие-то извращённые отношения, конечно же. Решайте, оно вам надо?",
          "pid": "35"
        }
      ],
      "name": "— Могут ли быть у меня здоровые отношения?",
      "pid": "34",
      "position": {
        "x": "1850",
        "y": "1125"
      },
      "tags": [
        "t:h"
      ]
    },
    {
      "text": "— Нет, конечно. Не могут, потому что здоровые отношения предполагают полноценный зарегистрированный брак, нормальных детей, а не рождённых из пробирок. Могут быть только какие-то извращённые отношения, конечно же. Решайте, оно вам надо?\n---\n[[— Знаете, вот я с вами говорю и мне кажется, что проблемы не у меня, а у вас.]]\n[[— Стоит ли общаться с людьми, которые не принимают гомо-/бисексуальность?]]",
      "links": [
        {
          "name": "— Знаете, вот я с вами говорю и мне кажется, что проблемы не у меня, а у вас.",
          "link": "— Знаете, вот я с вами говорю и мне кажется, что проблемы не у меня, а у вас.",
          "pid": "36"
        },
        {
          "name": "— Стоит ли общаться с людьми, которые не принимают гомо-/бисексуальность?",
          "link": "— Стоит ли общаться с людьми, которые не принимают гомо-/бисексуальность?",
          "pid": "37"
        }
      ],
      "name": "— Нет, конечно не могут, потому что здоровые отношения предполагают полноценный зарегистрированный брак, нормальных детей, а не рождённых из пробирок. Могут быть только какие-то извращённые отношения, конечно же. Решайте, оно вам надо?",
      "pid": "35",
      "position": {
        "x": "2000",
        "y": "1300"
      },
      "tags": [
        "t:p",
        "setReaction:psychologist-man-rolleyes"
      ]
    },
    {
      "text": "— Знаете, вот я с вами говорю и мне кажется, что проблемы не у меня, а у вас.\n---\n[[— ...]]",
      "links": [
        {
          "name": "— ...",
          "link": "— ...",
          "pid": "38"
        }
      ],
      "name": "— Знаете, вот я с вами говорю и мне кажется, что проблемы не у меня, а у вас.",
      "pid": "36",
      "position": {
        "x": "1750",
        "y": "1375"
      },
      "tags": [
        "t:h"
      ]
    },
    {
      "text": "— Стоит ли общаться с людьми, которые не принимают гомо-/бисексуальность?\n---\n[[— Я считаю, что это очень хорошая возможность посмотреть на себя со стороны, глазами других людей. Возможно, вы задумаетесь сами, почему сделали такой выбор, потому, что миллионы не могут ошибаться. Если самые близкие люди, которые вас любят, говорят, что что-то не так, то это повод задуматься над своим поведением.]]",
      "links": [
        {
          "name": "— Я считаю, что это очень хорошая возможность посмотреть на себя со стороны, глазами других людей. Возможно, вы задумаетесь сами, почему сделали такой выбор, потому, что миллионы не могут ошибаться. Если самые близкие люди, которые вас любят, говорят, что что-то не так, то это повод задуматься над своим поведением.",
          "link": "— Я считаю, что это очень хорошая возможность посмотреть на себя со стороны, глазами других людей. Возможно, вы задумаетесь сами, почему сделали такой выбор, потому, что миллионы не могут ошибаться. Если самые близкие люди, которые вас любят, говорят, что что-то не так, то это повод задуматься над своим поведением.",
          "pid": "39"
        }
      ],
      "name": "— Стоит ли общаться с людьми, которые не принимают гомо-/бисексуальность?",
      "pid": "37",
      "position": {
        "x": "2000",
        "y": "1475"
      },
      "tags": [
        "t:h"
      ]
    },
    {
      "text": "— ...\n---\n[[— Ваша консультация совсем не то, что я ожидал. Что у вас за квалификация?]]",
      "links": [
        {
          "name": "— Ваша консультация совсем не то, что я ожидал. Что у вас за квалификация?",
          "link": "— Ваша консультация совсем не то, что я ожидал. Что у вас за квалификация?",
          "pid": "40"
        }
      ],
      "name": "— ...",
      "pid": "38",
      "position": {
        "x": "1675",
        "y": "1550"
      },
      "tags": [
        "t:p",
        "setReaction:psychologist-man-distracted"
      ]
    },
    {
      "text": "— Я считаю, что это очень хорошая возможность посмотреть на себя со стороны, глазами других людей. Возможно, вы задумаетесь сами, почему сделали такой выбор, потому что миллионы не могут ошибаться. Если самые близкие люди, которые вас любят, говорят, что что-то не так, то это повод задуматься над своим поведением.\n---\n[[— У меня ещё остались вопросы по проблемам с доверием.]]\n[[— Спасибо за консультацию. Не буду занимать ваше время больше.]]",
      "links": [
        {
          "name": "— У меня ещё остались вопросы по проблемам с доверием.",
          "link": "— У меня ещё остались вопросы по проблемам с доверием.",
          "pid": "44"
        },
        {
          "name": "— Спасибо за консультацию. Не буду занимать ваше время больше.",
          "link": "— Спасибо за консультацию. Не буду занимать ваше время больше.",
          "pid": "46"
        }
      ],
      "name": "— Я считаю, что это очень хорошая возможность посмотреть на себя со стороны, глазами других людей. Возможно, вы задумаетесь сами, почему сделали такой выбор, потому, что миллионы не могут ошибаться. Если самые близкие люди, которые вас любят, говорят, что что-то не так, то это повод задуматься над своим поведением.",
      "pid": "39",
      "position": {
        "x": "1975",
        "y": "1650"
      },
      "tags": [
        "t:p",
        "setReaction:psychologist-man-confused"
      ]
    },
    {
      "text": "— Ваша консультация совсем не то, что я ожидал. Что у вас за квалификация?\n---\n[[— ... Три года работал в областной газете, консультировал читателей. Закончил государственный университет по специальности психолог. Здесь только неделю.]]",
      "links": [
        {
          "name": "— ... Три года работал в областной газете, консультировал читателей. Закончил государственный университет по специальности психолог. Здесь только неделю.",
          "link": "— ... Три года работал в областной газете, консультировал читателей. Закончил государственный университет по специальности психолог. Здесь только неделю.",
          "pid": "52"
        }
      ],
      "name": "— Ваша консультация совсем не то, что я ожидал. Что у вас за квалификация?",
      "pid": "40",
      "position": {
        "x": "1600",
        "y": "1725"
      },
      "tags": [
        "t:h"
      ]
    },
    {
      "text": "— ... Ваше время вышло, к сожалению. Приходите ещё в другой день.\n---\n[[— После такого психолога мне нужен другой психолог.]]",
      "links": [
        {
          "name": "— После такого психолога мне нужен другой психолог.",
          "link": "— После такого психолога мне нужен другой психолог.",
          "pid": "58"
        }
      ],
      "name": "— ... Ваше время вышло, к сожалению. Приходите ещё в другой день.",
      "pid": "41",
      "position": {
        "x": "1625",
        "y": "2700"
      },
      "tags": [
        "t:p",
        "setReaction:psychologist-man-main",
        "showThing:rorschach-stain",
        "set:psychologist-man-item:1"
      ]
    },
    {
      "text": "{adviceId=220}\nВы вряд ли попадёте к психологу, который так настойчиво будет навязывать своё мнение. Но часть специалистов считают, что гомосексуальность можно вылечить. В то же время согласно десятого пересмотра Международной статистической классификации болезней и проблем связанных со здоровьем (МКБ 10) гомосексуальность не считается болезнью. МКБ 10 признана и используется в постсоветских странах многие годы. А согласно МКБ 11 и трансгендерность с 2018 года больше не считается болезнью.\n---\n[[Вы выходите из здания, настроение никакое. Чётко понимаете, что к такому \"специалисту\" вы больше не вернётесь. От грустных мыслей вас отвлёкло звуковое оповещение на телефоне от приложения для знакомств.]]",
      "links": [
        {
          "name": "Вы выходите из здания, настроение никакое. Чётко понимаете, что к такому \"специалисту\" вы больше не вернётесь. От грустных мыслей вас отвлёкло звуковое оповещение на телефоне от приложения для знакомств.",
          "link": "Вы выходите из здания, настроение никакое. Чётко понимаете, что к такому \"специалисту\" вы больше не вернётесь. От грустных мыслей вас отвлёкло звуковое оповещение на телефоне от приложения для знакомств.",
          "pid": "59"
        }
      ],
      "name": "Вы вряд ли попадёте к психологу, который так настойчиво будет навязывать своё мнение. Но часть специалистов считают, что гомосексуальность можно вылечить. В то же время согласно десятого пересмотра Международной статистической классификации болезней и проблем связанных со здоровьем (МКБ 10) гомосексуальность не считается болезнью. МКБ 10 признана и используется в постсоветских странах многие годы. А согласно МКБ 11 и трансгендерность с 2018 года больше не считается болезнью.",
      "pid": "42",
      "position": {
        "x": "1625",
        "y": "3050"
      },
      "tags": [
        "t:f",
        "delay:10000"
      ]
    },
    {
      "text": "— Ясно.\n---\n[[— Вы можете подробнее рассказать о ваших переживаниях, связанных с мужчинами?]]",
      "links": [
        {
          "name": "— Вы можете подробнее рассказать о ваших переживаниях, связанных с мужчинами?",
          "link": "— Вы можете подробнее рассказать о ваших переживаниях, связанных с мужчинами?",
          "pid": "23"
        }
      ],
      "name": "— Ясно.",
      "pid": "43",
      "position": {
        "x": "2500",
        "y": "1400"
      },
      "tags": [
        "t:h"
      ]
    },
    {
      "text": "— У меня ещё остались вопросы по проблемам с доверием.\n---\n[[— Буду рад их решить.]]",
      "links": [
        {
          "name": "— Буду рад их решить.",
          "link": "— Буду рад их решить.",
          "pid": "13"
        }
      ],
      "name": "— У меня ещё остались вопросы по проблемам с доверием.",
      "pid": "44",
      "position": {
        "x": "1900",
        "y": "1800"
      },
      "tags": [
        "t:h",
        "hide:trustQuestion:=:1"
      ]
    },
    {
      "text": "— У меня ещё остались вопросы по поводу отношений с близкими.\n---\n[[— Внимательно слушаю.]]",
      "links": [
        {
          "name": "— Внимательно слушаю.",
          "link": "— Внимательно слушаю.",
          "pid": "11"
        }
      ],
      "name": "— У меня ещё остались вопросы по поводу отношений с близкими.",
      "pid": "45",
      "position": {
        "x": "2475",
        "y": "2350"
      },
      "tags": [
        "t:h",
        "hide:relationshipQuestion:=:1"
      ]
    },
    {
      "text": "— Спасибо за консультацию. Не буду занимать ваше время больше.\n---\n[[— Приходите обязательно снова! Я могу вам помочь при большом желании с вашей стороны. Будет сложно. Понадобится консультаций десять интенсивной работы. У меня в практике уже были случаи исцеления. Один родственник по материнской линни с моей помощью стал полностью гетеросексуальным. Вас же беспокоит ваше состояние?]]",
      "links": [
        {
          "name": "— Приходите обязательно снова! Я могу вам помочь при большом желании с вашей стороны. Будет сложно. Понадобится консультаций десять интенсивной работы. У меня в практике уже были случаи исцеления. Один родственник по материнской линни с моей помощью стал полностью гетеросексуальным. Вас же беспокоит ваше состояние?",
          "link": "— Приходите обязательно снова! Я могу вам помочь при большом желании с вашей стороны. Будет сложно. Понадобится консультаций десять интенсивной работы. У меня в практике уже были случаи исцеления. Один родственник по материнской линни с моей помощью стал полностью гетеросексуальным. Вас же беспокоит ваше состояние?",
          "pid": "47"
        }
      ],
      "name": "— Спасибо за консультацию. Не буду занимать ваше время больше.",
      "pid": "46",
      "position": {
        "x": "2050",
        "y": "1825"
      },
      "tags": [
        "t:h"
      ]
    },
    {
      "text": "— Приходите обязательно снова! Я могу вам помочь при большом желании с вашей стороны. Будет сложно. Понадобится консультаций десять интенсивной работы. У меня в практике уже были случаи исцеления. Один родственник по материнской линни с моей помощью стал полностью гетеросексуальным. Вас же беспокоит ваше состояние?\n---\n[[— У меня нет проблем с ориентацией. Я пришел с вопросами по поводу доверия и отношений. Целый список накатал, а получил непонятно что, а не консультацию.]]\n[[— Вы явно не разбираетесь в вопросе. Я не настолько запутавшийся и неуверенный в себе.]]\n[[— Я лучше пойду. Лекция скоро. Спасибо.]]",
      "links": [
        {
          "name": "— У меня нет проблем с ориентацией. Я пришел с вопросами по поводу доверия и отношений. Целый список накатал, а получил непонятно что, а не консультацию.",
          "link": "— У меня нет проблем с ориентацией. Я пришел с вопросами по поводу доверия и отношений. Целый список накатал, а получил непонятно что, а не консультацию.",
          "pid": "48"
        },
        {
          "name": "— Вы явно не разбираетесь в вопросе. Я не настолько запутавшийся и неуверенный в себе.",
          "link": "— Вы явно не разбираетесь в вопросе. Я не настолько запутавшийся и неуверенный в себе.",
          "pid": "49"
        },
        {
          "name": "— Я лучше пойду. Лекция скоро. Спасибо.",
          "link": "— Я лучше пойду. Лекция скоро. Спасибо.",
          "pid": "50"
        }
      ],
      "name": "— Приходите обязательно снова! Я могу вам помочь при большом желании с вашей стороны. Будет сложно. Понадобится консультаций десять интенсивной работы. У меня в практике уже были случаи исцеления. Один родственник по материнской линни с моей помощью стал полностью гетеросексуальным. Вас же беспокоит ваше состояние?",
      "pid": "47",
      "position": {
        "x": "2025",
        "y": "2000"
      },
      "tags": [
        "t:p",
        "setReaction:psychologist-man-smiling"
      ]
    },
    {
      "text": "— У меня нет проблем с ориентацией. Я пришел с вопросами по поводу доверия и отношений. Целый список накатал, а получил непонятно что, а не консультацию.\n---\n[[— ... Ваше время вышло, к сожалению. Приходите ещё в другой день.]]",
      "links": [
        {
          "name": "— ... Ваше время вышло, к сожалению. Приходите ещё в другой день.",
          "link": "— ... Ваше время вышло, к сожалению. Приходите ещё в другой день.",
          "pid": "41"
        }
      ],
      "name": "— У меня нет проблем с ориентацией. Я пришел с вопросами по поводу доверия и отношений. Целый список накатал, а получил непонятно что, а не консультацию.",
      "pid": "48",
      "position": {
        "x": "1925",
        "y": "2200"
      },
      "tags": [
        "t:h"
      ]
    },
    {
      "text": "— Вы явно не разбираетесь в вопросе. Я не настолько запутавшийся и неуверенный в себе.\n---\n[[— ... Ваше время вышло, к сожалению. Приходите ещё в другой день.]]",
      "links": [
        {
          "name": "— ... Ваше время вышло, к сожалению. Приходите ещё в другой день.",
          "link": "— ... Ваше время вышло, к сожалению. Приходите ещё в другой день.",
          "pid": "41"
        }
      ],
      "name": "— Вы явно не разбираетесь в вопросе. Я не настолько запутавшийся и неуверенный в себе.",
      "pid": "49",
      "position": {
        "x": "2100",
        "y": "2200"
      },
      "tags": [
        "t:h"
      ]
    },
    {
      "text": "— Я лучше пойду. Лекция скоро. Спасибо.\n---\n[[...]]",
      "links": [
        {
          "name": "...",
          "link": "...",
          "pid": "57"
        }
      ],
      "name": "— Я лучше пойду. Лекция скоро. Спасибо.",
      "pid": "50",
      "position": {
        "x": "1750",
        "y": "2275"
      },
      "tags": [
        "t:h"
      ]
    },
    {
      "text": "<i>Диалог окончен. Вы можете вернуться на главный экран.</i>",
      "name": "Диалог окончен. Вы можете вернуться на главный экран.",
      "pid": "51",
      "position": {
        "x": "1975",
        "y": "3050"
      },
      "tags": [
        "t:p",
        "unlockPerson:9",
        "set:psychologistFinished:1"
      ]
    },
    {
      "text": "— ... Три года работал в областной газете, консультировал читателей. Закончил государственный университет по специальности психолог. Здесь только неделю.\n---\n[[— Мне кажется, у вас почти нет никакого опыта работы с ЛГБТ.]]",
      "links": [
        {
          "name": "— Мне кажется, у вас почти нет никакого опыта работы с ЛГБТ.",
          "link": "— Мне кажется, у вас почти нет никакого опыта работы с ЛГБТ.",
          "pid": "53"
        }
      ],
      "name": "— ... Три года работал в областной газете, консультировал читателей. Закончил государственный университет по специальности психолог. Здесь только неделю.",
      "pid": "52",
      "position": {
        "x": "1575",
        "y": "1900"
      },
      "tags": [
        "t:p"
      ]
    },
    {
      "text": "— Мне кажется, у вас нет никакого опыта работы с ЛГБТ.\n---\n[[— У меня в практике уже были случаи исцеления от гомосексуализма. Один родственник по материнской линии с моей помощью стал полностью гетеросексуальным.]]",
      "links": [
        {
          "name": "— У меня в практике уже были случаи исцеления от гомосексуализма. Один родственник по материнской линии с моей помощью стал полностью гетеросексуальным.",
          "link": "— У меня в практике уже были случаи исцеления от гомосексуализма. Один родственник по материнской линии с моей помощью стал полностью гетеросексуальным.",
          "pid": "54"
        }
      ],
      "name": "— Мне кажется, у вас почти нет никакого опыта работы с ЛГБТ.",
      "pid": "53",
      "position": {
        "x": "1575",
        "y": "2050"
      },
      "tags": [
        "t:h"
      ]
    },
    {
      "text": "— У меня в практике уже были случаи исцеления от гомосексуализма. Один родственник по материнской линии с моей помощью стал полностью гетеросексуальным.\n---\n[[— Гомосексуальность — не болезнь, чтобы от неё нужно было лечиться.]]\n[[— Не верю, что был какой-то случай исцеления. И в целом не доверяю вам как специалисту.]]\n[[— Я лучше пойду. Лекция скоро. Спасибо.]]",
      "links": [
        {
          "name": "— Гомосексуальность — не болезнь, чтобы от неё нужно было лечиться.",
          "link": "— Гомосексуальность — не болезнь, чтобы от неё нужно было лечиться.",
          "pid": "55"
        },
        {
          "name": "— Не верю, что был какой-то случай исцеления. И в целом не доверяю вам как специалисту.",
          "link": "— Не верю, что был какой-то случай исцеления. И в целом не доверяю вам как специалисту.",
          "pid": "56"
        },
        {
          "name": "— Я лучше пойду. Лекция скоро. Спасибо.",
          "link": "— Я лучше пойду. Лекция скоро. Спасибо.",
          "pid": "50"
        }
      ],
      "name": "— У меня в практике уже были случаи исцеления от гомосексуализма. Один родственник по материнской линии с моей помощью стал полностью гетеросексуальным.",
      "pid": "54",
      "position": {
        "x": "1575",
        "y": "2225"
      },
      "tags": [
        "t:p"
      ]
    },
    {
      "text": "— Гомосексуальность — не болезнь, чтобы от неё нужно было лечиться.\n---\n[[— Спорный вопрос... У вас же явные переживания по поводу вашей особенности. И речь также может идти про расстройство личности в вашем случае.]]",
      "links": [
        {
          "name": "— Спорный вопрос... У вас же явные переживания по поводу вашей особенности. И речь также может идти про расстройство личности в вашем случае.",
          "link": "— Спорный вопрос... У вас же явные переживания по поводу вашей особенности. И речь также может идти про расстройство личности в вашем случае.",
          "pid": "29"
        }
      ],
      "name": "— Гомосексуальность — не болезнь, чтобы от неё нужно было лечиться.",
      "pid": "55",
      "position": {
        "x": "1600",
        "y": "2400"
      },
      "tags": [
        "t:h"
      ]
    },
    {
      "text": "— Не верю, что был какой-то случай исцеления. И в целом не доверяю вам как специалисту.\n---\n[[— ... Ваше время вышло, к сожалению. Приходите ещё в другой день.]]",
      "links": [
        {
          "name": "— ... Ваше время вышло, к сожалению. Приходите ещё в другой день.",
          "link": "— ... Ваше время вышло, к сожалению. Приходите ещё в другой день.",
          "pid": "41"
        }
      ],
      "name": "— Не верю, что был какой-то случай исцеления. И в целом не доверяю вам как специалисту.",
      "pid": "56",
      "position": {
        "x": "1425",
        "y": "2400"
      },
      "tags": [
        "t:h"
      ]
    },
    {
      "text": "— ...\n---\n[[— После такого психолога мне нужен другой психолог.]]",
      "links": [
        {
          "name": "— После такого психолога мне нужен другой психолог.",
          "link": "— После такого психолога мне нужен другой психолог.",
          "pid": "58"
        }
      ],
      "name": "...",
      "pid": "57",
      "position": {
        "x": "1925",
        "y": "2525"
      },
      "tags": [
        "setReaction:psychologist-man-distracted",
        "t:p",
        "showThing:rorschach-stain",
        "set:psychologist-man-item:1"
      ]
    },
    {
      "text": "— После такого психолога мне нужен другой психолог.\n---\n[[Вы вряд ли попадёте к психологу, который так настойчиво будет навязывать своё мнение. Но часть специалистов считают, что гомосексуальность можно вылечить. В то же время согласно десятого пересмотра Международной статистической классификации болезней и проблем связанных со здоровьем (МКБ 10) гомосексуальность не считается болезнью. МКБ 10 признана и используется в постсоветских странах многие годы. А согласно МКБ 11 и трансгендерность с 2018 года больше не считается болезнью.]]",
      "links": [
        {
          "name": "Вы вряд ли попадёте к психологу, который так настойчиво будет навязывать своё мнение. Но часть специалистов считают, что гомосексуальность можно вылечить. В то же время согласно десятого пересмотра Международной статистической классификации болезней и проблем связанных со здоровьем (МКБ 10) гомосексуальность не считается болезнью. МКБ 10 признана и используется в постсоветских странах многие годы. А согласно МКБ 11 и трансгендерность с 2018 года больше не считается болезнью.",
          "link": "Вы вряд ли попадёте к психологу, который так настойчиво будет навязывать своё мнение. Но часть специалистов считают, что гомосексуальность можно вылечить. В то же время согласно десятого пересмотра Международной статистической классификации болезней и проблем связанных со здоровьем (МКБ 10) гомосексуальность не считается болезнью. МКБ 10 признана и используется в постсоветских странах многие годы. А согласно МКБ 11 и трансгендерность с 2018 года больше не считается болезнью.",
          "pid": "42"
        }
      ],
      "name": "— После такого психолога мне нужен другой психолог.",
      "pid": "58",
      "position": {
        "x": "1625",
        "y": "2875"
      },
      "tags": [
        "t:h"
      ]
    },
    {
      "text": "<i>Вы выходите из здания, настроение никакое. Чётко понимаете, что к такому «специалисту» вы больше не вернётесь. От грустных мыслей вас отвлёкло звуковое оповещение на телефоне от приложения для знакомств.</i>\n---\n[[Диалог окончен. Вы можете вернуться на главный экран.]]",
      "links": [
        {
          "name": "Диалог окончен. Вы можете вернуться на главный экран.",
          "link": "Диалог окончен. Вы можете вернуться на главный экран.",
          "pid": "51"
        }
      ],
      "name": "Вы выходите из здания, настроение никакое. Чётко понимаете, что к такому \"специалисту\" вы больше не вернётесь. От грустных мыслей вас отвлёкло звуковое оповещение на телефоне от приложения для знакомств.",
      "pid": "59",
      "position": {
        "x": "1800",
        "y": "3050"
      },
      "tags": [
        "t:p",
        "delay:5000"
      ]
    },
    {
      "text": "h.jpg\n---\n[[На столе стояла немытая кружка из под кофе, в помещении пахло сигаретным дымом. Психолог стоял к вам спиной, смотрел в окно и, видимо, о чём-то думал.]]",
      "links": [
        {
          "name": "На столе стояла немытая кружка из под кофе, в помещении пахло сигаретным дымом. Психолог стоял к вам спиной, смотрел в окно и, видимо, о чём-то думал.",
          "link": "На столе стояла немытая кружка из под кофе, в помещении пахло сигаретным дымом. Психолог стоял к вам спиной, смотрел в окно и, видимо, о чём-то думал.",
          "pid": "4"
        }
      ],
      "name": "Картинка вырезки",
      "pid": "60",
      "position": {
        "x": "550",
        "y": "25"
      },
      "tags": [
        "t:imgp"
      ]
    },
    {
      "text": "g.jpg\n---\n[[— Никогда не был у подобного специалиста. Немного волнуюсь. Прежде хочу сказать, что я отношу себя к ЛГБТ и мои вопросы будут связаны с этим.]]",
      "links": [
        {
          "name": "— Никогда не был у подобного специалиста. Немного волнуюсь. Прежде хочу сказать, что я отношу себя к ЛГБТ и мои вопросы будут связаны с этим.",
          "link": "— Никогда не был у подобного специалиста. Немного волнуюсь. Прежде хочу сказать, что я отношу себя к ЛГБТ и мои вопросы будут связаны с этим.",
          "pid": "16"
        }
      ],
      "name": "Картинка часы",
      "pid": "61",
      "position": {
        "x": "1775",
        "y": "25"
      },
      "tags": [
        "t:imgp"
      ]
    }
  ],
  "name": "Психолог Short",
  "startnode": "1",
  "creator": "Twine",
  "creator-version": "2.3.13",
  "ifid": "B5D4C838-AA7C-4246-A360-35B3C29764EF"
}