{
  "passages": [
    {
      "text": "<i>Возвращаясь в общагу через парк вы заметили на скамейке молодого человека, свернувшегося калачиком и дрожащего от холода. Вы подошли проверить, в порядке ли парень.</i>\n---\n[[— Ты чего лежишь на скамейке? Холодно же!]]",
      "links": [
        {
          "name": "— Ты чего лежишь на скамейке? Холодно же!",
          "link": "— Ты чего лежишь на скамейке? Холодно же!",
          "pid": "2"
        }
      ],
      "name": "Несовершеннолетний",
      "pid": "1",
      "position": {
        "x": "50",
        "y": "450"
      },
      "tags": [
        "t:sp"
      ]
    },
    {
      "text": "— Ты чего лежишь на скамейке? Холодно же!\n---\n[[— Здравствуй... те. Чхи. Может, у вас платок есть или салфетка?]]\n",
      "links": [
        {
          "name": "— Здравствуй... те. Чхи. Может, у вас платок есть или салфетка?",
          "link": "— Здравствуй... те. Чхи. Может, у вас платок есть или салфетка?",
          "pid": "3"
        }
      ],
      "name": "— Ты чего лежишь на скамейке? Холодно же!",
      "pid": "2",
      "position": {
        "x": "225",
        "y": "450"
      },
      "tags": [
        "t:h"
      ]
    },
    {
      "text": "— Здравствуй... те. Чхи. Может, у вас платок есть или салфетка?\n---\n[[— Вот, держи.]]\n[[— Извини, нету.]]",
      "links": [
        {
          "name": "— Вот, держи.",
          "link": "— Вот, держи.",
          "pid": "4"
        },
        {
          "name": "— Извини, нету.",
          "link": "— Извини, нету.",
          "pid": "5"
        }
      ],
      "name": "— Здравствуй... те. Чхи. Может, у вас платок есть или салфетка?",
      "pid": "3",
      "position": {
        "x": "400",
        "y": "450"
      },
      "tags": [
        "t:p"
      ]
    },
    {
      "text": "— Вот, держи.\n---\n[[— Спасибо.]]",
      "links": [
        {
          "name": "— Спасибо.",
          "link": "— Спасибо.",
          "pid": "6"
        }
      ],
      "name": "— Вот, держи.",
      "pid": "4",
      "position": {
        "x": "575",
        "y": "450"
      },
      "tags": [
        "t:h"
      ]
    },
    {
      "text": "— Извини, нету.\n---\n[[— Ничего. Вытрусь рукавом.]]",
      "links": [
        {
          "name": "— Ничего. Вытрусь рукавом.",
          "link": "— Ничего. Вытрусь рукавом.",
          "pid": "7"
        }
      ],
      "name": "— Извини, нету.",
      "pid": "5",
      "position": {
        "x": "554",
        "y": "600"
      },
      "tags": [
        "t:h"
      ]
    },
    {
      "text": "— Спасибо.\n---\n[[— Меня кстати Арчи зовут. Арчи Замерзающий.]]",
      "links": [
        {
          "name": "— Меня кстати Арчи зовут. Арчи Замерзающий.",
          "link": "— Меня кстати Арчи зовут. Арчи Замерзающий.",
          "pid": "97"
        }
      ],
      "name": "— Спасибо.",
      "pid": "6",
      "position": {
        "x": "750",
        "y": "450"
      },
      "tags": [
        "t:p"
      ]
    },
    {
      "text": "— Ничего. Вытрусь рукавом.\n---\n[[— Меня кстати Арчи зовут. Арчи Замерзающий.]]",
      "links": [
        {
          "name": "— Меня кстати Арчи зовут. Арчи Замерзающий.",
          "link": "— Меня кстати Арчи зовут. Арчи Замерзающий.",
          "pid": "97"
        }
      ],
      "name": "— Ничего. Вытрусь рукавом.",
      "pid": "7",
      "position": {
        "x": "725",
        "y": "600"
      },
      "tags": [
        "t:p"
      ]
    },
    {
      "text": "— Что ты здесь делаешь?\n---\n[[— Наслаждаюсь тихим вечером. А ты как думаешь?]]",
      "links": [
        {
          "name": "— Наслаждаюсь тихим вечером. А ты как думаешь?",
          "link": "— Наслаждаюсь тихим вечером. А ты как думаешь?",
          "pid": "9"
        }
      ],
      "name": "— Что ты здесь делаешь?",
      "pid": "8",
      "position": {
        "x": "1100",
        "y": "450"
      },
      "tags": [
        "t:h"
      ]
    },
    {
      "text": "— Наслаждаюсь тихим вечером. А ты как думаешь?\n---\n[[— Вполне логичное объяснение! Как я сразу не догадался!]]\n[[— Я же вижу. У тебя глаза зарёванные!]]",
      "links": [
        {
          "name": "— Вполне логичное объяснение! Как я сразу не догадался!",
          "link": "— Вполне логичное объяснение! Как я сразу не догадался!",
          "pid": "10"
        },
        {
          "name": "— Я же вижу. У тебя глаза зарёванные!",
          "link": "— Я же вижу. У тебя глаза зарёванные!",
          "pid": "11"
        }
      ],
      "name": "— Наслаждаюсь тихим вечером. А ты как думаешь?",
      "pid": "9",
      "position": {
        "x": "1275",
        "y": "450"
      },
      "tags": [
        "t:p"
      ]
    },
    {
      "text": "— Вполне логичное объяснение! Как я сразу не догадался!\n---\n[[— ...Не смейся надо мной.]]",
      "links": [
        {
          "name": "— ...Не смейся надо мной.",
          "link": "— ...Не смейся надо мной.",
          "pid": "12"
        }
      ],
      "name": "— Вполне логичное объяснение! Как я сразу не догадался!",
      "pid": "10",
      "position": {
        "x": "1450",
        "y": "450"
      },
      "tags": [
        "t:h"
      ]
    },
    {
      "text": "— Я же вижу. У тебя глаза зарёванные!\n---\n[[— Есть такое. А синяки, наверное, завтра проступят.]]",
      "links": [
        {
          "name": "— Есть такое. А синяки, наверное, завтра проступят.",
          "link": "— Есть такое. А синяки, наверное, завтра проступят.",
          "pid": "13"
        }
      ],
      "name": "— Я же вижу. У тебя глаза зарёванные!",
      "pid": "11",
      "position": {
        "x": "1200",
        "y": "1000"
      },
      "tags": [
        "t:h"
      ]
    },
    {
      "text": "— ...Не смейся надо мной.\n---\n[[— Не смеюсь. Пытаюсь быть вежливым.]]",
      "links": [
        {
          "name": "— Не смеюсь. Пытаюсь быть вежливым.",
          "link": "— Не смеюсь. Пытаюсь быть вежливым.",
          "pid": "15"
        }
      ],
      "name": "— ...Не смейся надо мной.",
      "pid": "12",
      "position": {
        "x": "1625",
        "y": "450"
      },
      "tags": [
        "t:p"
      ]
    },
    {
      "text": "— Есть такое. А синяки, наверное, завтра проступят.\n---\n[[— Говори правду. Сарказм тебе не поможет.]]",
      "links": [
        {
          "name": "— Говори правду. Сарказм тебе не поможет.",
          "link": "— Говори правду. Сарказм тебе не поможет.",
          "pid": "14"
        }
      ],
      "name": "— Есть такое. А синяки, наверное, завтра проступят.",
      "pid": "13",
      "position": {
        "x": "1350",
        "y": "1175"
      },
      "tags": [
        "t:p"
      ]
    },
    {
      "text": "— Говори правду. Сарказм тебе не поможет.\n---\n[[— Трудно догадаться что ли? Меня избили и я теперь на улице. В голове ничего не кликает?]]",
      "links": [
        {
          "name": "— Трудно догадаться что ли? Меня избили и я теперь на улице. В голове ничего не кликает?",
          "link": "— Трудно догадаться что ли? Меня избили и я теперь на улице. В голове ничего не кликает?",
          "pid": "17"
        }
      ],
      "name": "— Говори правду. Сарказм тебе не поможет.",
      "pid": "14",
      "position": {
        "x": "1500",
        "y": "1325"
      },
      "tags": [
        "t:h"
      ]
    },
    {
      "text": "— Не смеюсь. Пытаюсь быть вежливым.\n---\n[[— Окей, ладно. А можно прежде попросить тебя об услуге? Пожалуйста.]]",
      "links": [
        {
          "name": "— Окей, ладно. А можно прежде попросить тебя об услуге? Пожалуйста.",
          "link": "— Окей, ладно. А можно прежде попросить тебя об услуге? Пожалуйста.",
          "pid": "16"
        }
      ],
      "name": "— Не смеюсь. Пытаюсь быть вежливым.",
      "pid": "15",
      "position": {
        "x": "1800",
        "y": "450"
      },
      "tags": [
        "t:h"
      ]
    },
    {
      "text": "— Окей, ладно. А можно прежде попросить тебя об услуге? Пожалуйста.\n---\n[[— Проси — посмотрим.]]\n[[— Мне не очень интересны твои проблемы. Своих хватает.]]\n[[— Тебе чем помочь?]]",
      "links": [
        {
          "name": "— Проси — посмотрим.",
          "link": "— Проси — посмотрим.",
          "pid": "18"
        },
        {
          "name": "— Мне не очень интересны твои проблемы. Своих хватает.",
          "link": "— Мне не очень интересны твои проблемы. Своих хватает.",
          "pid": "19"
        },
        {
          "name": "— Тебе чем помочь?",
          "link": "— Тебе чем помочь?",
          "pid": "20"
        }
      ],
      "name": "— Окей, ладно. А можно прежде попросить тебя об услуге? Пожалуйста.",
      "pid": "16",
      "position": {
        "x": "1975",
        "y": "450"
      },
      "tags": [
        "t:p"
      ]
    },
    {
      "text": "— Трудно догадаться что ли? Меня избили и я теперь на улице. В голове ничего не кликает?\n---\n[[— Родители?]]\n[[— Можешь сказать прямо?]]",
      "links": [
        {
          "name": "— Родители?",
          "link": "— Родители?",
          "pid": "21"
        },
        {
          "name": "— Можешь сказать прямо?",
          "link": "— Можешь сказать прямо?",
          "pid": "22"
        }
      ],
      "name": "— Трудно догадаться что ли? Меня избили и я теперь на улице. В голове ничего не кликает?",
      "pid": "17",
      "position": {
        "x": "1725",
        "y": "1475"
      },
      "tags": [
        "t:p"
      ]
    },
    {
      "text": "— Проси — посмотрим.\n---\n[[— Можно к вам... тебе переночевать?]]",
      "links": [
        {
          "name": "— Можно к вам... тебе переночевать?",
          "link": "— Можно к вам... тебе переночевать?",
          "pid": "23"
        }
      ],
      "name": "— Проси — посмотрим.",
      "pid": "18",
      "position": {
        "x": "2150",
        "y": "450"
      },
      "tags": [
        "t:h"
      ]
    },
    {
      "text": "— Мне не очень интересны твои проблемы. Своих хватает.\n---\n[[— Оставишь меня? Зачем подходил тогда?]]",
      "links": [
        {
          "name": "— Оставишь меня? Зачем подходил тогда?",
          "link": "— Оставишь меня? Зачем подходил тогда?",
          "pid": "24"
        }
      ],
      "name": "— Мне не очень интересны твои проблемы. Своих хватает.",
      "pid": "19",
      "position": {
        "x": "2021",
        "y": "646"
      },
      "tags": [
        "t:h"
      ]
    },
    {
      "text": "— Тебе чем помочь?\n---\n[[— Да! Пожалуйста!]]",
      "links": [
        {
          "name": "— Да! Пожалуйста!",
          "link": "— Да! Пожалуйста!",
          "pid": "25"
        }
      ],
      "name": "— Тебе чем помочь?",
      "pid": "20",
      "position": {
        "x": "1900",
        "y": "975"
      },
      "tags": [
        "t:h"
      ]
    },
    {
      "text": "— Родители?\n---\n[[— Мама.]]",
      "links": [
        {
          "name": "— Мама.",
          "link": "— Мама.",
          "pid": "26"
        }
      ],
      "name": "— Родители?",
      "pid": "21",
      "position": {
        "x": "1900",
        "y": "1525"
      },
      "tags": [
        "t:h"
      ]
    },
    {
      "text": "— Можешь сказать прямо?\n---\n[[— Переночевать пустишь?]]",
      "links": [
        {
          "name": "— Переночевать пустишь?",
          "link": "— Переночевать пустишь?",
          "pid": "93"
        }
      ],
      "name": "— Можешь сказать прямо?",
      "pid": "22",
      "position": {
        "x": "2025",
        "y": "2025"
      },
      "tags": [
        "t:h"
      ]
    },
    {
      "text": "— Можно к вам... тебе переночевать?\n---\n[[— Нет. Извини.]]\n[[— Окей.]]",
      "links": [
        {
          "name": "— Нет. Извини.",
          "link": "— Нет. Извини.",
          "pid": "27"
        },
        {
          "name": "— Окей.",
          "link": "— Окей.",
          "pid": "28"
        }
      ],
      "name": "— Можно к вам... тебе переночевать?",
      "pid": "23",
      "position": {
        "x": "2325",
        "y": "450"
      },
      "tags": [
        "t:p"
      ]
    },
    {
      "text": "— Оставишь меня? Зачем подходил тогда?\n---\n[[— Смотрел, не умер ли или не нужна ли скорая помощь. Могу вызвать ментов.]]\n",
      "links": [
        {
          "name": "— Смотрел, не умер ли или не нужна ли скорая помощь. Могу вызвать ментов.",
          "link": "— Смотрел, не умер ли или не нужна ли скорая помощь. Могу вызвать ментов.",
          "pid": "29"
        }
      ],
      "name": "— Оставишь меня? Зачем подходил тогда?",
      "pid": "24",
      "position": {
        "x": "2175",
        "y": "725"
      },
      "tags": [
        "t:p"
      ]
    },
    {
      "text": "— Да! Пожалуйста!\n---\n[[— И как тебе помочь?]]",
      "links": [
        {
          "name": "— И как тебе помочь?",
          "link": "— И как тебе помочь?",
          "pid": "30"
        }
      ],
      "name": "— Да! Пожалуйста!",
      "pid": "25",
      "position": {
        "x": "2075",
        "y": "1075"
      },
      "tags": [
        "t:p"
      ]
    },
    {
      "text": "— Мама.\n---\n[[— Какой ужас! Сочувствую.]]\n[[— Понятно. Стандарт.]]",
      "links": [
        {
          "name": "— Какой ужас! Сочувствую.",
          "link": "— Какой ужас! Сочувствую.",
          "pid": "31"
        },
        {
          "name": "— Понятно. Стандарт.",
          "link": "— Понятно. Стандарт.",
          "pid": "32"
        }
      ],
      "name": "— Мама.",
      "pid": "26",
      "position": {
        "x": "2075",
        "y": "1525"
      },
      "tags": [
        "t:p"
      ]
    },
    {
      "text": "— Нет. Извини.\n---\n[[— Прошу, пусти переночевать! Только поспать! Не буду приставать с разговорами, обещаю. И я не вор. Помогу с уборкой или деньгами заплачу за ночевку. Потом. Через время.]]",
      "links": [
        {
          "name": "— Прошу, пусти переночевать! Только поспать! Не буду приставать с разговорами, обещаю. И я не вор. Помогу с уборкой или деньгами заплачу за ночевку. Потом. Через время.",
          "link": "— Прошу, пусти переночевать! Только поспать! Не буду приставать с разговорами, обещаю. И я не вор. Помогу с уборкой или деньгами заплачу за ночевку. Потом. Через время.",
          "pid": "33"
        }
      ],
      "name": "— Нет. Извини.",
      "pid": "27",
      "position": {
        "x": "2500",
        "y": "450"
      },
      "tags": [
        "t:h"
      ]
    },
    {
      "text": "— Окей.\n---\n[[— Можем пойти к тебе прямо сейчас? Так холодно!]]",
      "links": [
        {
          "name": "— Можем пойти к тебе прямо сейчас? Так холодно!",
          "link": "— Можем пойти к тебе прямо сейчас? Так холодно!",
          "pid": "34"
        }
      ],
      "name": "— Окей.",
      "pid": "28",
      "position": {
        "x": "2475",
        "y": "600"
      },
      "tags": [
        "t:h"
      ]
    },
    {
      "text": "— Смотрел, не умер ли или не нужна ли скорая помощь. Могу вызвать ментов.\n---\n[[— Прошу тебя, не нужно никуда звонить! Не хочу в интернат или куда они меня могут запереть. Мать перебесится и я вернусь домой. Она и не будет через пару дней помнить о случившемся. Не впервой.]]",
      "links": [
        {
          "name": "— Прошу тебя, не нужно никуда звонить! Не хочу в интернат или куда они меня могут запереть. Мать перебесится и я вернусь домой. Она и не будет через пару дней помнить о случившемся. Не впервой.",
          "link": "— Прошу тебя, не нужно никуда звонить! Не хочу в интернат или куда они меня могут запереть. Мать перебесится и я вернусь домой. Она и не будет через пару дней помнить о случившемся. Не впервой.",
          "pid": "35"
        }
      ],
      "name": "— Смотрел, не умер ли или не нужна ли скорая помощь. Могу вызвать ментов.",
      "pid": "29",
      "position": {
        "x": "2350",
        "y": "775"
      },
      "tags": [
        "t:h"
      ]
    },
    {
      "text": "— И как тебе помочь?\n---\n[[— Я замерзаю. Думал, смогу переночевать у подруги, но у нее родители вернулись. Прошу, пусти к себе! Только поспать. Не буду приставать с разговорами. Обещаю, ничего не украду и не помешаю.]]",
      "links": [
        {
          "name": "— Я замерзаю. Думал, смогу переночевать у подруги, но у нее родители вернулись. Прошу, пусти к себе! Только поспать. Не буду приставать с разговорами. Обещаю, ничего не украду и не помешаю.",
          "link": "— Я замерзаю. Думал, смогу переночевать у подруги, но у нее родители вернулись. Прошу, пусти к себе! Только поспать. Не буду приставать с разговорами. Обещаю, ничего не украду и не помешаю.",
          "pid": "36"
        }
      ],
      "name": "— И как тебе помочь?",
      "pid": "30",
      "position": {
        "x": "2275",
        "y": "1125"
      },
      "tags": [
        "t:h"
      ]
    },
    {
      "text": "— Какой ужас! Сочувствую.\n---\n[[— Можешь пустить переночевать?]]",
      "links": [
        {
          "name": "— Можешь пустить переночевать?",
          "link": "— Можешь пустить переночевать?",
          "pid": "38"
        }
      ],
      "name": "— Какой ужас! Сочувствую.",
      "pid": "31",
      "position": {
        "x": "2225",
        "y": "1675"
      },
      "tags": [
        "t:h"
      ]
    },
    {
      "text": "— Понятно. Стандарт.\n---\n[[— Спасибо. А можно напроситься переночевать?]]",
      "links": [
        {
          "name": "— Спасибо. А можно напроситься переночевать?",
          "link": "— Спасибо. А можно напроситься переночевать?",
          "pid": "37"
        }
      ],
      "name": "— Понятно. Стандарт.",
      "pid": "32",
      "position": {
        "x": "2250",
        "y": "1525"
      },
      "tags": [
        "t:h"
      ]
    },
    {
      "text": "— Прошу, пусти переночевать! Только поспать! Не буду приставать с разговорами, обещаю. И я не вор. Помогу с уборкой или деньгами заплачу за ночевку. Потом. Через время.\n---\n[[— Мне правда нет дела до твоих проблем.]]\n[[— Не получится. Живу в общаге. Нам студентам запрещено приводить людей на ночь. Мне будет выговор или того хуже.]]\n[[— Хорошо. Живу здесь недалеко в общаге. Пущу тебя через окно. Ты же понимаешь про комендантский час?]]",
      "links": [
        {
          "name": "— Мне правда нет дела до твоих проблем.",
          "link": "— Мне правда нет дела до твоих проблем.",
          "pid": "39"
        },
        {
          "name": "— Не получится. Живу в общаге. Нам студентам запрещено приводить людей на ночь. Мне будет выговор или того хуже.",
          "link": "— Не получится. Живу в общаге. Нам студентам запрещено приводить людей на ночь. Мне будет выговор или того хуже.",
          "pid": "40"
        },
        {
          "name": "— Хорошо. Живу здесь недалеко в общаге. Пущу тебя через окно. Ты же понимаешь про комендантский час?",
          "link": "— Хорошо. Живу здесь недалеко в общаге. Пущу тебя через окно. Ты же понимаешь про комендантский час?",
          "pid": "41"
        }
      ],
      "name": "— Прошу, пусти переночевать! Только поспать! Не буду приставать с разговорами, обещаю. И я не вор. Помогу с уборкой или деньгами заплачу за ночевку. Потом. Через время.",
      "pid": "33",
      "position": {
        "x": "2875",
        "y": "450"
      },
      "tags": [
        "t:p",
        "setReaction:teenager-crying"
      ]
    },
    {
      "text": "— Можем пойти к тебе прямо сейчас? Так холодно!\n---\n[[— Хорошо. Живу здесь недалеко в общаге. Пущу тебя через окно. Ты же понимаешь про комендантский час?]]",
      "links": [
        {
          "name": "— Хорошо. Живу здесь недалеко в общаге. Пущу тебя через окно. Ты же понимаешь про комендантский час?",
          "link": "— Хорошо. Живу здесь недалеко в общаге. Пущу тебя через окно. Ты же понимаешь про комендантский час?",
          "pid": "41"
        }
      ],
      "name": "— Можем пойти к тебе прямо сейчас? Так холодно!",
      "pid": "34",
      "position": {
        "x": "2825",
        "y": "675"
      },
      "tags": [
        "t:p"
      ]
    },
    {
      "text": "— Прошу тебя, не нужно никуда звонить! Не хочу в интернат или куда они меня могут запереть. Мать перебесится и я вернусь домой. Она и не будет через пару дней помнить о случившемся. Не впервой.\n---\n[[— Хорошо.]]",
      "links": [
        {
          "name": "— Хорошо.",
          "link": "— Хорошо.",
          "pid": "94"
        }
      ],
      "name": "— Прошу тебя, не нужно никуда звонить! Не хочу в интернат или куда они меня могут запереть. Мать перебесится и я вернусь домой. Она и не будет через пару дней помнить о случившемся. Не впервой.",
      "pid": "35",
      "position": {
        "x": "2525",
        "y": "825"
      },
      "tags": [
        "t:p"
      ]
    },
    {
      "text": "— Я замерзаю. Думал, смогу переночевать у подруги, но у нее родители вернулись. Прошу, пусти к себе! Только поспать. Не буду приставать с разговорами. Обещаю, ничего не украду и не помешаю.\n---\n[[— Не получится. Живу в общаге. Нам студентам запрещено приводить людей на ночь. Мне будет выговор или того хуже.]]\n[[— Хорошо. Живу здесь недалеко в общаге. Пущу тебя через окно. Ты же понимаешь про комендантский час?]]\n",
      "links": [
        {
          "name": "— Не получится. Живу в общаге. Нам студентам запрещено приводить людей на ночь. Мне будет выговор или того хуже.",
          "link": "— Не получится. Живу в общаге. Нам студентам запрещено приводить людей на ночь. Мне будет выговор или того хуже.",
          "pid": "40"
        },
        {
          "name": "— Хорошо. Живу здесь недалеко в общаге. Пущу тебя через окно. Ты же понимаешь про комендантский час?",
          "link": "— Хорошо. Живу здесь недалеко в общаге. Пущу тебя через окно. Ты же понимаешь про комендантский час?",
          "pid": "41"
        }
      ],
      "name": "— Я замерзаю. Думал, смогу переночевать у подруги, но у нее родители вернулись. Прошу, пусти к себе! Только поспать. Не буду приставать с разговорами. Обещаю, ничего не украду и не помешаю.",
      "pid": "36",
      "position": {
        "x": "2475",
        "y": "1175"
      },
      "tags": [
        "t:p",
        "setReaction:teenager-crying"
      ]
    },
    {
      "text": "— Спасибо. А можно напроситься переночевать?\n---\n[[— Мне правда нет дела до твоих проблем.]]\n[[— Не получится. Живу в общаге. Нам студентам запрещено приводить людей на ночь. Мне будет выговор или того хуже.]]\n[[— Хорошо. Живу здесь недалеко в общаге. Пущу тебя через окно. Ты же понимаешь про комендантский час?]]",
      "links": [
        {
          "name": "— Мне правда нет дела до твоих проблем.",
          "link": "— Мне правда нет дела до твоих проблем.",
          "pid": "39"
        },
        {
          "name": "— Не получится. Живу в общаге. Нам студентам запрещено приводить людей на ночь. Мне будет выговор или того хуже.",
          "link": "— Не получится. Живу в общаге. Нам студентам запрещено приводить людей на ночь. Мне будет выговор или того хуже.",
          "pid": "40"
        },
        {
          "name": "— Хорошо. Живу здесь недалеко в общаге. Пущу тебя через окно. Ты же понимаешь про комендантский час?",
          "link": "— Хорошо. Живу здесь недалеко в общаге. Пущу тебя через окно. Ты же понимаешь про комендантский час?",
          "pid": "41"
        }
      ],
      "name": "— Спасибо. А можно напроситься переночевать?",
      "pid": "37",
      "position": {
        "x": "2425",
        "y": "1525"
      },
      "tags": [
        "t:p"
      ]
    },
    {
      "text": "— Можешь пустить переночевать?\n---\n[[— Не получится. Живу в общаге. Нам студентам запрещено приводить людей на ночь. Мне будет выговор или того хуже.]]\n[[— Хорошо. Живу здесь недалеко в общаге. Пущу тебя через окно. Ты же понимаешь про комендантский час?]]",
      "links": [
        {
          "name": "— Не получится. Живу в общаге. Нам студентам запрещено приводить людей на ночь. Мне будет выговор или того хуже.",
          "link": "— Не получится. Живу в общаге. Нам студентам запрещено приводить людей на ночь. Мне будет выговор или того хуже.",
          "pid": "40"
        },
        {
          "name": "— Хорошо. Живу здесь недалеко в общаге. Пущу тебя через окно. Ты же понимаешь про комендантский час?",
          "link": "— Хорошо. Живу здесь недалеко в общаге. Пущу тебя через окно. Ты же понимаешь про комендантский час?",
          "pid": "41"
        }
      ],
      "name": "— Можешь пустить переночевать?",
      "pid": "38",
      "position": {
        "x": "2400",
        "y": "1675"
      },
      "tags": [
        "t:p"
      ]
    },
    {
      "text": "— Мне правда нет дела до твоих проблем.\n---\n[[— Ладно. Спасибо, дядя, за остановку на нашей станции Скамеечная. Я-то думал, что свои своих в беде не бросают. Козёл ты! - и парень быстрым шагом пошёл прочь.]]",
      "links": [
        {
          "name": "— Ладно. Спасибо, дядя, за остановку на нашей станции Скамеечная. Я-то думал, что свои своих в беде не бросают. Козёл ты! - и парень быстрым шагом пошёл прочь.",
          "link": "— Ладно. Спасибо, дядя, за остановку на нашей станции Скамеечная. Я-то думал, что свои своих в беде не бросают. Козёл ты! - и парень быстрым шагом пошёл прочь.",
          "pid": "98"
        }
      ],
      "name": "— Мне правда нет дела до твоих проблем.",
      "pid": "39",
      "position": {
        "x": "3321",
        "y": "1100"
      },
      "tags": [
        "t:h"
      ]
    },
    {
      "text": "— Не получится. Живу в общаге. Нам студентам запрещено приводить людей на ночь. Мне будет выговор или того хуже.\n---\n[[— Пожалуйста!]]",
      "links": [
        {
          "name": "— Пожалуйста!",
          "link": "— Пожалуйста!",
          "pid": "42"
        }
      ],
      "name": "— Не получится. Живу в общаге. Нам студентам запрещено приводить людей на ночь. Мне будет выговор или того хуже.",
      "pid": "40",
      "position": {
        "x": "3025",
        "y": "1425"
      },
      "tags": [
        "t:h"
      ]
    },
    {
      "text": "— Хорошо. Живу здесь недалеко в общаге. Пущу тебя через окно. Ты же понимаешь про комендантский час?\n---\n[[— Спасибо!]]",
      "links": [
        {
          "name": "— Спасибо!",
          "link": "— Спасибо!",
          "pid": "88"
        }
      ],
      "name": "— Хорошо. Живу здесь недалеко в общаге. Пущу тебя через окно. Ты же понимаешь про комендантский час?",
      "pid": "41",
      "position": {
        "x": "3300",
        "y": "1900"
      },
      "tags": [
        "t:h"
      ]
    },
    {
      "text": "— Пожалуйста!\n---\n[[— Извини, парень. Я тебе не доверяю. Возвращайся домой или иди в милицию.]]",
      "links": [
        {
          "name": "— Извини, парень. Я тебе не доверяю. Возвращайся домой или иди в милицию.",
          "link": "— Извини, парень. Я тебе не доверяю. Возвращайся домой или иди в милицию.",
          "pid": "89"
        }
      ],
      "name": "— Пожалуйста!",
      "pid": "42",
      "position": {
        "x": "3625",
        "y": "1450"
      },
      "tags": [
        "t:p"
      ]
    },
    {
      "text": "— Я не буду тебе мешать. На полу полежу, главное не на улице.\n---\n[[— На полу не надо. Сосед ночует у подруги, есть свободное спальное место.]]",
      "links": [
        {
          "name": "— На полу не надо. Сосед ночует у подруги, есть свободное спальное место.",
          "link": "— На полу не надо. Сосед ночует у подруги, есть свободное спальное место.",
          "pid": "44"
        }
      ],
      "name": "— Я не буду тебе мешать. На полу полежу, главное не на улице.",
      "pid": "43",
      "position": {
        "x": "3950",
        "y": "1800"
      },
      "tags": [
        "t:p"
      ]
    },
    {
      "text": "— На полу не надо. Сосед ночует у подруги, есть свободное спальное место.\n---\n[[— У меня будет кровать?]]",
      "links": [
        {
          "name": "— У меня будет кровать?",
          "link": "— У меня будет кровать?",
          "pid": "45"
        }
      ],
      "name": "— На полу не надо. Сосед ночует у подруги, есть свободное спальное место.",
      "pid": "44",
      "position": {
        "x": "4125",
        "y": "1800"
      },
      "tags": [
        "t:h"
      ]
    },
    {
      "text": "— У меня будет кровать?\n---\n[[— Будет. Если обещаешь рассказать, что случилось.]]",
      "links": [
        {
          "name": "— Будет. Если обещаешь рассказать, что случилось.",
          "link": "— Будет. Если обещаешь рассказать, что случилось.",
          "pid": "46"
        }
      ],
      "name": "— У меня будет кровать?",
      "pid": "45",
      "position": {
        "x": "4300",
        "y": "1800"
      },
      "tags": [
        "t:p"
      ]
    },
    {
      "text": "— Будет. Если обещаешь рассказать, что случилось.\n---\n[[— Обещаю.]]",
      "links": [
        {
          "name": "— Обещаю.",
          "link": "— Обещаю.",
          "pid": "47"
        }
      ],
      "name": "— Будет. Если обещаешь рассказать, что случилось.",
      "pid": "46",
      "position": {
        "x": "4475",
        "y": "1800"
      },
      "tags": [
        "t:h",
        "showThing:snow-orb",
        "set:underaged-item:1"
      ]
    },
    {
      "text": "— Обещаю.\n---\n[[— Иди за мной. Подведу тебя к нужному окну и там жди меня.]]",
      "links": [
        {
          "name": "— Иди за мной. Подведу тебя к нужному окну и там жди меня.",
          "link": "— Иди за мной. Подведу тебя к нужному окну и там жди меня.",
          "pid": "51"
        }
      ],
      "name": "— Обещаю.",
      "pid": "47",
      "position": {
        "x": "4525",
        "y": "1650"
      },
      "tags": [
        "t:p",
        "setReaction:teenager-main"
      ]
    },
    {
      "text": "— Пожалуйста! Я не вру. Ты, возможно, последний мой шанс не провести ночь на улице.\n---\n[[— Ладно. Только обещай все рассказать.]]\n[[— Нет, пока.]]",
      "links": [
        {
          "name": "— Ладно. Только обещай все рассказать.",
          "link": "— Ладно. Только обещай все рассказать.",
          "pid": "50"
        },
        {
          "name": "— Нет, пока.",
          "link": "— Нет, пока.",
          "pid": "49"
        }
      ],
      "name": "— Пожалуйста! Я не вру. Ты, возможно, последний мой шанс не провести ночь на улице.",
      "pid": "48",
      "position": {
        "x": "4150",
        "y": "1650"
      },
      "tags": [
        "t:p"
      ]
    },
    {
      "text": "— Нет, пока.\n---\n[[— Ладно. Спасибо, дядя, за остановку на нашей станции Скамеечная. Я-то думал, что свои своих в беде не бросают. Козёл ты! - и парень быстрым шагом пошёл прочь.]]",
      "links": [
        {
          "name": "— Ладно. Спасибо, дядя, за остановку на нашей станции Скамеечная. Я-то думал, что свои своих в беде не бросают. Козёл ты! - и парень быстрым шагом пошёл прочь.",
          "link": "— Ладно. Спасибо, дядя, за остановку на нашей станции Скамеечная. Я-то думал, что свои своих в беде не бросают. Козёл ты! - и парень быстрым шагом пошёл прочь.",
          "pid": "98"
        }
      ],
      "name": "— Нет, пока.",
      "pid": "49",
      "position": {
        "x": "4625",
        "y": "1250"
      },
      "tags": [
        "t:h"
      ]
    },
    {
      "text": "— Ладно. Только обещай все рассказать.\n---\n[[— Обещаю.]]",
      "links": [
        {
          "name": "— Обещаю.",
          "link": "— Обещаю.",
          "pid": "47"
        }
      ],
      "name": "— Ладно. Только обещай все рассказать.",
      "pid": "50",
      "position": {
        "x": "4325",
        "y": "1650"
      },
      "tags": [
        "t:h",
        "showThing:snow-orb",
        "set:underaged-item:1"
      ]
    },
    {
      "text": "— Иди за мной. Подведу тебя к нужному окну и там жди меня.\n---\n[[— Тебе точно не к кому идти? Мы незнакомы и ты готов рискнуть напроситься в гости к неизвестно кому?]]",
      "links": [
        {
          "name": "— Тебе точно не к кому идти? Мы незнакомы и ты готов рискнуть напроситься в гости к неизвестно кому?",
          "link": "— Тебе точно не к кому идти? Мы незнакомы и ты готов рискнуть напроситься в гости к неизвестно кому?",
          "pid": "52"
        }
      ],
      "name": "— Иди за мной. Подведу тебя к нужному окну и там жди меня.",
      "pid": "51",
      "position": {
        "x": "4744",
        "y": "1650"
      },
      "tags": [
        "t:h",
        "startVideo:teenager1"
      ]
    },
    {
      "text": "— Тебе точно не к кому идти? Мы незнакомы и ты готов рискнуть напроситься в гости к неизвестно кому?\n---\n[[— У меня нет больше родственников в этом городе и друзья без своего жилья.]]",
      "links": [
        {
          "name": "— У меня нет больше родственников в этом городе и друзья без своего жилья.",
          "link": "— У меня нет больше родственников в этом городе и друзья без своего жилья.",
          "pid": "90"
        }
      ],
      "name": "— Тебе точно не к кому идти? Мы незнакомы и ты готов рискнуть напроситься в гости к неизвестно кому?",
      "pid": "52",
      "position": {
        "x": "4875",
        "y": "1650"
      },
      "tags": [
        "t:h"
      ]
    },
    {
      "text": "— Что именно случилось? За что тебя выгнали?\n---\n[[— Мама пьёт. Я говорил. На нее находит. И она узнала кое-что обо мне личное и рассвирепела.]]",
      "links": [
        {
          "name": "— Мама пьёт. Я говорил. На нее находит. И она узнала кое-что обо мне личное и рассвирепела.",
          "link": "— Мама пьёт. Я говорил. На нее находит. И она узнала кое-что обо мне личное и рассвирепела.",
          "pid": "54"
        }
      ],
      "name": "— Что именно случилось? За что тебя выгнали?",
      "pid": "53",
      "position": {
        "x": "5225",
        "y": "1650"
      },
      "tags": [
        "t:h"
      ]
    },
    {
      "text": "— Мама пьёт. Я говорил. На нее находит. И она узнала кое-что обо мне личное и рассвирепела.\n---\n[[— Ты совсем ребенком выглядишь при нормальном освещении. Тебе же есть 18?]]",
      "links": [
        {
          "name": "— Ты совсем ребенком выглядишь при нормальном освещении. Тебе же есть 18?",
          "link": "— Ты совсем ребенком выглядишь при нормальном освещении. Тебе же есть 18?",
          "pid": "55"
        }
      ],
      "name": "— Мама пьёт. Я говорил. На нее находит. И она узнала кое-что обо мне личное и рассвирепела.",
      "pid": "54",
      "position": {
        "x": "5400",
        "y": "1650"
      },
      "tags": [
        "t:p"
      ]
    },
    {
      "text": "— Ты совсем ребенком выглядишь при нормальном освещении. Тебе же есть 18?\n---\n[[— Не совсем. Скоро будет.]]",
      "links": [
        {
          "name": "— Не совсем. Скоро будет.",
          "link": "— Не совсем. Скоро будет.",
          "pid": "56"
        }
      ],
      "name": "— Ты совсем ребенком выглядишь при нормальном освещении. Тебе же есть 18?",
      "pid": "55",
      "position": {
        "x": "5575",
        "y": "1650"
      },
      "tags": [
        "t:h"
      ]
    },
    {
      "text": "— Не совсем. Скоро будет.\n---\n[[— А точнее?]]",
      "links": [
        {
          "name": "— А точнее?",
          "link": "— А точнее?",
          "pid": "57"
        }
      ],
      "name": "— Не совсем. Скоро будет.",
      "pid": "56",
      "position": {
        "x": "5750",
        "y": "1650"
      },
      "tags": [
        "t:p"
      ]
    },
    {
      "text": "— А точнее?\n---\n[[— Почти 18.]]",
      "links": [
        {
          "name": "— Почти 18.",
          "link": "— Почти 18.",
          "pid": "58"
        }
      ],
      "name": "— А точнее?",
      "pid": "57",
      "position": {
        "x": "5925",
        "y": "1650"
      },
      "tags": [
        "t:h"
      ]
    },
    {
      "text": "— Почти 18.\n---\n[[— Блин. Надеюсь, тебя не разыскивают.]]\n[[— Блин.]]",
      "links": [
        {
          "name": "— Блин. Надеюсь, тебя не разыскивают.",
          "link": "— Блин. Надеюсь, тебя не разыскивают.",
          "pid": "59"
        },
        {
          "name": "— Блин.",
          "link": "— Блин.",
          "pid": "60"
        }
      ],
      "name": "— Почти 18.",
      "pid": "58",
      "position": {
        "x": "6100",
        "y": "1650"
      },
      "tags": [
        "t:p"
      ]
    },
    {
      "text": "— Блин. Надеюсь, тебя не разыскивают.\n---\n[[— В чем твоя история. Рассказывай.]]",
      "links": [
        {
          "name": "— В чем твоя история. Рассказывай.",
          "link": "— В чем твоя история. Рассказывай.",
          "pid": "61"
        }
      ],
      "name": "— Блин. Надеюсь, тебя не разыскивают.",
      "pid": "59",
      "position": {
        "x": "6275",
        "y": "1650"
      },
      "tags": [
        "t:h"
      ]
    },
    {
      "text": "— Блин.\n---\n[[— В чем твоя история. Рассказывай.]]",
      "links": [
        {
          "name": "— В чем твоя история. Рассказывай.",
          "link": "— В чем твоя история. Рассказывай.",
          "pid": "61"
        }
      ],
      "name": "— Блин.",
      "pid": "60",
      "position": {
        "x": "6275",
        "y": "1525"
      },
      "tags": [
        "t:h"
      ]
    },
    {
      "text": "— В чем твоя история. Рассказывай.\n---\n[[— Одна просьба.]]",
      "links": [
        {
          "name": "— Одна просьба.",
          "link": "— Одна просьба.",
          "pid": "62"
        }
      ],
      "name": "— В чем твоя история. Рассказывай.",
      "pid": "61",
      "position": {
        "x": "6450",
        "y": "1525"
      },
      "tags": [
        "t:h"
      ]
    },
    {
      "text": "— Одна просьба.\n---\n[[— Не выгони меня после рассказа.]]",
      "links": [
        {
          "name": "— Не выгони меня после рассказа.",
          "link": "— Не выгони меня после рассказа.",
          "pid": "63"
        }
      ],
      "name": "— Одна просьба.",
      "pid": "62",
      "position": {
        "x": "6625",
        "y": "1530"
      },
      "tags": [
        "t:p"
      ]
    },
    {
      "text": "— Не выгони меня после рассказа.\n---\n[[— Хорошо. Рассказывай.]]\n[[— Выгоню, только если ты мне врал.]]",
      "links": [
        {
          "name": "— Хорошо. Рассказывай.",
          "link": "— Хорошо. Рассказывай.",
          "pid": "64"
        },
        {
          "name": "— Выгоню, только если ты мне врал.",
          "link": "— Выгоню, только если ты мне врал.",
          "pid": "65"
        }
      ],
      "name": "— Не выгони меня после рассказа.",
      "pid": "63",
      "position": {
        "x": "6800",
        "y": "1525"
      },
      "tags": [
        "t:p"
      ]
    },
    {
      "text": "— Хорошо. Рассказывай.\n---\n[[— Мать меня избила. И не в первый раз. Она постоянно находит причины меня бить. Но сегодня просто взбесилась.]]",
      "links": [
        {
          "name": "— Мать меня избила. И не в первый раз. Она постоянно находит причины меня бить. Но сегодня просто взбесилась.",
          "link": "— Мать меня избила. И не в первый раз. Она постоянно находит причины меня бить. Но сегодня просто взбесилась.",
          "pid": "91"
        }
      ],
      "name": "— Хорошо. Рассказывай.",
      "pid": "64",
      "position": {
        "x": "6975",
        "y": "1525"
      },
      "tags": [
        "t:h"
      ]
    },
    {
      "text": "— Выгоню, только если ты мне врал.\n---\n[[— Мать меня избила. И не в первый раз. Она постоянно находит причины меня бить. Но сегодня просто взбесилась.]]",
      "links": [
        {
          "name": "— Мать меня избила. И не в первый раз. Она постоянно находит причины меня бить. Но сегодня просто взбесилась.",
          "link": "— Мать меня избила. И не в первый раз. Она постоянно находит причины меня бить. Но сегодня просто взбесилась.",
          "pid": "91"
        }
      ],
      "name": "— Выгоню, только если ты мне врал.",
      "pid": "65",
      "position": {
        "x": "6950",
        "y": "1375"
      },
      "tags": [
        "t:h"
      ]
    },
    {
      "text": "— Что произошло?\n---\n[[— Она прочла мою любовную переписку.]]",
      "links": [
        {
          "name": "— Она прочла мою любовную переписку.",
          "link": "— Она прочла мою любовную переписку.",
          "pid": "67"
        }
      ],
      "name": "— Что произошло?",
      "pid": "66",
      "position": {
        "x": "7288",
        "y": "1400"
      },
      "tags": [
        "t:h"
      ]
    },
    {
      "text": "— Она прочла мою любовную переписку.\n---\n[[— Для молодого человека нормально испытывать влечение. Быть влюбчивым и романтичным. Это естественно.]]",
      "links": [
        {
          "name": "— Для молодого человека нормально испытывать влечение. Быть влюбчивым и романтичным. Это естественно.",
          "link": "— Для молодого человека нормально испытывать влечение. Быть влюбчивым и романтичным. Это естественно.",
          "pid": "68"
        }
      ],
      "name": "— Она прочла мою любовную переписку.",
      "pid": "67",
      "position": {
        "x": "7475",
        "y": "1400"
      },
      "tags": [
        "t:p"
      ]
    },
    {
      "text": "— Для молодого человека нормально испытывать влечение. Быть влюбчивым и романтичным. Это естественно.\n---\n[[— Я не особо по романтике, больше по Ромам.]]",
      "links": [
        {
          "name": "— Я не особо по романтике, больше по Ромам.",
          "link": "— Я не особо по романтике, больше по Ромам.",
          "pid": "69"
        }
      ],
      "name": "— Для молодого человека нормально испытывать влечение. Быть влюбчивым и романтичным. Это естественно.",
      "pid": "68",
      "position": {
        "x": "7650",
        "y": "1400"
      },
      "tags": [
        "t:h"
      ]
    },
    {
      "text": "— Я не особо по романтике, больше по Ромам.\n---\n[[— ..?]]\n[[— Тебе нравятся парни?]]",
      "links": [
        {
          "name": "— ..?",
          "link": "— ..?",
          "pid": "70"
        },
        {
          "name": "— Тебе нравятся парни?",
          "link": "— Тебе нравятся парни?",
          "pid": "101"
        }
      ],
      "name": "— Я не особо по романтике, больше по Ромам.",
      "pid": "69",
      "position": {
        "x": "7825",
        "y": "1400"
      },
      "tags": [
        "t:p",
        "setReaction:teenager-main"
      ]
    },
    {
      "text": "— ..?\n---\n[[— Так моего парня зовут.]]",
      "links": [
        {
          "name": "— Так моего парня зовут.",
          "link": "— Так моего парня зовут.",
          "pid": "71"
        }
      ],
      "name": "— ..?",
      "pid": "70",
      "position": {
        "x": "8000",
        "y": "1400"
      },
      "tags": [
        "t:h"
      ]
    },
    {
      "text": "— Так моего парня зовут.\n---\n[[— Я два года уже понял, что гей и уже давно встречаюсь с парнями. Друзья меня принимают, но близким говорить не хотел. Маме зачем-то понадобился мой планшет. Обычно тру переписку, но с Ромой у нас сообщения каждый час и я не успел просто.]]",
      "links": [
        {
          "name": "— Я два года уже понял, что гей и уже давно встречаюсь с парнями. Друзья меня принимают, но близким говорить не хотел. Маме зачем-то понадобился мой планшет. Обычно тру переписку, но с Ромой у нас сообщения каждый час и я не успел просто.",
          "link": "— Я два года уже понял, что гей и уже давно встречаюсь с парнями. Друзья меня принимают, но близким говорить не хотел. Маме зачем-то понадобился мой планшет. Обычно тру переписку, но с Ромой у нас сообщения каждый час и я не успел просто.",
          "pid": "72"
        }
      ],
      "name": "— Так моего парня зовут.",
      "pid": "71",
      "position": {
        "x": "8175",
        "y": "1400"
      },
      "tags": [
        "t:p"
      ]
    },
    {
      "text": "— Я два года уже понял, что гей и уже давно встречаюсь с парнями. Друзья меня принимают, но близким говорить не хотел. Маме зачем-то понадобился мой планшет. Обычно тру переписку, но с Ромой у нас сообщения каждый час и я не успел просто.\n---\n[[— У нас с мамой никогда не было идеальных отношений. Рука у неё тяжелая. Я стараюсь не бывать дома. И особенно после после дней зарплаты.]]",
      "links": [
        {
          "name": "— У нас с мамой никогда не было идеальных отношений. Рука у неё тяжелая. Я стараюсь не бывать дома. И особенно после после дней зарплаты.",
          "link": "— У нас с мамой никогда не было идеальных отношений. Рука у неё тяжелая. Я стараюсь не бывать дома. И особенно после после дней зарплаты.",
          "pid": "73"
        }
      ],
      "name": "— Я два года уже понял, что гей и уже давно встречаюсь с парнями. Друзья меня принимают, но близким говорить не хотел. Маме зачем-то понадобился мой планшет. Обычно тру переписку, но с Ромой у нас сообщения каждый час и я не успел просто.",
      "pid": "72",
      "position": {
        "x": "8350",
        "y": "1396"
      },
      "tags": [
        "t:p"
      ]
    },
    {
      "text": "— У нас с мамой никогда не было идеальных отношений. Рука у неё тяжелая. Я стараюсь не бывать дома. И особенно после после дней зарплаты.\n---\n[[— Это ужасно. Не представляю, как тебе тяжело. Но все равно не понимаю, почему ты так легко доверился мне? Не боялся?]]",
      "links": [
        {
          "name": "— Это ужасно. Не представляю, как тебе тяжело. Но все равно не понимаю, почему ты так легко доверился мне? Не боялся?",
          "link": "— Это ужасно. Не представляю, как тебе тяжело. Но все равно не понимаю, почему ты так легко доверился мне? Не боялся?",
          "pid": "74"
        }
      ],
      "name": "— У нас с мамой никогда не было идеальных отношений. Рука у неё тяжелая. Я стараюсь не бывать дома. И особенно после после дней зарплаты.",
      "pid": "73",
      "position": {
        "x": "8525",
        "y": "1400"
      },
      "tags": [
        "t:p"
      ]
    },
    {
      "text": "— Это ужасно. Не представляю, как тебе тяжело. Но все равно не понимаю, почему ты так легко доверился мне? Не боялся?\n---\n[[— Я почти уверен, что видел тебя в приложении для знакомств или ЛГБТК+ группе, и поэтому решил рискнуть.]]",
      "links": [
        {
          "name": "— Я почти уверен, что видел тебя в приложении для знакомств или ЛГБТК+ группе, и поэтому решил рискнуть.",
          "link": "— Я почти уверен, что видел тебя в приложении для знакомств или ЛГБТК+ группе, и поэтому решил рискнуть.",
          "pid": "75"
        }
      ],
      "name": "— Это ужасно. Не представляю, как тебе тяжело. Но все равно не понимаю, почему ты так легко доверился мне? Не боялся?",
      "pid": "74",
      "position": {
        "x": "8700",
        "y": "1400"
      },
      "tags": [
        "t:h"
      ]
    },
    {
      "text": "— Я почти уверен, что видел тебя в приложении для знакомств или ЛГБТК+ группе, и поэтому решил рискнуть.\n---\n[[— Тогда понятно. Ложись на кровать Богдана. Ты выглядишь усталым.]]",
      "links": [
        {
          "name": "— Тогда понятно. Ложись на кровать Богдана. Ты выглядишь усталым.",
          "link": "— Тогда понятно. Ложись на кровать Богдана. Ты выглядишь усталым.",
          "pid": "76"
        }
      ],
      "name": "— Я почти уверен, что видел тебя в приложении для знакомств или ЛГБТК+ группе, и поэтому решил рискнуть.",
      "pid": "75",
      "position": {
        "x": "8875",
        "y": "1400"
      },
      "tags": [
        "t:p"
      ]
    },
    {
      "text": "— Тогда понятно. Ложись на кровать Богдана. Ты выглядишь усталым.\n---\n[[Вы и ваш гость легли спать. Под утро юноша разбудил вас.]]",
      "links": [
        {
          "name": "Вы и ваш гость легли спать. Под утро юноша разбудил вас.",
          "link": "Вы и ваш гость легли спать. Под утро юноша разбудил вас.",
          "pid": "77"
        }
      ],
      "name": "— Тогда понятно. Ложись на кровать Богдана. Ты выглядишь усталым.",
      "pid": "76",
      "position": {
        "x": "9050",
        "y": "1400"
      },
      "tags": [
        "t:h"
      ]
    },
    {
      "text": "<i>Вы и ваш гость легли спать. Под утро юноша разбудил вас.</i>\n---\n[[— Проснись!]]",
      "links": [
        {
          "name": "— Проснись!",
          "link": "— Проснись!",
          "pid": "78"
        }
      ],
      "name": "Вы и ваш гость легли спать. Под утро юноша разбудил вас.",
      "pid": "77",
      "position": {
        "x": "9225",
        "y": "1400"
      },
      "tags": [
        "t:p"
      ]
    },
    {
      "text": "— Проснись!\n---\n[[— Можно в туалет выйти?]]",
      "links": [
        {
          "name": "— Можно в туалет выйти?",
          "link": "— Можно в туалет выйти?",
          "pid": "79"
        }
      ],
      "name": "— Проснись!",
      "pid": "78",
      "position": {
        "x": "9400",
        "y": "1400"
      },
      "tags": [
        "t:p"
      ]
    },
    {
      "text": "— Можно в туалет выйти?\n---\n[[— Ты не можешь потерпеть? Поспи еще.]]\n[[— Направо по коридору, последняя дверь. Только, плиз, тихо-осторожно. Не нарвись на кого.]]",
      "links": [
        {
          "name": "— Ты не можешь потерпеть? Поспи еще.",
          "link": "— Ты не можешь потерпеть? Поспи еще.",
          "pid": "80"
        },
        {
          "name": "— Направо по коридору, последняя дверь. Только, плиз, тихо-осторожно. Не нарвись на кого.",
          "link": "— Направо по коридору, последняя дверь. Только, плиз, тихо-осторожно. Не нарвись на кого.",
          "pid": "84"
        }
      ],
      "name": "— Можно в туалет выйти?",
      "pid": "79",
      "position": {
        "x": "9575",
        "y": "1400"
      },
      "tags": [
        "t:p"
      ]
    },
    {
      "text": "— Ты не можешь потерпеть? Поспи еще.\n---\n[[Совет1]]",
      "links": [
        {
          "name": "Совет1",
          "link": "Совет1",
          "pid": "92"
        }
      ],
      "name": "— Ты не можешь потерпеть? Поспи еще.",
      "pid": "80",
      "position": {
        "x": "9750",
        "y": "1400"
      },
      "tags": [
        "t:h"
      ]
    },
    {
      "text": "— Нет никак. Сейчас лопну.\n---\n[[— О боги, какая ты маленькая большая заноза.]]",
      "links": [
        {
          "name": "— О боги, какая ты маленькая большая заноза.",
          "link": "— О боги, какая ты маленькая большая заноза.",
          "pid": "82"
        }
      ],
      "name": "— Нет никак. Сейчас лопну.",
      "pid": "81",
      "position": {
        "x": "10100",
        "y": "1400"
      },
      "tags": [
        "t:p"
      ]
    },
    {
      "text": "— О боги, какая ты маленькая большая заноза.\n---\n[[— Так куда мне бежать?]]",
      "links": [
        {
          "name": "— Так куда мне бежать?",
          "link": "— Так куда мне бежать?",
          "pid": "83"
        }
      ],
      "name": "— О боги, какая ты маленькая большая заноза.",
      "pid": "82",
      "position": {
        "x": "10275",
        "y": "1400"
      },
      "tags": [
        "t:h"
      ]
    },
    {
      "text": "— Так куда мне бежать?\n---\n[[— Направо по коридору, последняя дверь. Только, плиз, тихо-осторожно. Не нарвись на кого.]]",
      "links": [
        {
          "name": "— Направо по коридору, последняя дверь. Только, плиз, тихо-осторожно. Не нарвись на кого.",
          "link": "— Направо по коридору, последняя дверь. Только, плиз, тихо-осторожно. Не нарвись на кого.",
          "pid": "84"
        }
      ],
      "name": "— Так куда мне бежать?",
      "pid": "83",
      "position": {
        "x": "10446",
        "y": "1396"
      },
      "tags": [
        "t:p"
      ]
    },
    {
      "text": "— Направо по коридору, последняя дверь. Только, плиз, тихо-осторожно. Не нарвись на кого.\n---\n[[— Вы лежите в кровати и пытаетесь уснуть. Проходит минут десять, парень не возвращается, в коридоре становится шумно для ранннего утра. Вы выходите посмотреть, что происходит и видите, что заведующая держит за руку вашего нового знакомого.]]",
      "links": [
        {
          "name": "— Вы лежите в кровати и пытаетесь уснуть. Проходит минут десять, парень не возвращается, в коридоре становится шумно для ранннего утра. Вы выходите посмотреть, что происходит и видите, что заведующая держит за руку вашего нового знакомого.",
          "link": "— Вы лежите в кровати и пытаетесь уснуть. Проходит минут десять, парень не возвращается, в коридоре становится шумно для ранннего утра. Вы выходите посмотреть, что происходит и видите, что заведующая держит за руку вашего нового знакомого.",
          "pid": "85"
        }
      ],
      "name": "— Направо по коридору, последняя дверь. Только, плиз, тихо-осторожно. Не нарвись на кого.",
      "pid": "84",
      "position": {
        "x": "10609",
        "y": "1312"
      },
      "tags": [
        "t:h",
        "startVideo:teenager2"
      ]
    },
    {
      "text": "— Вы лежите в кровати и пытаетесь уснуть. Проходит минут десять, парень не возвращается, в коридоре становится шумно для ранннего утра. Вы выходите посмотреть, что происходит и видите, что заведующая держит за руку вашего нового знакомого.\n---\n[[— Вы получили выговор за нарушение правил общежития.]]",
      "links": [
        {
          "name": "— Вы получили выговор за нарушение правил общежития.",
          "link": "— Вы получили выговор за нарушение правил общежития.",
          "pid": "86"
        }
      ],
      "name": "— Вы лежите в кровати и пытаетесь уснуть. Проходит минут десять, парень не возвращается, в коридоре становится шумно для ранннего утра. Вы выходите посмотреть, что происходит и видите, что заведующая держит за руку вашего нового знакомого.",
      "pid": "85",
      "position": {
        "x": "10800",
        "y": "1375"
      },
      "tags": [
        "t:p"
      ]
    },
    {
      "text": "— Вы получили выговор за нарушение правил общежития.\n---\n[[Совет]]",
      "links": [
        {
          "name": "Совет",
          "link": "Совет",
          "pid": "87"
        }
      ],
      "name": "— Вы получили выговор за нарушение правил общежития.",
      "pid": "86",
      "position": {
        "x": "10971",
        "y": "1321"
      },
      "tags": [
        "t:p"
      ]
    },
    {
      "text": "{adviceId=110}\nМногие молодые люди находятся в сильной зависимости от родителей. В том числе ЛГБТК+ подростки, которые при этом ещё являются одной из самых уязвимых социальных групп. К сожалению, помощь подросткам очень щекотливая тема. Например, ЛГБТК+ организации нередко опасаются или не могут помочь молодым людям по причинам гомофобного законодательства или пристального внимания к их деятельности властей. Помощь другим людям стоит соотносить с вашими возможностями. Если вы помогаете другому, сильно рискуя своим здоровьем и благополучием, то вы можете получить вместо одного несчастного двоих.\n---\n[[Диалог окончен. Вы можете вернуться на главный экран.]]",
      "links": [
        {
          "name": "Диалог окончен. Вы можете вернуться на главный экран.",
          "link": "Диалог окончен. Вы можете вернуться на главный экран.",
          "pid": "96"
        }
      ],
      "name": "Совет",
      "pid": "87",
      "position": {
        "x": "6225",
        "y": "900"
      },
      "tags": [
        "t:f"
      ]
    },
    {
      "text": "— Спасибо!\n---\n[[— Я не буду тебе мешать. На полу полежу, главное не на улице.]]",
      "links": [
        {
          "name": "— Я не буду тебе мешать. На полу полежу, главное не на улице.",
          "link": "— Я не буду тебе мешать. На полу полежу, главное не на улице.",
          "pid": "43"
        }
      ],
      "name": "— Спасибо!",
      "pid": "88",
      "position": {
        "x": "3775",
        "y": "1800"
      },
      "tags": [
        "t:p",
        "setReaction:teenager-main"
      ]
    },
    {
      "text": "— Извини, парень. Я тебе не доверяю. Возвращайся домой или иди в милицию.\n---\n[[— Пожалуйста! Я не вру. Ты, возможно, последний мой шанс не провести ночь на улице.]]",
      "links": [
        {
          "name": "— Пожалуйста! Я не вру. Ты, возможно, последний мой шанс не провести ночь на улице.",
          "link": "— Пожалуйста! Я не вру. Ты, возможно, последний мой шанс не провести ночь на улице.",
          "pid": "48"
        }
      ],
      "name": "— Извини, парень. Я тебе не доверяю. Возвращайся домой или иди в милицию.",
      "pid": "89",
      "position": {
        "x": "3921",
        "y": "1550"
      },
      "tags": [
        "t:h"
      ]
    },
    {
      "text": "— У меня нет больше родственников в этом городе и друзья без своего жилья.\n---\n[[— Что именно случилось? За что тебя выгнали?]]",
      "links": [
        {
          "name": "— Что именно случилось? За что тебя выгнали?",
          "link": "— Что именно случилось? За что тебя выгнали?",
          "pid": "53"
        }
      ],
      "name": "— У меня нет больше родственников в этом городе и друзья без своего жилья.",
      "pid": "90",
      "position": {
        "x": "5050",
        "y": "1650"
      },
      "tags": [
        "t:p"
      ]
    },
    {
      "text": "— Мать меня избила. И не в первый раз. Она постоянно находит причины меня бить. Но сегодня просто взбесилась.\n---\n[[— Что произошло?]]",
      "links": [
        {
          "name": "— Что произошло?",
          "link": "— Что произошло?",
          "pid": "66"
        }
      ],
      "name": "— Мать меня избила. И не в первый раз. Она постоянно находит причины меня бить. Но сегодня просто взбесилась.",
      "pid": "91",
      "position": {
        "x": "7125",
        "y": "1404"
      },
      "tags": [
        "t:p",
        "setReaction:teenager-crying"
      ]
    },
    {
      "text": "{adviceId=120,show=0}\nТерпеть не самое здоровое решение. Тем более, не стоит советовать терпеть другим.\n---\n[[— Нет никак. Сейчас лопну.]]",
      "links": [
        {
          "name": "— Нет никак. Сейчас лопну.",
          "link": "— Нет никак. Сейчас лопну.",
          "pid": "81"
        }
      ],
      "name": "Совет1",
      "pid": "92",
      "position": {
        "x": "9925",
        "y": "1400"
      },
      "tags": [
        "t:f"
      ]
    },
    {
      "text": "— Переночевать пустишь?\n---\n[[— Мне правда нет дела до твоих проблем.]]\n[[— Не получится. Живу в общаге. Нам студентам запрещено приводить людей на ночь. Мне будет выговор или того хуже.]]\n[[— Хорошо. Живу здесь недалеко в общаге. Пущу тебя через окно. Ты же понимаешь про комендантский час?]]\n",
      "links": [
        {
          "name": "— Мне правда нет дела до твоих проблем.",
          "link": "— Мне правда нет дела до твоих проблем.",
          "pid": "39"
        },
        {
          "name": "— Не получится. Живу в общаге. Нам студентам запрещено приводить людей на ночь. Мне будет выговор или того хуже.",
          "link": "— Не получится. Живу в общаге. Нам студентам запрещено приводить людей на ночь. Мне будет выговор или того хуже.",
          "pid": "40"
        },
        {
          "name": "— Хорошо. Живу здесь недалеко в общаге. Пущу тебя через окно. Ты же понимаешь про комендантский час?",
          "link": "— Хорошо. Живу здесь недалеко в общаге. Пущу тебя через окно. Ты же понимаешь про комендантский час?",
          "pid": "41"
        }
      ],
      "name": "— Переночевать пустишь?",
      "pid": "93",
      "position": {
        "x": "2250",
        "y": "2050"
      },
      "tags": [
        "t:p"
      ]
    },
    {
      "text": "— Хорошо.\n---\n[[— Пусти к себе, умоляю!]]\n",
      "links": [
        {
          "name": "— Пусти к себе, умоляю!",
          "link": "— Пусти к себе, умоляю!",
          "pid": "95"
        }
      ],
      "name": "— Хорошо.",
      "pid": "94",
      "position": {
        "x": "2700",
        "y": "875"
      },
      "tags": [
        "t:h"
      ]
    },
    {
      "text": "— Пусти к себе, умоляю!\n---\n[[— Мне правда нет дела до твоих проблем.]]\n[[— Не получится. Живу в общаге. Нам студентам запрещено приводить людей на ночь. Мне будет выговор или того хуже.]]\n[[— Хорошо. Живу здесь недалеко в общаге. Пущу тебя через окно. Ты же понимаешь про комендантский час?]]",
      "links": [
        {
          "name": "— Мне правда нет дела до твоих проблем.",
          "link": "— Мне правда нет дела до твоих проблем.",
          "pid": "39"
        },
        {
          "name": "— Не получится. Живу в общаге. Нам студентам запрещено приводить людей на ночь. Мне будет выговор или того хуже.",
          "link": "— Не получится. Живу в общаге. Нам студентам запрещено приводить людей на ночь. Мне будет выговор или того хуже.",
          "pid": "40"
        },
        {
          "name": "— Хорошо. Живу здесь недалеко в общаге. Пущу тебя через окно. Ты же понимаешь про комендантский час?",
          "link": "— Хорошо. Живу здесь недалеко в общаге. Пущу тебя через окно. Ты же понимаешь про комендантский час?",
          "pid": "41"
        }
      ],
      "name": "— Пусти к себе, умоляю!",
      "pid": "95",
      "position": {
        "x": "2875",
        "y": "950"
      },
      "tags": [
        "t:p",
        "setReaction:teenager-crying"
      ]
    },
    {
      "text": "<i>Диалог окончен. Вы можете вернуться на главный экран.</i>",
      "name": "Диалог окончен. Вы можете вернуться на главный экран.",
      "pid": "96",
      "position": {
        "x": "6350",
        "y": "725"
      },
      "tags": [
        "t:p"
      ]
    },
    {
      "text": "— Меня кстати Арчи зовут. Арчи Замерзающий.\n---\n[[— Что ты здесь делаешь?]]",
      "links": [
        {
          "name": "— Что ты здесь делаешь?",
          "link": "— Что ты здесь делаешь?",
          "pid": "8"
        }
      ],
      "name": "— Меня кстати Арчи зовут. Арчи Замерзающий.",
      "pid": "97",
      "position": {
        "x": "925",
        "y": "450"
      },
      "tags": [
        "t:p"
      ]
    },
    {
      "text": "— Ладно. Спасибо, дядя, за остановку на нашей станции Скамеечная. Я-то думал, что свои своих в беде не бросают. Козёл ты! — и парень быстрым шагом пошёл прочь.\n---\n[[— Хорошо. Живу здесь недалеко в общаге. Пущу тебя через окно. Ты же понимаешь про комендантский час?]]\n[[Пойти к общаге.]]",
      "links": [
        {
          "name": "— Хорошо. Живу здесь недалеко в общаге. Пущу тебя через окно. Ты же понимаешь про комендантский час?",
          "link": "— Хорошо. Живу здесь недалеко в общаге. Пущу тебя через окно. Ты же понимаешь про комендантский час?",
          "pid": "41"
        },
        {
          "name": "Пойти к общаге.",
          "link": "Пойти к общаге.",
          "pid": "99"
        }
      ],
      "name": "— Ладно. Спасибо, дядя, за остановку на нашей станции Скамеечная. Я-то думал, что свои своих в беде не бросают. Козёл ты! - и парень быстрым шагом пошёл прочь.",
      "pid": "98",
      "position": {
        "x": "4850",
        "y": "975"
      },
      "tags": [
        "t:p",
        "setReaction:teenager-crying"
      ]
    },
    {
      "text": "<i>Пойти к общаге.</i>\n---\n[[Вы тяжело вздохнули и пошли к общаге.]]",
      "links": [
        {
          "name": "Вы тяжело вздохнули и пошли к общаге.",
          "link": "Вы тяжело вздохнули и пошли к общаге.",
          "pid": "100"
        }
      ],
      "name": "Пойти к общаге.",
      "pid": "99",
      "position": {
        "x": "5075",
        "y": "950"
      },
      "tags": [
        "t:h"
      ]
    },
    {
      "text": "<i>Вы тяжело вздохнули и пошли к общаге.</i>\n---\n[[Совет]]",
      "links": [
        {
          "name": "Совет",
          "link": "Совет",
          "pid": "87"
        }
      ],
      "name": "Вы тяжело вздохнули и пошли к общаге.",
      "pid": "100",
      "position": {
        "x": "5325",
        "y": "925"
      },
      "tags": [
        "t:p"
      ]
    },
    {
      "text": "— Тебе нравятся парни?\n---\n[[— Да. Сейчас с Ромкой мучу.]]",
      "links": [
        {
          "name": "— Да. Сейчас с Ромкой мучу.",
          "link": "— Да. Сейчас с Ромкой мучу.",
          "pid": "102"
        }
      ],
      "name": "— Тебе нравятся парни?",
      "pid": "101",
      "position": {
        "x": "7985",
        "y": "1631"
      },
      "tags": [
        "t:h"
      ]
    },
    {
      "text": "— Да. Сейчас с Ромкой мучу.\n---\n[[— Я два года уже понял, что гей и уже давно встречаюсь с парнями. Друзья меня принимают, но близким говорить не хотел. Маме зачем-то понадобился мой планшет. Обычно тру переписку, но с Ромой у нас сообщения каждый час и я не успел просто.]]",
      "links": [
        {
          "name": "— Я два года уже понял, что гей и уже давно встречаюсь с парнями. Друзья меня принимают, но близким говорить не хотел. Маме зачем-то понадобился мой планшет. Обычно тру переписку, но с Ромой у нас сообщения каждый час и я не успел просто.",
          "link": "— Я два года уже понял, что гей и уже давно встречаюсь с парнями. Друзья меня принимают, но близким говорить не хотел. Маме зачем-то понадобился мой планшет. Обычно тру переписку, но с Ромой у нас сообщения каждый час и я не успел просто.",
          "pid": "72"
        }
      ],
      "name": "— Да. Сейчас с Ромкой мучу.",
      "pid": "102",
      "position": {
        "x": "8316",
        "y": "1847"
      },
      "tags": [
        "t:p"
      ]
    }
  ],
  "name": "Несовершеннолетний",
  "startnode": "1",
  "creator": "Twine",
  "creator-version": "2.3.14",
  "ifid": "9F450FD2-0639-4463-8A20-A2E93F1E8F1A"
}