{
  "passages": [
    {
      "text": "— Тут для тебя новая информация. Внемли! По моим данным ты скоро поедешь домой к родителям. У тебя будет возможность им признаться или же не делать камин-аут. Напомню! Кто бы что тебе в уши ни вливал - окончательное решение за тобой и последствия тебе придётся расхлёбывать. Перед финальной битвой подумай, хочешь ли ещё с кем побеседовать. У тебя пока есть возможность поговорить с теми, с кем ты не общался и узнать что-то полезное.\n---\n[[— Финальной битвой?]]",
      "links": [
        {
          "name": "— Финальной битвой?",
          "link": "— Финальной битвой?",
          "pid": "2"
        }
      ],
      "name": "Единорог",
      "pid": "1",
      "position": {
        "x": "299",
        "y": "200"
      },
      "tags": [
        "t:sp"
      ]
    },
    {
      "text": "— Финальной битвой?\n---\n[[— Так у радужных единорогов называют попытку конструктивного разговора с менее радужными единорогами.]]",
      "links": [
        {
          "name": "— Так у радужных единорогов называют попытку конструктивного разговора с менее радужными единорогами.",
          "link": "— Так у радужных единорогов называют попытку конструктивного разговора с менее радужными единорогами.",
          "pid": "3"
        }
      ],
      "name": "— Финальной битвой?",
      "pid": "2",
      "position": {
        "x": "500",
        "y": "200"
      },
      "tags": [
        "t:h"
      ]
    },
    {
      "text": "— Так у радужных единорогов называют попытку конструктивного разговора с менее радужными единорогами.\n---\n[[— Понятно.]]\n[[— Я подумаю. Пожалуй, стоит подготовиться получше.]]\n[[— Спасибо за информацию. Я сам решу, когда стоит поговорить с близкими.]]",
      "links": [
        {
          "name": "— Понятно.",
          "link": "— Понятно.",
          "pid": "5"
        },
        {
          "name": "— Я подумаю. Пожалуй, стоит подготовиться получше.",
          "link": "— Я подумаю. Пожалуй, стоит подготовиться получше.",
          "pid": "6"
        },
        {
          "name": "— Спасибо за информацию. Я сам решу, когда стоит поговорить с близкими.",
          "link": "— Спасибо за информацию. Я сам решу, когда стоит поговорить с близкими.",
          "pid": "7"
        }
      ],
      "name": "— Так у радужных единорогов называют попытку конструктивного разговора с менее радужными единорогами.",
      "pid": "3",
      "position": {
        "x": "700",
        "y": "200"
      },
      "tags": [
        "t:p"
      ]
    },
    {
      "text": "<i>Диалог окончен. Вы можете вернуться на главный экран.</i>",
      "name": "Диалог окончен. Вы можете вернуться на главный экран.",
      "pid": "4",
      "position": {
        "x": "700",
        "y": "800"
      },
      "tags": [
        "t:p",
        "unlockPerson:24"
      ]
    },
    {
      "text": "— Понятно.\n---\n[[— Рад быть полезен.]]",
      "links": [
        {
          "name": "— Рад быть полезен.",
          "link": "— Рад быть полезен.",
          "pid": "8"
        }
      ],
      "name": "— Понятно.",
      "pid": "5",
      "position": {
        "x": "525",
        "y": "400"
      },
      "tags": [
        "t:h"
      ]
    },
    {
      "text": "— Я подумаю. Пожалуй, стоит подготовиться получше.\n---\n[[— Конечно. Выбирай лучшее для себя решение.]]",
      "links": [
        {
          "name": "— Конечно. Выбирай лучшее для себя решение.",
          "link": "— Конечно. Выбирай лучшее для себя решение.",
          "pid": "9"
        }
      ],
      "name": "— Я подумаю. Пожалуй, стоит подготовиться получше.",
      "pid": "6",
      "position": {
        "x": "700",
        "y": "400"
      },
      "tags": [
        "t:h"
      ]
    },
    {
      "text": "— Спасибо за информацию. Я сам решу, когда стоит поговорить с близкими.\n---\n[[— Конечно. Выбирай лучшее для себя решение.]]",
      "links": [
        {
          "name": "— Конечно. Выбирай лучшее для себя решение.",
          "link": "— Конечно. Выбирай лучшее для себя решение.",
          "pid": "9"
        }
      ],
      "name": "— Спасибо за информацию. Я сам решу, когда стоит поговорить с близкими.",
      "pid": "7",
      "position": {
        "x": "900",
        "y": "400"
      },
      "tags": [
        "t:h"
      ]
    },
    {
      "text": "— Рад быть полезен.\n---\n[[Диалог окончен. Вы можете вернуться на главный экран.]]",
      "links": [
        {
          "name": "Диалог окончен. Вы можете вернуться на главный экран.",
          "link": "Диалог окончен. Вы можете вернуться на главный экран.",
          "pid": "4"
        }
      ],
      "name": "— Рад быть полезен.",
      "pid": "8",
      "position": {
        "x": "550",
        "y": "600"
      },
      "tags": [
        "t:p"
      ]
    },
    {
      "text": "— Конечно. Выбирай лучшее для себя решение.\n---\n[[Диалог окончен. Вы можете вернуться на главный экран.]]",
      "links": [
        {
          "name": "Диалог окончен. Вы можете вернуться на главный экран.",
          "link": "Диалог окончен. Вы можете вернуться на главный экран.",
          "pid": "4"
        }
      ],
      "name": "— Конечно. Выбирай лучшее для себя решение.",
      "pid": "9",
      "position": {
        "x": "775",
        "y": "600"
      },
      "tags": [
        "t:p"
      ]
    }
  ],
  "name": "Единорог",
  "startnode": "1",
  "creator": "Twine",
  "creator-version": "2.3.13",
  "ifid": "7EA352B8-8DFC-4AF2-B4C9-755520E9D485"
}